invoice_id,invoice_date,customer_id,customer_name,customer_tier,salesperson,sku,product_category,qty,unit_cost,matrix_price,unit_price,extended_price,price_approval
INV-50001,2026-08-17,C1001,Blue Ridge Building Services,A,M. Dunn,WIR-1022,Wire & Cable,5,83.06,98.38,97.73,488.65,
INV-50001,2026-08-17,C1001,Blue Ridge Building Services,A,M. Dunn,BRE-1015,Breakers & Panels,5,93.54,113.93,113.43,567.15,
INV-50001,2026-08-17,C1001,Blue Ridge Building Services,A,M. Dunn,BRE-1007,Breakers & Panels,5,24.67,31.43,31.16,155.8,
INV-50001,2026-08-17,C1001,Blue Ridge Building Services,A,M. Dunn,HVA-1001,HVAC Equipment,3,1321.74,1471.69,1477.38,4432.14,
INV-50002,2026-08-31,C1015,Bull Run Power Systems,A,R. Alvarez,WIR-1029,Wire & Cable,11,61.38,69.11,68.89,757.79,
INV-50002,2026-08-31,C1015,Bull Run Power Systems,A,R. Alvarez,WIR-1021,Wire & Cable,14,162.13,187.66,188.22,2635.08,
INV-50002,2026-08-31,C1015,Bull Run Power Systems,A,R. Alvarez,LIG-1024,Lighting,11,41.61,51.34,51.85,570.35,
INV-50002,2026-08-31,C1015,Bull Run Power Systems,A,R. Alvarez,HVA-1011,HVAC Parts,22,8.86,11.51,11.47,252.34,
INV-50003,2026-09-12,C1049,Dulles Heating & Air,B,K. Foster,BRE-1026,Breakers & Panels,13,12.67,16.4,16.29,211.77,
INV-50003,2026-09-12,C1049,Dulles Heating & Air,B,K. Foster,HVA-1025,HVAC Equipment,1,435.7,521.87,516.69,516.69,
INV-50004,2026-07-31,C1007,Bull Run Building Services,A,M. Dunn,CON-1005,Conduit & Fittings,11,4.97,6.45,6.44,70.84,
INV-50004,2026-07-31,C1007,Bull Run Building Services,A,M. Dunn,BRE-1022,Breakers & Panels,12,51.87,65.5,64.93,779.16,
INV-50005,2026-08-24,C1013,Bull Run HVAC Services,A,D. Brooks,HVA-1032,HVAC Parts,2,40.36,49.89,50.01,100.02,
INV-50005,2026-08-24,C1013,Bull Run HVAC Services,A,D. Brooks,LIG-1008,Lighting,14,37.77,44.8,44.84,627.76,
INV-50005,2026-08-24,C1013,Bull Run HVAC Services,A,D. Brooks,HVA-1034,HVAC Equipment,2,1666.74,1813.14,1824.02,3648.04,
INV-50005,2026-08-24,C1013,Bull Run HVAC Services,A,D. Brooks,WIR-1032,Wire & Cable,9,294.58,333.89,333.19,2998.71,
INV-50005,2026-08-24,C1013,Bull Run HVAC Services,A,D. Brooks,LIG-1005,Lighting,29,24.04,30.42,30.35,880.15,
INV-50006,2026-08-25,C1085,Occoquan HVAC Services,C,T. Chen,BRE-1008,Breakers & Panels,5,67.45,93.46,93.69,468.45,
INV-50006,2026-08-25,C1085,Occoquan HVAC Services,C,T. Chen,BRE-1007,Breakers & Panels,22,24.67,37.33,37.05,815.1,
INV-50006,2026-08-25,C1085,Occoquan HVAC Services,C,T. Chen,HVA-1018,HVAC Equipment,1,798.66,1035.9,1031.9,1031.9,
INV-50007,2026-08-11,C1038,Chantilly Energy Group,B,S. Evans,LIG-1004,Lighting,15,64.29,86.85,87.18,1307.7,
INV-50007,2026-08-11,C1038,Chantilly Energy Group,B,S. Evans,HVA-1032,HVAC Parts,16,40.36,54.88,55.21,883.36,
INV-50007,2026-08-11,C1038,Chantilly Energy Group,B,S. Evans,HVA-1013,HVAC Equipment,1,1860.42,2216.35,2209.73,2209.73,
INV-50007,2026-08-11,C1038,Chantilly Energy Group,B,S. Evans,BRE-1020,Breakers & Panels,1,33.52,45.36,45.24,45.24,
INV-50008,2026-09-11,C1011,Bull Run Electrical Co.,A,D. Brooks,LIG-1019,Lighting,2,22.4,27.44,27.43,54.86,
INV-50008,2026-09-11,C1011,Bull Run Electrical Co.,A,D. Brooks,CON-1003,Conduit & Fittings,18,2.25,3.01,3.01,54.18,
INV-50008,2026-09-11,C1011,Bull Run Electrical Co.,A,D. Brooks,WIR-1029,Wire & Cable,4,61.38,69.11,69.25,277.0,
INV-50008,2026-09-11,C1011,Bull Run Electrical Co.,A,D. Brooks,HVA-1016,HVAC Equipment,1,1182.28,1240.67,1148.21,1148.21,VERBAL
INV-50009,2026-08-26,C1044,Dulles Comfort Systems,B,K. Foster,LIG-1033,Lighting,10,27.69,38.57,38.64,386.4,
INV-50009,2026-08-26,C1044,Dulles Comfort Systems,B,K. Foster,LIG-1016,Lighting,4,90.5,121.68,122.78,491.12,
INV-50009,2026-08-26,C1044,Dulles Comfort Systems,B,K. Foster,CON-1032,Conduit & Fittings,35,22.74,32.77,33.06,1157.1,
INV-50009,2026-08-26,C1044,Dulles Comfort Systems,B,K. Foster,HVA-1031,HVAC Equipment,1,1021.28,1244.98,1234.09,1234.09,
INV-50009,2026-08-26,C1044,Dulles Comfort Systems,B,K. Foster,CON-1006,Conduit & Fittings,15,6.73,9.5,9.59,143.85,
INV-50010,2026-07-07,C1023,Burke Mechanical,B,D. Brooks,HVA-1002,HVAC Parts,5,33.4,43.53,43.19,215.95,
INV-50010,2026-07-07,C1023,Burke Mechanical,B,D. Brooks,WIR-1002,Wire & Cable,22,152.66,196.76,177.46,3904.12,
INV-50010,2026-07-07,C1023,Burke Mechanical,B,D. Brooks,HVA-1033,HVAC Equipment,1,1194.8,1414.73,1417.98,1417.98,
INV-50011,2026-09-14,C1011,Bull Run Electrical Co.,A,D. Brooks,BRE-1010,Breakers & Panels,5,41.23,47.63,43.93,219.65,
INV-50011,2026-09-14,C1011,Bull Run Electrical Co.,A,D. Brooks,BRE-1030,Breakers & Panels,9,12.43,14.46,14.42,129.78,
INV-50011,2026-09-14,C1011,Bull Run Electrical Co.,A,D. Brooks,BRE-1031,Breakers & Panels,1,33.11,39.01,38.81,38.81,
INV-50011,2026-09-14,C1011,Bull Run Electrical Co.,A,D. Brooks,HVA-1009,HVAC Equipment,2,1188.73,1325.22,1331.26,2662.52,
INV-50012,2026-08-11,C1006,Blue Ridge Heating & Air,A,M. Dunn,HVA-1021,HVAC Equipment,1,2137.62,2253.05,2247.48,2247.48,
INV-50012,2026-08-11,C1006,Blue Ridge Heating & Air,A,M. Dunn,LIG-1023,Lighting,16,160.88,209.87,209.13,3346.08,
INV-50012,2026-08-11,C1006,Blue Ridge Heating & Air,A,M. Dunn,WIR-1003,Wire & Cable,11,52.37,58.81,58.63,644.93,
INV-50012,2026-08-11,C1006,Blue Ridge Heating & Air,A,M. Dunn,CON-1014,Conduit & Fittings,5,6.03,7.99,7.47,37.35,MGR
INV-50013,2026-07-05,C1034,Cardinal Power Systems,B,K. Foster,HVA-1017,HVAC Parts,3,13.44,18.89,18.81,56.43,
INV-50013,2026-07-05,C1034,Cardinal Power Systems,B,K. Foster,HVA-1001,HVAC Parts,3,24.8,31.97,31.69,95.07,
INV-50014,2026-08-14,C1003,Blue Ridge Electric,A,D. Brooks,HVA-1014,HVAC Equipment,1,1053.64,1107.8,1110.29,1110.29,
INV-50014,2026-08-14,C1003,Blue Ridge Electric,A,D. Brooks,HVA-1014,HVAC Equipment,3,1053.64,1107.8,1112.11,3336.33,
INV-50014,2026-08-14,C1003,Blue Ridge Electric,A,D. Brooks,WIR-1026,Wire & Cable,10,42.97,50.31,50.4,504.0,
INV-50014,2026-08-14,C1003,Blue Ridge Electric,A,D. Brooks,LIG-1027,Lighting,2,15.54,19.44,19.57,39.14,
INV-50014,2026-08-14,C1003,Blue Ridge Electric,A,D. Brooks,HVA-1013,HVAC Parts,8,12.39,14.87,15.0,120.0,
INV-50014,2026-08-14,C1003,Blue Ridge Electric,A,D. Brooks,HVA-1033,HVAC Parts,7,37.29,43.79,43.4,303.8,
INV-50015,2026-09-05,C1012,Bull Run Energy Group,A,D. Brooks,HVA-1011,HVAC Equipment,1,620.35,679.34,678.71,678.71,
INV-50015,2026-09-05,C1012,Bull Run Energy Group,A,D. Brooks,HVA-1030,HVAC Parts,4,7.81,9.82,9.14,36.56,MGR
INV-50015,2026-09-05,C1012,Bull Run Energy Group,A,D. Brooks,WIR-1032,Wire & Cable,5,294.58,333.89,335.5,1677.5,
INV-50016,2026-08-09,C1007,Bull Run Building Services,A,M. Dunn,HVA-1015,HVAC Parts,8,173.58,204.49,206.07,1648.56,
INV-50016,2026-08-09,C1007,Bull Run Building Services,A,M. Dunn,LIG-1026,Lighting,3,15.8,19.67,19.5,58.5,
INV-50016,2026-08-09,C1007,Bull Run Building Services,A,M. Dunn,LIG-1021,Lighting,9,183.41,239.04,239.29,2153.61,
INV-50017,2026-08-06,C1012,Bull Run Energy Group,A,D. Brooks,CON-1035,Conduit & Fittings,5,50.27,68.94,69.2,346.0,
INV-50017,2026-08-06,C1012,Bull Run Energy Group,A,D. Brooks,LIG-1017,Lighting,4,36.9,44.1,43.88,175.52,
INV-50017,2026-08-06,C1012,Bull Run Energy Group,A,D. Brooks,BRE-1028,Breakers & Panels,6,83.36,96.84,96.24,577.44,
INV-50017,2026-08-06,C1012,Bull Run Energy Group,A,D. Brooks,LIG-1020,Lighting,5,23.46,28.31,28.36,141.8,
INV-50018,2026-09-05,C1013,Bull Run HVAC Services,A,D. Brooks,CON-1034,Conduit & Fittings,31,17.7,22.0,22.19,687.89,
INV-50018,2026-09-05,C1013,Bull Run HVAC Services,A,D. Brooks,BRE-1002,Breakers & Panels,3,117.95,145.32,146.16,438.48,
INV-50019,2026-08-07,C1005,Blue Ridge Energy Group,A,M. Dunn,BRE-1030,Breakers & Panels,2,12.43,14.46,14.4,28.8,
INV-50019,2026-08-07,C1005,Blue Ridge Energy Group,A,M. Dunn,HVA-1035,HVAC Equipment,1,1183.06,1277.44,1269.84,1269.84,
INV-50020,2026-08-08,C1002,Blue Ridge Comfort Systems,A,S. Evans,WIR-1007,Wire & Cable,8,157.76,179.99,179.1,1432.8,
INV-50020,2026-08-08,C1002,Blue Ridge Comfort Systems,A,S. Evans,HVA-1034,HVAC Parts,4,21.98,27.16,27.29,109.16,
INV-50020,2026-08-08,C1002,Blue Ridge Comfort Systems,A,S. Evans,LIG-1019,Lighting,26,22.4,27.44,27.44,713.44,
INV-50021,2026-07-06,C1046,Dulles Electrical Co.,B,K. Foster,HVA-1022,HVAC Equipment,1,465.16,537.74,538.19,538.19,
INV-50021,2026-07-06,C1046,Dulles Electrical Co.,B,K. Foster,HVA-1018,HVAC Equipment,1,798.66,959.57,960.29,960.29,
INV-50021,2026-07-06,C1046,Dulles Electrical Co.,B,K. Foster,HVA-1018,HVAC Equipment,3,798.66,959.57,950.37,2851.11,
INV-50021,2026-07-06,C1046,Dulles Electrical Co.,B,K. Foster,HVA-1030,HVAC Equipment,1,1433.65,1692.99,1692.08,1692.08,
INV-50021,2026-07-06,C1046,Dulles Electrical Co.,B,K. Foster,HVA-1021,HVAC Equipment,1,2137.62,2478.35,2464.75,2464.75,
INV-50022,2026-08-26,C1117,Shenandoah HVAC Services,C,S. Evans,WIR-1002,Wire & Cable,6,152.66,212.41,211.96,1271.76,
INV-50022,2026-08-26,C1117,Shenandoah HVAC Services,C,S. Evans,HVA-1020,HVAC Equipment,1,953.96,1184.88,1187.3,1187.3,
INV-50022,2026-08-26,C1117,Shenandoah HVAC Services,C,S. Evans,HVA-1012,HVAC Parts,4,26.33,36.54,36.49,145.96,
INV-50022,2026-08-26,C1117,Shenandoah HVAC Services,C,S. Evans,WIR-1022,Wire & Cable,2,83.06,116.82,117.69,235.38,
INV-50022,2026-08-26,C1117,Shenandoah HVAC Services,C,S. Evans,HVA-1009,HVAC Parts,8,7.94,11.21,11.31,90.48,
INV-50023,2026-07-29,C1015,Bull Run Power Systems,A,R. Alvarez,HVA-1026,HVAC Parts,22,7.14,8.42,8.43,185.46,
INV-50023,2026-07-29,C1015,Bull Run Power Systems,A,R. Alvarez,HVA-1009,HVAC Parts,3,7.94,9.44,9.38,28.14,
INV-50023,2026-07-29,C1015,Bull Run Power Systems,A,R. Alvarez,BRE-1021,Breakers & Panels,25,42.96,53.61,53.57,1339.25,
INV-50023,2026-07-29,C1015,Bull Run Power Systems,A,R. Alvarez,BRE-1034,Breakers & Panels,30,68.77,85.22,85.77,2573.1,
INV-50023,2026-07-29,C1015,Bull Run Power Systems,A,R. Alvarez,HVA-1017,HVAC Equipment,2,2240.25,2432.9,2447.96,4895.92,
INV-50024,2026-09-02,C1091,Old Dominion Mechanical,C,D. Brooks,HVA-1010,HVAC Parts,3,26.77,37.55,37.7,113.1,
INV-50024,2026-09-02,C1091,Old Dominion Mechanical,C,D. Brooks,HVA-1000,HVAC Parts,2,6.37,9.78,9.8,19.6,
INV-50024,2026-09-02,C1091,Old Dominion Mechanical,C,D. Brooks,BRE-1021,Breakers & Panels,1,42.96,63.66,59.83,59.83,VERBAL
INV-50024,2026-09-02,C1091,Old Dominion Mechanical,C,D. Brooks,HVA-1018,HVAC Parts,4,116.07,170.79,170.85,683.4,
INV-50025,2026-09-07,C1052,Fairfax Mechanical,C,D. Brooks,BRE-1032,Breakers & Panels,10,49.92,72.65,72.18,721.8,
INV-50025,2026-09-07,C1052,Fairfax Mechanical,C,D. Brooks,HVA-1014,HVAC Equipment,1,1053.64,1315.51,1320.51,1320.51,
INV-50025,2026-09-07,C1052,Fairfax Mechanical,C,D. Brooks,WIR-1000,Wire & Cable,4,216.1,289.15,274.39,1097.56,VERBAL
INV-50026,2026-07-05,C1025,Capitol Building Services,B,R. Alvarez,HVA-1012,HVAC Parts,7,26.33,33.84,33.64,235.48,
INV-50026,2026-07-05,C1025,Capitol Building Services,B,R. Alvarez,LIG-1023,Lighting,8,160.88,230.86,229.99,1839.92,
INV-50026,2026-07-05,C1025,Capitol Building Services,B,R. Alvarez,CON-1014,Conduit & Fittings,15,6.03,8.79,8.84,132.6,
INV-50027,2026-08-19,C1112,Ridgeline Heating & Air,C,S. Evans,WIR-1019,Wire & Cable,14,116.68,163.6,155.37,2175.18,
INV-50027,2026-08-19,C1112,Ridgeline Heating & Air,C,S. Evans,CON-1022,Conduit & Fittings,11,3.57,5.29,5.32,58.52,
INV-50027,2026-08-19,C1112,Ridgeline Heating & Air,C,S. Evans,CON-1002,Conduit & Fittings,17,2.46,3.85,3.84,65.28,
INV-50027,2026-08-19,C1112,Ridgeline Heating & Air,C,S. Evans,BRE-1026,Breakers & Panels,17,12.67,17.71,17.55,298.35,
INV-50027,2026-08-19,C1112,Ridgeline Heating & Air,C,S. Evans,HVA-1020,HVAC Parts,1,6.84,10.52,10.59,10.59,
INV-50027,2026-08-19,C1112,Ridgeline Heating & Air,C,S. Evans,LIG-1014,Lighting,23,9.82,14.95,14.85,341.55,
INV-50028,2026-09-13,C1008,Bull Run Comfort Systems,A,D. Brooks,CON-1022,Conduit & Fittings,7,3.57,4.46,4.49,31.43,
INV-50028,2026-09-13,C1008,Bull Run Comfort Systems,A,D. Brooks,HVA-1031,HVAC Equipment,4,1021.28,1131.8,1123.27,4493.08,
INV-50028,2026-09-13,C1008,Bull Run Comfort Systems,A,D. Brooks,WIR-1030,Wire & Cable,1,123.15,138.74,139.79,139.79,
INV-50028,2026-09-13,C1008,Bull Run Comfort Systems,A,D. Brooks,LIG-1002,Lighting,13,81.88,108.3,107.96,1403.48,
INV-50028,2026-09-13,C1008,Bull Run Comfort Systems,A,D. Brooks,LIG-1008,Lighting,3,37.77,44.8,45.22,135.66,
INV-50028,2026-09-13,C1008,Bull Run Comfort Systems,A,D. Brooks,WIR-1024,Wire & Cable,5,274.36,318.57,285.37,1426.85,
INV-50029,2026-07-31,C1026,Capitol Comfort Systems,B,R. Alvarez,HVA-1005,HVAC Parts,2,90.38,116.42,116.32,232.64,
INV-50029,2026-07-31,C1026,Capitol Comfort Systems,B,R. Alvarez,HVA-1031,HVAC Equipment,1,1021.28,1244.98,1257.09,1257.09,
INV-50029,2026-07-31,C1026,Capitol Comfort Systems,B,R. Alvarez,LIG-1029,Lighting,21,98.21,131.64,123.35,2590.35,VERBAL
INV-50029,2026-07-31,C1026,Capitol Comfort Systems,B,R. Alvarez,BRE-1008,Breakers & Panels,7,67.45,86.57,86.95,608.65,
INV-50030,2026-08-05,C1007,Bull Run Building Services,A,M. Dunn,LIG-1031,Lighting,4,46.98,61.06,61.02,244.08,
INV-50030,2026-08-05,C1007,Bull Run Building Services,A,M. Dunn,HVA-1020,HVAC Parts,6,6.84,8.86,8.84,53.04,
INV-50030,2026-08-05,C1007,Bull Run Building Services,A,M. Dunn,HVA-1021,HVAC Equipment,2,2137.62,2253.05,2231.01,4462.02,
INV-50031,2026-09-05,C1006,Blue Ridge Heating & Air,A,M. Dunn,HVA-1030,HVAC Parts,2,7.81,9.82,9.84,19.68,
INV-50031,2026-09-05,C1006,Blue Ridge Heating & Air,A,M. Dunn,BRE-1009,Breakers & Panels,4,29.59,35.71,35.88,143.52,
INV-50032,2026-09-19,C1009,Bull Run Contracting,A,M. Dunn,CON-1026,Conduit & Fittings,45,36.79,48.7,48.24,2170.8,
INV-50032,2026-09-19,C1009,Bull Run Contracting,A,M. Dunn,WIR-1024,Wire & Cable,12,274.36,318.57,319.39,3832.68,
INV-50032,2026-09-19,C1009,Bull Run Contracting,A,M. Dunn,BRE-1012,Breakers & Panels,5,33.82,41.77,41.4,207.0,
INV-50032,2026-09-19,C1009,Bull Run Contracting,A,M. Dunn,BRE-1006,Breakers & Panels,1,18.77,23.06,23.29,23.29,
INV-50033,2026-08-10,C1020,Burke Energy Group,B,S. Evans,BRE-1030,Breakers & Panels,2,12.43,15.91,16.0,32.0,
INV-50033,2026-08-10,C1020,Burke Energy Group,B,S. Evans,LIG-1010,Lighting,22,87.43,116.27,115.23,2535.06,
INV-50033,2026-08-10,C1020,Burke Energy Group,B,S. Evans,HVA-1025,HVAC Parts,13,66.1,94.27,93.46,1214.98,
INV-50034,2026-08-28,C1088,Old Dominion Building Services,C,M. Dunn,HVA-1021,HVAC Equipment,3,2137.62,2675.49,2682.44,8047.32,
INV-50034,2026-08-28,C1088,Old Dominion Building Services,C,M. Dunn,LIG-1014,Lighting,9,9.82,14.95,15.06,135.54,
INV-50035,2026-07-01,C1115,Shenandoah Electrical Co.,C,K. Foster,WIR-1026,Wire & Cable,4,42.97,59.75,59.61,238.44,
INV-50035,2026-07-01,C1115,Shenandoah Electrical Co.,C,K. Foster,HVA-1016,HVAC Equipment,1,1182.28,1473.3,1469.01,1469.01,
INV-50035,2026-07-01,C1115,Shenandoah Electrical Co.,C,K. Foster,LIG-1022,Lighting,10,13.9,20.08,19.93,199.3,
INV-50035,2026-07-01,C1115,Shenandoah Electrical Co.,C,K. Foster,BRE-1018,Breakers & Panels,2,111.4,152.65,153.75,307.5,
INV-50035,2026-07-01,C1115,Shenandoah Electrical Co.,C,K. Foster,BRE-1018,Breakers & Panels,16,111.4,152.65,153.07,2449.12,
INV-50035,2026-07-01,C1115,Shenandoah Electrical Co.,C,K. Foster,LIG-1023,Lighting,40,160.88,249.22,251.24,10049.6,
INV-50036,2026-07-26,C1008,Bull Run Comfort Systems,A,D. Brooks,HVA-1027,HVAC Parts,6,66.45,79.89,80.36,482.16,
INV-50036,2026-07-26,C1008,Bull Run Comfort Systems,A,D. Brooks,CON-1028,Conduit & Fittings,16,8.95,12.22,11.67,186.72,MGR
INV-50036,2026-07-26,C1008,Bull Run Comfort Systems,A,D. Brooks,HVA-1035,HVAC Parts,2,33.23,39.79,39.62,79.24,
INV-50036,2026-07-26,C1008,Bull Run Comfort Systems,A,D. Brooks,WIR-1035,Wire & Cable,12,83.22,97.51,88.51,1062.12,
INV-50036,2026-07-26,C1008,Bull Run Comfort Systems,A,D. Brooks,HVA-1016,HVAC Equipment,3,1182.28,1240.67,1246.43,3739.29,
INV-50037,2026-08-03,C1021,Burke HVAC Services,B,M. Dunn,HVA-1011,HVAC Parts,4,8.86,12.66,12.59,50.36,
INV-50037,2026-08-03,C1021,Burke HVAC Services,B,M. Dunn,HVA-1025,HVAC Equipment,1,435.7,521.87,522.65,522.65,
INV-50037,2026-08-03,C1021,Burke HVAC Services,B,M. Dunn,CON-1008,Conduit & Fittings,5,3.76,5.12,5.1,25.5,
INV-50037,2026-08-03,C1021,Burke HVAC Services,B,M. Dunn,BRE-1020,Breakers & Panels,2,33.52,45.36,45.75,91.5,
INV-50037,2026-08-03,C1021,Burke HVAC Services,B,M. Dunn,HVA-1010,HVAC Equipment,1,1378.41,1619.42,1618.91,1618.91,
INV-50037,2026-08-03,C1021,Burke HVAC Services,B,M. Dunn,HVA-1015,HVAC Equipment,3,646.24,744.3,741.04,2223.12,
INV-50038,2026-08-07,C1075,Manassas Energy Group,C,K. Foster,HVA-1028,HVAC Parts,2,6.16,9.12,9.06,18.12,
INV-50038,2026-08-07,C1075,Manassas Energy Group,C,K. Foster,CON-1030,Conduit & Fittings,7,42.26,66.71,67.36,471.52,
INV-50038,2026-08-07,C1075,Manassas Energy Group,C,K. Foster,CON-1014,Conduit & Fittings,11,6.03,9.49,9.57,105.27,
INV-50038,2026-08-07,C1075,Manassas Energy Group,C,K. Foster,LIG-1032,Lighting,17,22.45,35.3,35.3,600.1,
INV-50038,2026-08-07,C1075,Manassas Energy Group,C,K. Foster,WIR-1011,Wire & Cable,48,126.22,166.72,166.96,8014.08,
INV-50038,2026-08-07,C1075,Manassas Energy Group,C,K. Foster,BRE-1010,Breakers & Panels,13,41.23,56.56,56.37,732.81,
INV-50039,2026-09-15,C1119,Shenandoah Mechanical,C,R. Alvarez,WIR-1022,Wire & Cable,8,83.06,116.82,116.82,934.56,
INV-50039,2026-09-15,C1119,Shenandoah Mechanical,C,R. Alvarez,WIR-1007,Wire & Cable,2,157.76,213.74,212.15,424.3,
INV-50039,2026-09-15,C1119,Shenandoah Mechanical,C,R. Alvarez,CON-1018,Conduit & Fittings,48,4.8,7.59,7.61,365.28,
INV-50039,2026-09-15,C1119,Shenandoah Mechanical,C,R. Alvarez,CON-1025,Conduit & Fittings,11,8.4,12.75,12.75,140.25,
INV-50040,2026-07-18,C1048,Dulles HVAC Services,B,R. Alvarez,BRE-1032,Breakers & Panels,8,49.92,67.29,67.87,542.96,
INV-50040,2026-07-18,C1048,Dulles HVAC Services,B,R. Alvarez,BRE-1017,Breakers & Panels,2,33.16,46.23,46.17,92.34,
INV-50040,2026-07-18,C1048,Dulles HVAC Services,B,R. Alvarez,CON-1004,Conduit & Fittings,16,49.09,67.04,66.75,1068.0,
INV-50041,2026-07-26,C1077,Manassas Heating & Air,C,T. Chen,HVA-1014,HVAC Parts,7,114.93,168.43,168.96,1182.72,
INV-50041,2026-07-26,C1077,Manassas Heating & Air,C,T. Chen,HVA-1020,HVAC Equipment,1,953.96,1184.88,1185.63,1185.63,
INV-50041,2026-07-26,C1077,Manassas Heating & Air,C,T. Chen,WIR-1009,Wire & Cable,10,329.33,466.09,462.11,4621.1,
INV-50041,2026-07-26,C1077,Manassas Heating & Air,C,T. Chen,HVA-1000,HVAC Parts,3,6.37,9.78,9.8,29.4,
INV-50041,2026-07-26,C1077,Manassas Heating & Air,C,T. Chen,BRE-1006,Breakers & Panels,5,18.77,27.38,27.39,136.95,
INV-50041,2026-07-26,C1077,Manassas Heating & Air,C,T. Chen,WIR-1030,Wire & Cable,2,123.15,164.76,165.56,331.12,
INV-50042,2026-07-02,C1018,Burke Electric,B,S. Evans,WIR-1032,Wire & Cable,14,294.58,367.28,366.35,5128.9,
INV-50042,2026-07-02,C1018,Burke Electric,B,S. Evans,WIR-1014,Wire & Cable,6,313.51,399.04,365.46,2192.76,
INV-50042,2026-07-02,C1018,Burke Electric,B,S. Evans,WIR-1024,Wire & Cable,6,274.36,350.42,314.82,1888.92,
INV-50042,2026-07-02,C1018,Burke Electric,B,S. Evans,CON-1001,Conduit & Fittings,36,32.08,46.43,45.97,1654.92,
INV-50042,2026-07-02,C1018,Burke Electric,B,S. Evans,WIR-1019,Wire & Cable,3,116.68,151.54,136.43,409.29,
INV-50043,2026-09-18,C1110,Ridgeline Energy Group,C,M. Dunn,LIG-1000,Lighting,3,11.27,16.31,16.16,48.48,
INV-50043,2026-09-18,C1110,Ridgeline Energy Group,C,M. Dunn,BRE-1032,Breakers & Panels,8,49.92,72.65,73.24,585.92,
INV-50043,2026-09-18,C1110,Ridgeline Energy Group,C,M. Dunn,WIR-1000,Wire & Cable,5,216.1,289.15,290.21,1451.05,
INV-50043,2026-09-18,C1110,Ridgeline Energy Group,C,M. Dunn,HVA-1033,HVAC Parts,2,37.29,52.0,52.24,104.48,
INV-50044,2026-09-19,C1015,Bull Run Power Systems,A,R. Alvarez,HVA-1035,HVAC Equipment,4,1183.06,1277.44,1235.14,4940.56,MGR
INV-50044,2026-09-19,C1015,Bull Run Power Systems,A,R. Alvarez,HVA-1032,HVAC Parts,1,40.36,49.89,49.68,49.68,
INV-50044,2026-09-19,C1015,Bull Run Power Systems,A,R. Alvarez,LIG-1024,Lighting,5,41.61,51.34,51.59,257.95,
INV-50044,2026-09-19,C1015,Bull Run Power Systems,A,R. Alvarez,HVA-1017,HVAC Equipment,3,2240.25,2432.9,2410.99,7232.97,
INV-50044,2026-09-19,C1015,Bull Run Power Systems,A,R. Alvarez,LIG-1002,Lighting,12,81.88,108.3,109.07,1308.84,
INV-50044,2026-09-19,C1015,Bull Run Power Systems,A,R. Alvarez,HVA-1034,HVAC Parts,1,21.98,27.16,26.92,26.92,
INV-50045,2026-07-06,C1041,Chantilly Mechanical,B,S. Evans,HVA-1005,HVAC Equipment,1,1913.09,2273.14,2253.85,2253.85,
INV-50045,2026-07-06,C1041,Chantilly Mechanical,B,S. Evans,BRE-1020,Breakers & Panels,5,33.52,45.36,45.49,227.45,
INV-50045,2026-07-06,C1041,Chantilly Mechanical,B,S. Evans,HVA-1013,HVAC Parts,4,12.39,16.36,16.52,66.08,
INV-50046,2026-08-04,C1015,Bull Run Power Systems,A,R. Alvarez,BRE-1032,Breakers & Panels,4,49.92,61.18,57.56,230.24,
INV-50046,2026-08-04,C1015,Bull Run Power Systems,A,R. Alvarez,CON-1020,Conduit & Fittings,6,32.14,41.08,40.97,245.82,
INV-50046,2026-08-04,C1015,Bull Run Power Systems,A,R. Alvarez,CON-1003,Conduit & Fittings,79,2.25,3.01,3.03,239.37,
INV-50047,2026-08-23,C1013,Bull Run HVAC Services,A,D. Brooks,CON-1025,Conduit & Fittings,36,8.4,10.74,10.23,368.28,MGR
INV-50047,2026-08-23,C1013,Bull Run HVAC Services,A,D. Brooks,LIG-1023,Lighting,8,160.88,209.87,209.49,1675.92,
INV-50048,2026-09-20,C1007,Bull Run Building Services,A,M. Dunn,HVA-1021,HVAC Equipment,2,2137.62,2253.05,2259.65,4519.3,
INV-50048,2026-09-20,C1007,Bull Run Building Services,A,M. Dunn,BRE-1027,Breakers & Panels,1,48.96,58.02,58.5,58.5,
INV-50048,2026-09-20,C1007,Bull Run Building Services,A,M. Dunn,BRE-1020,Breakers & Panels,8,33.52,41.24,41.21,329.68,
INV-50048,2026-09-20,C1007,Bull Run Building Services,A,M. Dunn,BRE-1013,Breakers & Panels,15,205.1,259.53,259.63,3894.45,
INV-50049,2026-09-05,C1036,Chantilly Electric,B,R. Alvarez,LIG-1006,Lighting,4,17.96,25.81,25.98,103.92,
INV-50049,2026-09-05,C1036,Chantilly Electric,B,R. Alvarez,BRE-1023,Breakers & Panels,9,34.02,43.3,42.91,386.19,
INV-50050,2026-09-18,C1023,Burke Mechanical,B,D. Brooks,CON-1000,Conduit & Fittings,3,23.85,32.38,32.5,97.5,
INV-50050,2026-09-18,C1023,Burke Mechanical,B,D. Brooks,BRE-1034,Breakers & Panels,3,68.77,93.74,93.52,280.56,
INV-50050,2026-09-18,C1023,Burke Mechanical,B,D. Brooks,CON-1018,Conduit & Fittings,3,4.8,7.03,7.06,21.18,
INV-50051,2026-07-17,C1004,Blue Ridge Electrical Co.,A,T. Chen,BRE-1011,Breakers & Panels,5,108.7,134.17,133.73,668.65,
INV-50051,2026-07-17,C1004,Blue Ridge Electrical Co.,A,T. Chen,LIG-1013,Lighting,4,9.5,11.76,11.79,47.16,
INV-50052,2026-08-24,C1069,Loudoun Power Systems,C,T. Chen,WIR-1016,Wire & Cable,13,87.34,115.72,115.75,1504.75,
INV-50052,2026-08-24,C1069,Loudoun Power Systems,C,T. Chen,HVA-1002,HVAC Equipment,23,1734.3,2193.65,2205.64,50729.72,
INV-50052,2026-08-24,C1069,Loudoun Power Systems,C,T. Chen,HVA-1008,HVAC Equipment,1,913.36,1181.57,1185.06,1185.06,
INV-50052,2026-08-24,C1069,Loudoun Power Systems,C,T. Chen,LIG-1014,Lighting,7,9.82,14.95,14.91,104.37,
INV-50053,2026-09-04,C1013,Bull Run HVAC Services,A,D. Brooks,HVA-1005,HVAC Parts,7,90.38,105.84,105.93,741.51,
INV-50053,2026-09-04,C1013,Bull Run HVAC Services,A,D. Brooks,CON-1020,Conduit & Fittings,13,32.14,41.08,41.4,538.2,
INV-50053,2026-09-04,C1013,Bull Run HVAC Services,A,D. Brooks,LIG-1005,Lighting,22,24.04,30.42,30.41,669.02,
INV-50054,2026-07-24,C1093,Piedmont Electric,C,T. Chen,HVA-1018,HVAC Equipment,1,798.66,1035.9,1028.42,1028.42,
INV-50054,2026-07-24,C1093,Piedmont Electric,C,T. Chen,WIR-1022,Wire & Cable,4,83.06,116.82,117.09,468.36,
INV-50054,2026-07-24,C1093,Piedmont Electric,C,T. Chen,LIG-1011,Lighting,8,19.03,29.38,29.4,235.2,
INV-50054,2026-07-24,C1093,Piedmont Electric,C,T. Chen,CON-1017,Conduit & Fittings,2,21.97,35.01,35.22,70.44,
INV-50055,2026-09-12,C1017,Burke Contracting,B,K. Foster,WIR-1007,Wire & Cable,1,157.76,197.99,196.72,196.72,
INV-50055,2026-09-12,C1017,Burke Contracting,B,K. Foster,HVA-1009,HVAC Parts,9,7.94,10.38,10.31,92.79,
INV-50056,2026-08-03,C1028,Capitol HVAC Services,B,S. Evans,HVA-1016,HVAC Parts,1,11.14,15.78,15.78,15.78,
INV-50056,2026-08-03,C1028,Capitol HVAC Services,B,S. Evans,BRE-1012,Breakers & Panels,4,33.82,45.94,46.22,184.88,
INV-50056,2026-08-03,C1028,Capitol HVAC Services,B,S. Evans,LIG-1006,Lighting,8,17.96,25.81,25.79,206.32,
INV-50057,2026-08-02,C1005,Blue Ridge Energy Group,A,M. Dunn,WIR-1034,Wire & Cable,6,60.49,70.27,69.81,418.86,
INV-50057,2026-08-02,C1005,Blue Ridge Energy Group,A,M. Dunn,BRE-1028,Breakers & Panels,1,83.36,96.84,96.98,96.98,
INV-50057,2026-08-02,C1005,Blue Ridge Energy Group,A,M. Dunn,BRE-1008,Breakers & Panels,5,67.45,78.7,79.38,396.9,
INV-50058,2026-08-06,C1075,Manassas Energy Group,C,K. Foster,BRE-1018,Breakers & Panels,1,111.4,152.65,153.81,153.81,
INV-50058,2026-08-06,C1075,Manassas Energy Group,C,K. Foster,HVA-1015,HVAC Parts,2,173.58,242.83,243.5,487.0,
INV-50058,2026-08-06,C1075,Manassas Energy Group,C,K. Foster,LIG-1013,Lighting,15,9.5,13.96,14.03,210.45,
INV-50058,2026-08-06,C1075,Manassas Energy Group,C,K. Foster,HVA-1020,HVAC Parts,3,6.84,10.52,10.55,31.65,
INV-50058,2026-08-06,C1075,Manassas Energy Group,C,K. Foster,WIR-1034,Wire & Cable,4,60.49,83.45,83.23,332.92,
INV-50058,2026-08-06,C1075,Manassas Energy Group,C,K. Foster,HVA-1030,HVAC Parts,15,7.81,11.67,11.72,175.8,
INV-50059,2026-09-16,C1095,Potomac Electric,C,S. Evans,CON-1030,Conduit & Fittings,10,42.26,66.71,63.56,635.6,
INV-50059,2026-09-16,C1095,Potomac Electric,C,S. Evans,HVA-1017,HVAC Equipment,1,2240.25,2889.06,2916.71,2916.71,
INV-50059,2026-09-16,C1095,Potomac Electric,C,S. Evans,CON-1007,Conduit & Fittings,12,3.77,5.48,5.46,65.52,
INV-50060,2026-07-25,C1048,Dulles HVAC Services,B,R. Alvarez,BRE-1032,Breakers & Panels,5,49.92,67.29,66.93,334.65,
INV-50060,2026-07-25,C1048,Dulles HVAC Services,B,R. Alvarez,BRE-1007,Breakers & Panels,1,24.67,34.58,34.41,34.41,
INV-50060,2026-07-25,C1048,Dulles HVAC Services,B,R. Alvarez,CON-1024,Conduit & Fittings,20,3.43,5.18,5.15,103.0,
INV-50060,2026-07-25,C1048,Dulles HVAC Services,B,R. Alvarez,BRE-1017,Breakers & Panels,16,33.16,46.23,46.49,743.84,
INV-50060,2026-07-25,C1048,Dulles HVAC Services,B,R. Alvarez,WIR-1029,Wire & Cable,12,61.38,76.02,75.61,907.32,
INV-50060,2026-07-25,C1048,Dulles HVAC Services,B,R. Alvarez,CON-1035,Conduit & Fittings,11,50.27,75.84,76.08,836.88,
INV-50061,2026-09-09,C1110,Ridgeline Energy Group,C,M. Dunn,HVA-1026,HVAC Parts,7,7.14,9.99,10.02,70.14,
INV-50061,2026-09-09,C1110,Ridgeline Energy Group,C,M. Dunn,BRE-1006,Breakers & Panels,62,18.77,27.38,27.4,1698.8,
INV-50061,2026-09-09,C1110,Ridgeline Energy Group,C,M. Dunn,HVA-1014,HVAC Parts,15,114.93,168.43,167.05,2505.75,
INV-50062,2026-07-26,C1035,Chantilly Contracting,B,S. Evans,HVA-1023,HVAC Equipment,1,1062.71,1242.37,1251.34,1251.34,
INV-50062,2026-07-26,C1035,Chantilly Contracting,B,S. Evans,WIR-1001,Wire & Cable,3,67.02,81.07,73.34,220.02,VERBAL
INV-50063,2026-09-07,C1069,Loudoun Power Systems,C,T. Chen,HVA-1018,HVAC Parts,13,116.07,170.79,170.47,2216.11,
INV-50063,2026-09-07,C1069,Loudoun Power Systems,C,T. Chen,BRE-1025,Breakers & Panels,6,164.87,231.79,233.82,1402.92,
INV-50063,2026-09-07,C1069,Loudoun Power Systems,C,T. Chen,LIG-1015,Lighting,7,64.96,98.44,98.35,688.45,
INV-50064,2026-07-02,C1027,Capitol Electrical Co.,B,T. Chen,WIR-1002,Wire & Cable,7,152.66,196.76,198.58,1390.06,
INV-50064,2026-07-02,C1027,Capitol Electrical Co.,B,T. Chen,BRE-1021,Breakers & Panels,2,42.96,58.97,58.71,117.42,
INV-50064,2026-07-02,C1027,Capitol Electrical Co.,B,T. Chen,LIG-1003,Lighting,26,183.14,264.01,253.37,6587.62,MGR
INV-50064,2026-07-02,C1027,Capitol Electrical Co.,B,T. Chen,HVA-1033,HVAC Equipment,2,1194.8,1414.73,1412.05,2824.1,
INV-50065,2026-07-20,C1046,Dulles Electrical Co.,B,K. Foster,WIR-1026,Wire & Cable,4,42.97,55.34,55.61,222.44,
INV-50065,2026-07-20,C1046,Dulles Electrical Co.,B,K. Foster,HVA-1026,HVAC Parts,2,7.14,9.26,9.23,18.46,
INV-50065,2026-07-20,C1046,Dulles Electrical Co.,B,K. Foster,HVA-1002,HVAC Parts,9,33.4,43.53,43.6,392.4,
INV-50066,2026-07-19,C1010,Bull Run Electric,A,K. Foster,HVA-1008,HVAC Equipment,1,913.36,995.01,986.96,986.96,
INV-50066,2026-07-19,C1010,Bull Run Electric,A,K. Foster,CON-1006,Conduit & Fittings,14,6.73,8.64,8.72,122.08,
INV-50066,2026-07-19,C1010,Bull Run Electric,A,K. Foster,WIR-1030,Wire & Cable,5,123.15,138.74,138.69,693.45,
INV-50066,2026-07-19,C1010,Bull Run Electric,A,K. Foster,BRE-1032,Breakers & Panels,22,49.92,61.18,61.72,1357.84,
INV-50067,2026-09-11,C1024,Burke Power Systems,B,D. Brooks,HVA-1017,HVAC Parts,14,13.44,18.89,18.87,264.18,
INV-50067,2026-09-11,C1024,Burke Power Systems,B,D. Brooks,WIR-1015,Wire & Cable,3,35.17,43.74,38.97,116.91,
INV-50067,2026-09-11,C1024,Burke Power Systems,B,D. Brooks,HVA-1035,HVAC Equipment,1,1183.06,1405.18,1410.03,1410.03,
INV-50067,2026-09-11,C1024,Burke Power Systems,B,D. Brooks,CON-1004,Conduit & Fittings,7,49.09,67.04,66.74,467.18,
INV-50067,2026-09-11,C1024,Burke Power Systems,B,D. Brooks,LIG-1000,Lighting,8,11.27,15.11,15.02,120.16,
INV-50068,2026-09-22,C1013,Bull Run HVAC Services,A,D. Brooks,BRE-1023,Breakers & Panels,3,34.02,39.36,35.12,105.36,
INV-50068,2026-09-22,C1013,Bull Run HVAC Services,A,D. Brooks,BRE-1029,Breakers & Panels,3,100.96,122.87,121.87,365.61,
INV-50068,2026-09-22,C1013,Bull Run HVAC Services,A,D. Brooks,HVA-1029,HVAC Parts,8,7.05,9.1,9.1,72.8,
INV-50068,2026-09-22,C1013,Bull Run HVAC Services,A,D. Brooks,WIR-1013,Wire & Cable,16,317.33,363.13,341.04,5456.64,
INV-50068,2026-09-22,C1013,Bull Run HVAC Services,A,D. Brooks,CON-1021,Conduit & Fittings,16,8.73,11.74,11.79,188.64,
INV-50068,2026-09-22,C1013,Bull Run HVAC Services,A,D. Brooks,HVA-1033,HVAC Equipment,8,1194.8,1286.12,1284.94,10279.52,
INV-50069,2026-07-10,C1028,Capitol HVAC Services,B,S. Evans,BRE-1011,Breakers & Panels,7,108.7,147.58,147.96,1035.72,
INV-50069,2026-07-10,C1028,Capitol HVAC Services,B,S. Evans,HVA-1029,HVAC Equipment,1,706.2,863.89,860.61,860.61,
INV-50069,2026-07-10,C1028,Capitol HVAC Services,B,S. Evans,HVA-1006,HVAC Parts,4,55.33,75.07,75.74,302.96,
INV-50069,2026-07-10,C1028,Capitol HVAC Services,B,S. Evans,HVA-1024,HVAC Equipment,3,2463.08,2981.22,3007.94,9023.82,
INV-50069,2026-07-10,C1028,Capitol HVAC Services,B,S. Evans,CON-1010,Conduit & Fittings,8,12.81,17.19,17.16,137.28,
INV-50069,2026-07-10,C1028,Capitol HVAC Services,B,S. Evans,HVA-1012,HVAC Equipment,1,922.14,1084.86,1086.89,1086.89,
INV-50070,2026-08-22,C1009,Bull Run Contracting,A,M. Dunn,CON-1031,Conduit & Fittings,19,2.97,3.65,3.65,69.35,
INV-50070,2026-08-22,C1009,Bull Run Contracting,A,M. Dunn,WIR-1007,Wire & Cable,9,157.76,179.99,181.11,1629.99,
INV-50070,2026-08-22,C1009,Bull Run Contracting,A,M. Dunn,CON-1012,Conduit & Fittings,91,12.67,16.28,16.39,1491.49,
INV-50071,2026-07-19,C1019,Burke Electrical Co.,B,K. Foster,LIG-1005,Lighting,5,24.04,33.46,33.13,165.65,
INV-50071,2026-07-19,C1019,Burke Electrical Co.,B,K. Foster,WIR-1029,Wire & Cable,26,61.38,76.02,76.24,1982.24,
INV-50071,2026-07-19,C1019,Burke Electrical Co.,B,K. Foster,CON-1032,Conduit & Fittings,216,22.74,32.77,33.08,7145.28,
INV-50072,2026-08-31,C1038,Chantilly Energy Group,B,S. Evans,BRE-1028,Breakers & Panels,4,83.36,106.52,106.36,425.44,
INV-50072,2026-08-31,C1038,Chantilly Energy Group,B,S. Evans,BRE-1026,Breakers & Panels,5,12.67,16.4,15.0,75.0,
INV-50072,2026-08-31,C1038,Chantilly Energy Group,B,S. Evans,CON-1012,Conduit & Fittings,15,12.67,17.91,17.76,266.4,
INV-50072,2026-08-31,C1038,Chantilly Energy Group,B,S. Evans,LIG-1014,Lighting,12,9.82,13.85,13.9,166.8,
INV-50072,2026-08-31,C1038,Chantilly Energy Group,B,S. Evans,LIG-1029,Lighting,2,98.21,131.64,132.86,265.72,
INV-50072,2026-08-31,C1038,Chantilly Energy Group,B,S. Evans,LIG-1001,Lighting,9,30.22,40.13,40.09,360.81,
INV-50073,2026-09-01,C1025,Capitol Building Services,B,R. Alvarez,CON-1018,Conduit & Fittings,6,4.8,7.03,7.04,42.24,
INV-50073,2026-09-01,C1025,Capitol Building Services,B,R. Alvarez,CON-1032,Conduit & Fittings,31,22.74,32.77,33.03,1023.93,
INV-50073,2026-09-01,C1025,Capitol Building Services,B,R. Alvarez,HVA-1033,HVAC Equipment,1,1194.8,1414.73,1428.37,1428.37,
INV-50073,2026-09-01,C1025,Capitol Building Services,B,R. Alvarez,WIR-1006,Wire & Cable,9,223.99,270.22,272.3,2450.7,
INV-50073,2026-09-01,C1025,Capitol Building Services,B,R. Alvarez,HVA-1028,HVAC Parts,3,6.16,8.45,8.44,25.32,
INV-50074,2026-09-06,C1021,Burke HVAC Services,B,M. Dunn,HVA-1009,HVAC Equipment,2,1188.73,1457.75,1458.18,2916.36,
INV-50074,2026-09-06,C1021,Burke HVAC Services,B,M. Dunn,HVA-1012,HVAC Parts,7,26.33,33.84,33.62,235.34,
INV-50074,2026-09-06,C1021,Burke HVAC Services,B,M. Dunn,BRE-1030,Breakers & Panels,5,12.43,15.91,16.04,80.2,
INV-50075,2026-09-02,C1013,Bull Run HVAC Services,A,D. Brooks,LIG-1021,Lighting,20,183.41,239.04,241.34,4826.8,
INV-50075,2026-09-02,C1013,Bull Run HVAC Services,A,D. Brooks,LIG-1023,Lighting,7,160.88,209.87,209.8,1468.6,
INV-50075,2026-09-02,C1013,Bull Run HVAC Services,A,D. Brooks,HVA-1033,HVAC Equipment,1,1194.8,1286.12,1274.4,1274.4,
INV-50075,2026-09-02,C1013,Bull Run HVAC Services,A,D. Brooks,WIR-1034,Wire & Cable,3,60.49,70.27,70.68,212.04,
INV-50076,2026-08-31,C1030,Capitol Power Systems,B,M. Dunn,WIR-1032,Wire & Cable,18,294.58,367.28,366.76,6601.68,
INV-50076,2026-08-31,C1030,Capitol Power Systems,B,M. Dunn,CON-1028,Conduit & Fittings,98,8.95,13.44,13.55,1327.9,
INV-50077,2026-08-12,C1046,Dulles Electrical Co.,B,K. Foster,HVA-1031,HVAC Parts,5,45.05,61.3,61.62,308.1,
INV-50077,2026-08-12,C1046,Dulles Electrical Co.,B,K. Foster,BRE-1012,Breakers & Panels,3,33.82,45.94,45.5,136.5,
INV-50077,2026-08-12,C1046,Dulles Electrical Co.,B,K. Foster,BRE-1005,Breakers & Panels,1,159.52,211.48,213.15,213.15,
INV-50077,2026-08-12,C1046,Dulles Electrical Co.,B,K. Foster,HVA-1034,HVAC Parts,1,21.98,29.88,29.78,29.78,
INV-50077,2026-08-12,C1046,Dulles Electrical Co.,B,K. Foster,HVA-1017,HVAC Parts,22,13.44,18.89,18.91,416.02,
INV-50077,2026-08-12,C1046,Dulles Electrical Co.,B,K. Foster,HVA-1031,HVAC Parts,7,45.05,61.3,61.19,428.33,
INV-50078,2026-08-22,C1003,Blue Ridge Electric,A,D. Brooks,HVA-1035,HVAC Equipment,1,1183.06,1277.44,1269.84,1269.84,
INV-50078,2026-08-22,C1003,Blue Ridge Electric,A,D. Brooks,WIR-1025,Wire & Cable,14,108.67,125.11,117.3,1642.2,
INV-50078,2026-08-22,C1003,Blue Ridge Electric,A,D. Brooks,LIG-1014,Lighting,13,9.82,12.59,12.5,162.5,
INV-50079,2026-07-23,C1117,Shenandoah HVAC Services,C,S. Evans,HVA-1004,HVAC Equipment,1,1034.98,1365.81,1353.17,1353.17,
INV-50079,2026-07-23,C1117,Shenandoah HVAC Services,C,S. Evans,HVA-1001,HVAC Equipment,1,1321.74,1747.63,1765.03,1765.03,
INV-50079,2026-07-23,C1117,Shenandoah HVAC Services,C,S. Evans,WIR-1031,Wire & Cable,12,333.43,461.37,425.22,5102.64,
INV-50080,2026-09-07,C1005,Blue Ridge Energy Group,A,M. Dunn,BRE-1026,Breakers & Panels,4,12.67,14.91,14.99,59.96,
INV-50080,2026-09-07,C1005,Blue Ridge Energy Group,A,M. Dunn,LIG-1029,Lighting,2,98.21,119.67,120.15,240.3,
INV-50080,2026-09-07,C1005,Blue Ridge Energy Group,A,M. Dunn,HVA-1009,HVAC Equipment,3,1188.73,1325.22,1338.13,4014.39,
INV-50080,2026-09-07,C1005,Blue Ridge Energy Group,A,M. Dunn,WIR-1026,Wire & Cable,34,42.97,50.31,50.22,1707.48,
INV-50080,2026-09-07,C1005,Blue Ridge Energy Group,A,M. Dunn,WIR-1035,Wire & Cable,7,83.22,97.51,96.6,676.2,
INV-50080,2026-09-07,C1005,Blue Ridge Energy Group,A,M. Dunn,LIG-1032,Lighting,8,22.45,29.73,29.68,237.44,
INV-50081,2026-07-22,C1004,Blue Ridge Electrical Co.,A,T. Chen,WIR-1025,Wire & Cable,7,108.67,125.11,124.73,873.11,
INV-50081,2026-07-22,C1004,Blue Ridge Electrical Co.,A,T. Chen,HVA-1034,HVAC Equipment,6,1666.74,1813.14,1817.63,10905.78,
INV-50081,2026-07-22,C1004,Blue Ridge Electrical Co.,A,T. Chen,CON-1025,Conduit & Fittings,29,8.4,10.74,10.64,308.56,
INV-50081,2026-07-22,C1004,Blue Ridge Electrical Co.,A,T. Chen,HVA-1011,HVAC Parts,15,8.86,11.51,11.6,174.0,
INV-50081,2026-07-22,C1004,Blue Ridge Electrical Co.,A,T. Chen,CON-1017,Conduit & Fittings,16,21.97,29.48,29.66,474.56,
INV-50082,2026-08-05,C1002,Blue Ridge Comfort Systems,A,S. Evans,WIR-1007,Wire & Cable,10,157.76,179.99,165.33,1653.3,
INV-50082,2026-08-05,C1002,Blue Ridge Comfort Systems,A,S. Evans,BRE-1023,Breakers & Panels,2,34.02,39.36,36.01,72.02,
INV-50082,2026-08-05,C1002,Blue Ridge Comfort Systems,A,S. Evans,BRE-1000,Breakers & Panels,2,42.31,52.94,52.72,105.44,
INV-50082,2026-08-05,C1002,Blue Ridge Comfort Systems,A,S. Evans,BRE-1003,Breakers & Panels,1,17.77,21.03,19.6,19.6,
INV-50082,2026-08-05,C1002,Blue Ridge Comfort Systems,A,S. Evans,CON-1008,Conduit & Fittings,13,3.76,4.66,4.7,61.1,
INV-50082,2026-08-05,C1002,Blue Ridge Comfort Systems,A,S. Evans,WIR-1015,Wire & Cable,4,35.17,39.77,36.14,144.56,
INV-50083,2026-07-13,C1116,Shenandoah Energy Group,C,D. Brooks,HVA-1032,HVAC Equipment,1,850.39,1090.87,1101.76,1101.76,
INV-50083,2026-07-13,C1116,Shenandoah Energy Group,C,D. Brooks,WIR-1024,Wire & Cable,3,274.36,378.3,375.45,1126.35,
INV-50083,2026-07-13,C1116,Shenandoah Energy Group,C,D. Brooks,WIR-1033,Wire & Cable,4,54.3,75.68,75.8,303.2,
INV-50084,2026-07-06,C1035,Chantilly Contracting,B,S. Evans,LIG-1023,Lighting,1,160.88,230.86,231.57,231.57,
INV-50084,2026-07-06,C1035,Chantilly Contracting,B,S. Evans,WIR-1023,Wire & Cable,3,47.27,59.52,59.24,177.72,
INV-50084,2026-07-06,C1035,Chantilly Contracting,B,S. Evans,WIR-1029,Wire & Cable,7,61.38,76.02,68.07,476.49,VERBAL
INV-50085,2026-07-14,C1059,Leesburg Mechanical,C,K. Foster,BRE-1009,Breakers & Panels,16,29.59,42.41,42.78,684.48,
INV-50085,2026-07-14,C1059,Leesburg Mechanical,C,K. Foster,LIG-1019,Lighting,18,22.4,32.58,32.63,587.34,
INV-50085,2026-07-14,C1059,Leesburg Mechanical,C,K. Foster,WIR-1025,Wire & Cable,6,108.67,148.57,147.96,887.76,
INV-50086,2026-07-04,C1005,Blue Ridge Energy Group,A,M. Dunn,HVA-1029,HVAC Parts,7,7.05,9.1,9.1,63.7,
INV-50086,2026-07-04,C1005,Blue Ridge Energy Group,A,M. Dunn,HVA-1030,HVAC Equipment,4,1433.65,1539.08,1524.83,6099.32,
INV-50086,2026-07-04,C1005,Blue Ridge Energy Group,A,M. Dunn,LIG-1022,Lighting,5,13.9,16.91,16.79,83.95,
INV-50086,2026-07-04,C1005,Blue Ridge Energy Group,A,M. Dunn,CON-1006,Conduit & Fittings,16,6.73,8.64,8.66,138.56,
INV-50087,2026-07-14,C1001,Blue Ridge Building Services,A,M. Dunn,HVA-1008,HVAC Parts,3,23.36,27.9,27.94,83.82,
INV-50087,2026-07-14,C1001,Blue Ridge Building Services,A,M. Dunn,HVA-1035,HVAC Equipment,1,1183.06,1277.44,1268.9,1268.9,
INV-50087,2026-07-14,C1001,Blue Ridge Building Services,A,M. Dunn,CON-1033,Conduit & Fittings,27,3.42,4.24,4.23,114.21,
INV-50088,2026-09-16,C1041,Chantilly Mechanical,B,S. Evans,WIR-1015,Wire & Cable,3,35.17,43.74,43.51,130.53,
INV-50088,2026-09-16,C1041,Chantilly Mechanical,B,S. Evans,LIG-1002,Lighting,7,81.88,119.13,118.92,832.44,
INV-50088,2026-09-16,C1041,Chantilly Mechanical,B,S. Evans,LIG-1014,Lighting,21,9.82,13.85,13.84,290.64,
INV-50088,2026-09-16,C1041,Chantilly Mechanical,B,S. Evans,WIR-1013,Wire & Cable,4,317.33,399.44,402.71,1610.84,
INV-50088,2026-09-16,C1041,Chantilly Mechanical,B,S. Evans,LIG-1032,Lighting,6,22.45,32.7,32.38,194.28,
INV-50088,2026-09-16,C1041,Chantilly Mechanical,B,S. Evans,LIG-1032,Lighting,6,22.45,32.7,32.66,195.96,
INV-50089,2026-08-22,C1043,Dulles Building Services,B,T. Chen,HVA-1025,HVAC Equipment,2,435.7,521.87,518.67,1037.34,
INV-50089,2026-08-22,C1043,Dulles Building Services,B,T. Chen,CON-1033,Conduit & Fittings,6,3.42,4.66,4.65,27.9,
INV-50089,2026-08-22,C1043,Dulles Building Services,B,T. Chen,CON-1031,Conduit & Fittings,26,2.97,4.01,4.04,105.04,
INV-50089,2026-08-22,C1043,Dulles Building Services,B,T. Chen,LIG-1014,Lighting,16,9.82,13.85,13.72,219.52,
INV-50090,2026-07-31,C1060,Lorton Comfort Systems,C,M. Dunn,LIG-1034,Lighting,47,44.13,63.04,63.58,2988.26,
INV-50090,2026-07-31,C1060,Lorton Comfort Systems,C,M. Dunn,CON-1017,Conduit & Fittings,27,21.97,35.01,35.14,948.78,
INV-50090,2026-07-31,C1060,Lorton Comfort Systems,C,M. Dunn,CON-1015,Conduit & Fittings,20,2.29,3.31,3.28,65.6,
INV-50090,2026-07-31,C1060,Lorton Comfort Systems,C,M. Dunn,BRE-1031,Breakers & Panels,1,33.11,46.32,46.36,46.36,
INV-50091,2026-08-11,C1032,Cardinal Energy Group,B,T. Chen,BRE-1007,Breakers & Panels,19,24.67,34.58,34.77,660.63,
INV-50091,2026-08-11,C1032,Cardinal Energy Group,B,T. Chen,BRE-1012,Breakers & Panels,7,33.82,45.94,45.95,321.65,
INV-50091,2026-08-11,C1032,Cardinal Energy Group,B,T. Chen,HVA-1003,HVAC Parts,5,14.6,19.81,19.63,98.15,
INV-50091,2026-08-11,C1032,Cardinal Energy Group,B,T. Chen,HVA-1025,HVAC Equipment,1,435.7,521.87,527.0,527.0,
INV-50091,2026-08-11,C1032,Cardinal Energy Group,B,T. Chen,CON-1008,Conduit & Fittings,17,3.76,5.12,5.16,87.72,
INV-50092,2026-07-19,C1022,Burke Heating & Air,B,T. Chen,BRE-1033,Breakers & Panels,2,20.29,26.53,26.75,53.5,
INV-50092,2026-07-19,C1022,Burke Heating & Air,B,T. Chen,HVA-1034,HVAC Equipment,2,1666.74,1994.46,2001.42,4002.84,
INV-50093,2026-08-16,C1048,Dulles HVAC Services,B,R. Alvarez,BRE-1029,Breakers & Panels,10,100.96,135.16,128.91,1289.1,MGR
INV-50093,2026-08-16,C1048,Dulles HVAC Services,B,R. Alvarez,HVA-1007,HVAC Equipment,1,1114.79,1370.94,1368.68,1368.68,
INV-50093,2026-08-16,C1048,Dulles HVAC Services,B,R. Alvarez,WIR-1033,Wire & Cable,1,54.3,70.1,69.94,69.94,
INV-50094,2026-08-10,C1071,Manassas Comfort Systems,C,K. Foster,HVA-1002,HVAC Equipment,1,1734.3,2193.65,2184.87,2184.87,
INV-50094,2026-08-10,C1071,Manassas Comfort Systems,C,K. Foster,LIG-1008,Lighting,5,37.77,53.2,53.72,268.6,
INV-50094,2026-08-10,C1071,Manassas Comfort Systems,C,K. Foster,BRE-1027,Breakers & Panels,3,48.96,68.89,68.52,205.56,
INV-50094,2026-08-10,C1071,Manassas Comfort Systems,C,K. Foster,CON-1008,Conduit & Fittings,32,3.76,5.53,5.48,175.36,
INV-50095,2026-07-29,C1006,Blue Ridge Heating & Air,A,M. Dunn,LIG-1018,Lighting,9,40.2,50.38,50.24,452.16,
INV-50095,2026-07-29,C1006,Blue Ridge Heating & Air,A,M. Dunn,HVA-1001,HVAC Parts,5,24.8,29.06,29.09,145.45,
INV-50095,2026-07-29,C1006,Blue Ridge Heating & Air,A,M. Dunn,WIR-1007,Wire & Cable,2,157.76,179.99,180.98,361.96,
INV-50095,2026-07-29,C1006,Blue Ridge Heating & Air,A,M. Dunn,WIR-1003,Wire & Cable,4,52.37,58.81,59.18,236.72,
INV-50095,2026-07-29,C1006,Blue Ridge Heating & Air,A,M. Dunn,WIR-1011,Wire & Cable,5,126.22,140.4,139.73,698.65,
INV-50096,2026-07-02,C1039,Chantilly HVAC Services,B,R. Alvarez,HVA-1000,HVAC Equipment,1,402.96,495.6,479.52,479.52,MGR
INV-50096,2026-07-02,C1039,Chantilly HVAC Services,B,R. Alvarez,LIG-1000,Lighting,25,11.27,15.11,15.11,377.75,
INV-50096,2026-07-02,C1039,Chantilly HVAC Services,B,R. Alvarez,HVA-1005,HVAC Equipment,1,1913.09,2273.14,2287.52,2287.52,
INV-50096,2026-07-02,C1039,Chantilly HVAC Services,B,R. Alvarez,BRE-1021,Breakers & Panels,2,42.96,58.97,59.23,118.46,
INV-50096,2026-07-02,C1039,Chantilly HVAC Services,B,R. Alvarez,LIG-1010,Lighting,6,87.43,116.27,116.57,699.42,
INV-50097,2026-09-18,C1005,Blue Ridge Energy Group,A,M. Dunn,LIG-1000,Lighting,3,11.27,13.74,13.69,41.07,
INV-50097,2026-09-18,C1005,Blue Ridge Energy Group,A,M. Dunn,HVA-1026,HVAC Parts,1,7.14,8.42,8.42,8.42,
INV-50097,2026-09-18,C1005,Blue Ridge Energy Group,A,M. Dunn,WIR-1003,Wire & Cable,2,52.37,58.81,58.62,117.24,
INV-50097,2026-09-18,C1005,Blue Ridge Energy Group,A,M. Dunn,CON-1028,Conduit & Fittings,28,8.95,12.22,12.31,344.68,
INV-50097,2026-09-18,C1005,Blue Ridge Energy Group,A,M. Dunn,CON-1020,Conduit & Fittings,14,32.14,41.08,40.81,571.34,
INV-50097,2026-09-18,C1005,Blue Ridge Energy Group,A,M. Dunn,WIR-1028,Wire & Cable,8,76.0,88.78,88.63,709.04,
INV-50098,2026-09-18,C1115,Shenandoah Electrical Co.,C,K. Foster,CON-1024,Conduit & Fittings,48,3.43,5.6,5.59,268.32,
INV-50098,2026-09-18,C1115,Shenandoah Electrical Co.,C,K. Foster,WIR-1006,Wire & Cable,2,223.99,291.72,289.3,578.6,
INV-50098,2026-09-18,C1115,Shenandoah Electrical Co.,C,K. Foster,LIG-1015,Lighting,6,64.96,98.44,98.64,591.84,
INV-50098,2026-09-18,C1115,Shenandoah Electrical Co.,C,K. Foster,LIG-1031,Lighting,3,46.98,72.51,72.35,217.05,
INV-50099,2026-07-31,C1030,Capitol Power Systems,B,M. Dunn,WIR-1027,Wire & Cable,3,43.54,54.71,55.25,165.75,
INV-50099,2026-07-31,C1030,Capitol Power Systems,B,M. Dunn,WIR-1029,Wire & Cable,21,61.38,76.02,76.63,1609.23,
INV-50099,2026-07-31,C1030,Capitol Power Systems,B,M. Dunn,LIG-1031,Lighting,13,46.98,67.17,66.53,864.89,
INV-50099,2026-07-31,C1030,Capitol Power Systems,B,M. Dunn,HVA-1023,HVAC Equipment,3,1062.71,1242.37,1253.55,3760.65,
INV-50100,2026-09-24,C1052,Fairfax Mechanical,C,D. Brooks,BRE-1033,Breakers & Panels,23,20.29,28.64,28.56,656.88,
INV-50100,2026-09-24,C1052,Fairfax Mechanical,C,D. Brooks,BRE-1033,Breakers & Panels,2,20.29,28.64,28.9,57.8,
INV-50100,2026-09-24,C1052,Fairfax Mechanical,C,D. Brooks,WIR-1008,Wire & Cable,6,100.04,139.5,131.57,789.42,
INV-50101,2026-07-21,C1051,Fairfax Heating & Air,C,K. Foster,WIR-1021,Wire & Cable,8,162.13,222.85,224.71,1797.68,
INV-50101,2026-07-21,C1051,Fairfax Heating & Air,C,K. Foster,BRE-1023,Breakers & Panels,9,34.02,46.74,47.19,424.71,
INV-50101,2026-07-21,C1051,Fairfax Heating & Air,C,K. Foster,CON-1024,Conduit & Fittings,27,3.43,5.6,5.65,152.55,
INV-50101,2026-07-21,C1051,Fairfax Heating & Air,C,K. Foster,LIG-1035,Lighting,8,45.87,71.97,72.39,579.12,
INV-50102,2026-07-03,C1049,Dulles Heating & Air,B,K. Foster,CON-1017,Conduit & Fittings,36,21.97,32.43,32.12,1156.32,
INV-50102,2026-07-03,C1049,Dulles Heating & Air,B,K. Foster,HVA-1012,HVAC Equipment,2,922.14,1084.86,1074.07,2148.14,
INV-50102,2026-07-03,C1049,Dulles Heating & Air,B,K. Foster,HVA-1015,HVAC Parts,1,173.58,224.94,223.21,223.21,
INV-50103,2026-07-04,C1030,Capitol Power Systems,B,M. Dunn,HVA-1010,HVAC Equipment,1,1378.41,1619.42,1630.4,1630.4,
INV-50103,2026-07-04,C1030,Capitol Power Systems,B,M. Dunn,WIR-1026,Wire & Cable,8,42.97,55.34,55.39,443.12,
INV-50103,2026-07-04,C1030,Capitol Power Systems,B,M. Dunn,HVA-1007,HVAC Equipment,2,1114.79,1370.94,1357.34,2714.68,
INV-50103,2026-07-04,C1030,Capitol Power Systems,B,M. Dunn,BRE-1017,Breakers & Panels,3,33.16,46.23,45.97,137.91,
INV-50103,2026-07-04,C1030,Capitol Power Systems,B,M. Dunn,LIG-1010,Lighting,4,87.43,116.27,116.67,466.68,
INV-50103,2026-07-04,C1030,Capitol Power Systems,B,M. Dunn,HVA-1015,HVAC Equipment,1,646.24,744.3,739.38,739.38,
INV-50104,2026-08-29,C1025,Capitol Building Services,B,R. Alvarez,BRE-1009,Breakers & Panels,4,29.59,39.28,38.96,155.84,
INV-50104,2026-08-29,C1025,Capitol Building Services,B,R. Alvarez,HVA-1033,HVAC Equipment,1,1194.8,1414.73,1411.03,1411.03,
INV-50104,2026-08-29,C1025,Capitol Building Services,B,R. Alvarez,BRE-1011,Breakers & Panels,6,108.7,147.58,147.55,885.3,
INV-50104,2026-08-29,C1025,Capitol Building Services,B,R. Alvarez,WIR-1021,Wire & Cable,4,162.13,206.43,205.09,820.36,
INV-50105,2026-08-11,C1078,Mason Electric,C,D. Brooks,LIG-1010,Lighting,2,87.43,125.52,125.34,250.68,
INV-50105,2026-08-11,C1078,Mason Electric,C,D. Brooks,WIR-1007,Wire & Cable,8,157.76,213.74,212.35,1698.8,
INV-50105,2026-08-11,C1078,Mason Electric,C,D. Brooks,HVA-1021,HVAC Equipment,1,2137.62,2675.49,2685.82,2685.82,
INV-50105,2026-08-11,C1078,Mason Electric,C,D. Brooks,LIG-1035,Lighting,2,45.87,71.97,71.69,143.38,
INV-50105,2026-08-11,C1078,Mason Electric,C,D. Brooks,WIR-1024,Wire & Cable,9,274.36,378.3,375.38,3378.42,
INV-50105,2026-08-11,C1078,Mason Electric,C,D. Brooks,LIG-1005,Lighting,10,24.04,36.12,36.18,361.8,
INV-50106,2026-08-05,C1046,Dulles Electrical Co.,B,K. Foster,LIG-1009,Lighting,15,103.74,138.8,139.72,2095.8,
INV-50106,2026-08-05,C1046,Dulles Electrical Co.,B,K. Foster,HVA-1000,HVAC Parts,5,6.37,9.06,9.08,45.4,
INV-50106,2026-08-05,C1046,Dulles Electrical Co.,B,K. Foster,CON-1023,Conduit & Fittings,17,53.8,73.76,74.45,1265.65,
INV-50107,2026-07-21,C1077,Manassas Heating & Air,C,T. Chen,CON-1020,Conduit & Fittings,9,32.14,48.78,48.79,439.11,
INV-50107,2026-07-21,C1077,Manassas Heating & Air,C,T. Chen,WIR-1013,Wire & Cable,5,317.33,431.21,427.06,2135.3,
INV-50107,2026-07-21,C1077,Manassas Heating & Air,C,T. Chen,HVA-1015,HVAC Parts,6,173.58,242.83,243.22,1459.32,
INV-50108,2026-06-30,C1016,Burke Building Services,B,K. Foster,CON-1031,Conduit & Fittings,8,2.97,4.01,4.01,32.08,
INV-50108,2026-06-30,C1016,Burke Building Services,B,K. Foster,CON-1031,Conduit & Fittings,12,2.97,4.01,3.99,47.88,
INV-50108,2026-06-30,C1016,Burke Building Services,B,K. Foster,HVA-1009,HVAC Equipment,1,1188.73,1457.75,1466.64,1466.64,
INV-50108,2026-06-30,C1016,Burke Building Services,B,K. Foster,CON-1003,Conduit & Fittings,4,2.25,3.31,3.34,13.36,
INV-50108,2026-06-30,C1016,Burke Building Services,B,K. Foster,BRE-1018,Breakers & Panels,4,111.4,141.4,141.08,564.32,
INV-50108,2026-06-30,C1016,Burke Building Services,B,K. Foster,LIG-1003,Lighting,9,183.14,264.01,263.55,2371.95,
INV-50109,2026-09-07,C1028,Capitol HVAC Services,B,S. Evans,WIR-1009,Wire & Cable,11,329.33,431.75,428.12,4709.32,
INV-50109,2026-09-07,C1028,Capitol HVAC Services,B,S. Evans,LIG-1025,Lighting,3,11.2,15.59,15.52,46.56,
INV-50109,2026-09-07,C1028,Capitol HVAC Services,B,S. Evans,WIR-1021,Wire & Cable,9,162.13,206.43,205.36,1848.24,
INV-50110,2026-08-24,C1054,Leesburg Building Services,C,R. Alvarez,HVA-1003,HVAC Equipment,1,767.04,951.91,944.31,944.31,
INV-50110,2026-08-24,C1054,Leesburg Building Services,C,R. Alvarez,BRE-1030,Breakers & Panels,3,12.43,17.18,17.11,51.33,
INV-50110,2026-08-24,C1054,Leesburg Building Services,C,R. Alvarez,HVA-1003,HVAC Equipment,4,767.04,951.91,944.28,3777.12,
INV-50111,2026-07-25,C1013,Bull Run HVAC Services,A,D. Brooks,WIR-1002,Wire & Cable,12,152.66,178.87,163.56,1962.72,
INV-50111,2026-07-25,C1013,Bull Run HVAC Services,A,D. Brooks,BRE-1030,Breakers & Panels,3,12.43,14.46,14.6,43.8,
INV-50111,2026-07-25,C1013,Bull Run HVAC Services,A,D. Brooks,LIG-1012,Lighting,3,28.4,34.41,34.07,102.21,
INV-50112,2026-07-12,C1035,Chantilly Contracting,B,S. Evans,WIR-1025,Wire & Cable,3,108.67,137.62,138.01,414.03,
INV-50112,2026-07-12,C1035,Chantilly Contracting,B,S. Evans,WIR-1018,Wire & Cable,5,47.93,62.87,63.07,315.35,
INV-50112,2026-07-12,C1035,Chantilly Contracting,B,S. Evans,LIG-1026,Lighting,11,15.8,21.64,21.51,236.61,
INV-50113,2026-08-19,C1064,Lorton Power Systems,C,S. Evans,HVA-1030,HVAC Parts,4,7.81,11.67,11.73,46.92,
INV-50113,2026-08-19,C1064,Lorton Power Systems,C,S. Evans,HVA-1019,HVAC Parts,21,165.59,243.31,244.38,5131.98,
INV-50113,2026-08-19,C1064,Lorton Power Systems,C,S. Evans,LIG-1007,Lighting,3,114.08,160.95,160.75,482.25,
INV-50113,2026-08-19,C1064,Lorton Power Systems,C,S. Evans,HVA-1027,HVAC Parts,6,66.45,94.87,94.86,569.16,
INV-50114,2026-08-29,C1116,Shenandoah Energy Group,C,D. Brooks,HVA-1029,HVAC Equipment,1,706.2,932.61,930.37,930.37,
INV-50114,2026-08-29,C1116,Shenandoah Energy Group,C,D. Brooks,BRE-1031,Breakers & Panels,5,33.11,46.32,41.81,209.05,
INV-50114,2026-08-29,C1116,Shenandoah Energy Group,C,D. Brooks,HVA-1027,HVAC Equipment,3,2166.2,2824.05,2832.17,8496.51,
INV-50114,2026-08-29,C1116,Shenandoah Energy Group,C,D. Brooks,HVA-1024,HVAC Parts,3,167.27,257.43,257.04,771.12,
INV-50115,2026-07-24,C1115,Shenandoah Electrical Co.,C,K. Foster,HVA-1004,HVAC Equipment,1,1034.98,1365.81,1352.9,1352.9,
INV-50115,2026-07-24,C1115,Shenandoah Electrical Co.,C,K. Foster,HVA-1006,HVAC Equipment,3,495.45,649.44,644.51,1933.53,
INV-50115,2026-07-24,C1115,Shenandoah Electrical Co.,C,K. Foster,BRE-1026,Breakers & Panels,15,12.67,17.71,17.71,265.65,
INV-50116,2026-08-28,C1008,Bull Run Comfort Systems,A,D. Brooks,WIR-1007,Wire & Cable,1,157.76,179.99,179.95,179.95,
INV-50116,2026-08-28,C1008,Bull Run Comfort Systems,A,D. Brooks,HVA-1018,HVAC Parts,7,116.07,143.82,144.12,1008.84,
INV-50117,2026-07-24,C1016,Burke Building Services,B,K. Foster,HVA-1020,HVAC Equipment,9,953.96,1097.57,1104.56,9941.04,
INV-50117,2026-07-24,C1016,Burke Building Services,B,K. Foster,LIG-1007,Lighting,10,114.08,149.09,147.71,1477.1,
INV-50117,2026-07-24,C1016,Burke Building Services,B,K. Foster,LIG-1031,Lighting,5,46.98,67.17,67.73,338.65,
INV-50117,2026-07-24,C1016,Burke Building Services,B,K. Foster,CON-1012,Conduit & Fittings,31,12.67,17.91,17.91,555.21,
INV-50117,2026-07-24,C1016,Burke Building Services,B,K. Foster,LIG-1028,Lighting,33,42.41,58.41,58.84,1941.72,
INV-50118,2026-07-16,C1031,Cardinal Comfort Systems,B,T. Chen,BRE-1026,Breakers & Panels,2,12.67,16.4,16.42,32.84,
INV-50118,2026-07-16,C1031,Cardinal Comfort Systems,B,T. Chen,HVA-1029,HVAC Equipment,1,706.2,863.89,871.41,871.41,
INV-50118,2026-07-16,C1031,Cardinal Comfort Systems,B,T. Chen,LIG-1008,Lighting,6,37.77,49.28,49.19,295.14,
INV-50118,2026-07-16,C1031,Cardinal Comfort Systems,B,T. Chen,LIG-1012,Lighting,5,28.4,37.85,37.8,189.0,
INV-50119,2026-08-07,C1047,Dulles Energy Group,B,T. Chen,HVA-1034,HVAC Equipment,1,1666.74,1994.46,2001.37,2001.37,
INV-50119,2026-08-07,C1047,Dulles Energy Group,B,T. Chen,BRE-1006,Breakers & Panels,3,18.77,25.36,25.49,76.47,
INV-50119,2026-08-07,C1047,Dulles Energy Group,B,T. Chen,CON-1025,Conduit & Fittings,44,8.4,11.81,11.71,515.24,
INV-50119,2026-08-07,C1047,Dulles Energy Group,B,T. Chen,WIR-1001,Wire & Cable,18,67.02,81.07,81.36,1464.48,
INV-50119,2026-08-07,C1047,Dulles Energy Group,B,T. Chen,CON-1018,Conduit & Fittings,6,4.8,7.03,7.05,42.3,
INV-50119,2026-08-07,C1047,Dulles Energy Group,B,T. Chen,LIG-1005,Lighting,3,24.04,33.46,33.29,99.87,
INV-50120,2026-08-01,C1009,Bull Run Contracting,A,M. Dunn,LIG-1022,Lighting,12,13.9,16.91,16.74,200.88,
INV-50120,2026-08-01,C1009,Bull Run Contracting,A,M. Dunn,CON-1010,Conduit & Fittings,9,12.81,15.62,15.75,141.75,
INV-50120,2026-08-01,C1009,Bull Run Contracting,A,M. Dunn,HVA-1012,HVAC Equipment,1,922.14,986.23,993.8,993.8,
INV-50121,2026-09-05,C1012,Bull Run Energy Group,A,D. Brooks,WIR-1034,Wire & Cable,6,60.49,70.27,70.1,420.6,
INV-50121,2026-09-05,C1012,Bull Run Energy Group,A,D. Brooks,BRE-1006,Breakers & Panels,19,18.77,23.06,20.66,392.54,
INV-50121,2026-09-05,C1012,Bull Run Energy Group,A,D. Brooks,HVA-1031,HVAC Equipment,2,1021.28,1131.8,1126.09,2252.18,
INV-50121,2026-09-05,C1012,Bull Run Energy Group,A,D. Brooks,CON-1000,Conduit & Fittings,4,23.85,29.44,29.66,118.64,
INV-50121,2026-09-05,C1012,Bull Run Energy Group,A,D. Brooks,BRE-1000,Breakers & Panels,7,42.31,52.94,48.77,341.39,
INV-50122,2026-07-20,C1047,Dulles Energy Group,B,T. Chen,HVA-1031,HVAC Parts,4,45.05,61.3,61.41,245.64,
INV-50122,2026-07-20,C1047,Dulles Energy Group,B,T. Chen,HVA-1007,HVAC Equipment,4,1114.79,1370.94,1369.95,5479.8,
INV-50123,2026-07-04,C1064,Lorton Power Systems,C,S. Evans,WIR-1028,Wire & Cable,8,76.0,105.43,105.08,840.64,
INV-50123,2026-07-04,C1064,Lorton Power Systems,C,S. Evans,HVA-1028,HVAC Equipment,1,685.83,878.65,876.13,876.13,
INV-50123,2026-07-04,C1064,Lorton Power Systems,C,S. Evans,WIR-1011,Wire & Cable,2,126.22,166.72,165.28,330.56,
INV-50123,2026-07-04,C1064,Lorton Power Systems,C,S. Evans,BRE-1001,Breakers & Panels,4,38.81,53.94,53.85,215.4,
INV-50123,2026-07-04,C1064,Lorton Power Systems,C,S. Evans,BRE-1024,Breakers & Panels,7,23.6,32.69,32.56,227.92,
INV-50124,2026-09-07,C1015,Bull Run Power Systems,A,R. Alvarez,WIR-1003,Wire & Cable,4,52.37,58.81,58.32,233.28,
INV-50124,2026-09-07,C1015,Bull Run Power Systems,A,R. Alvarez,CON-1017,Conduit & Fittings,5,21.97,29.48,29.77,148.85,
INV-50125,2026-07-02,C1041,Chantilly Mechanical,B,S. Evans,WIR-1013,Wire & Cable,8,317.33,399.44,402.15,3217.2,
INV-50125,2026-07-02,C1041,Chantilly Mechanical,B,S. Evans,HVA-1028,HVAC Parts,2,6.16,8.45,8.53,17.06,
INV-50125,2026-07-02,C1041,Chantilly Mechanical,B,S. Evans,CON-1030,Conduit & Fittings,44,42.26,61.79,61.36,2699.84,
INV-50126,2026-08-03,C1041,Chantilly Mechanical,B,S. Evans,WIR-1022,Wire & Cable,1,83.06,108.21,96.42,96.42,
INV-50126,2026-08-03,C1041,Chantilly Mechanical,B,S. Evans,WIR-1013,Wire & Cable,9,317.33,399.44,396.95,3572.55,
INV-50126,2026-08-03,C1041,Chantilly Mechanical,B,S. Evans,WIR-1033,Wire & Cable,4,54.3,70.1,69.78,279.12,
INV-50126,2026-08-03,C1041,Chantilly Mechanical,B,S. Evans,BRE-1011,Breakers & Panels,4,108.7,147.58,136.88,547.52,
INV-50126,2026-08-03,C1041,Chantilly Mechanical,B,S. Evans,CON-1015,Conduit & Fittings,6,2.29,3.06,2.88,17.28,
INV-50127,2026-09-17,C1059,Leesburg Mechanical,C,K. Foster,WIR-1014,Wire & Cable,14,313.51,430.78,428.88,6004.32,
INV-50127,2026-09-17,C1059,Leesburg Mechanical,C,K. Foster,HVA-1004,HVAC Equipment,1,1034.98,1365.81,1281.1,1281.1,
INV-50127,2026-09-17,C1059,Leesburg Mechanical,C,K. Foster,WIR-1031,Wire & Cable,6,333.43,461.37,457.69,2746.14,
INV-50128,2026-09-22,C1015,Bull Run Power Systems,A,R. Alvarez,HVA-1023,HVAC Parts,25,188.12,243.52,242.36,6059.0,
INV-50128,2026-09-22,C1015,Bull Run Power Systems,A,R. Alvarez,BRE-1006,Breakers & Panels,4,18.77,23.06,23.24,92.96,
INV-50128,2026-09-22,C1015,Bull Run Power Systems,A,R. Alvarez,HVA-1013,HVAC Equipment,2,1860.42,2014.86,2016.59,4033.18,
INV-50128,2026-09-22,C1015,Bull Run Power Systems,A,R. Alvarez,CON-1010,Conduit & Fittings,4,12.81,15.62,15.77,63.08,
INV-50129,2026-09-06,C1041,Chantilly Mechanical,B,S. Evans,CON-1031,Conduit & Fittings,7,2.97,4.01,4.02,28.14,
INV-50129,2026-09-06,C1041,Chantilly Mechanical,B,S. Evans,BRE-1010,Breakers & Panels,8,41.23,52.4,46.97,375.76,
INV-50129,2026-09-06,C1041,Chantilly Mechanical,B,S. Evans,WIR-1014,Wire & Cable,5,313.51,399.04,363.56,1817.8,
INV-50130,2026-08-17,C1029,Capitol Mechanical,B,M. Dunn,BRE-1035,Breakers & Panels,22,97.51,130.81,130.16,2863.52,
INV-50130,2026-08-17,C1029,Capitol Mechanical,B,M. Dunn,HVA-1014,HVAC Parts,7,114.93,156.02,155.87,1091.09,
INV-50131,2026-08-12,C1016,Burke Building Services,B,K. Foster,HVA-1002,HVAC Equipment,2,1734.3,2032.02,2022.69,4045.38,
INV-50131,2026-08-12,C1016,Burke Building Services,B,K. Foster,CON-1012,Conduit & Fittings,16,12.67,17.91,18.02,288.32,
INV-50132,2026-07-17,C1110,Ridgeline Energy Group,C,M. Dunn,HVA-1035,HVAC Parts,10,33.23,47.25,47.11,471.1,
INV-50132,2026-07-17,C1110,Ridgeline Energy Group,C,M. Dunn,CON-1030,Conduit & Fittings,30,42.26,66.71,66.74,2002.2,
INV-50132,2026-07-17,C1110,Ridgeline Energy Group,C,M. Dunn,HVA-1027,HVAC Parts,2,66.45,94.87,94.79,189.58,
INV-50133,2026-08-15,C1074,Manassas Electrical Co.,C,M. Dunn,BRE-1022,Breakers & Panels,3,51.87,77.78,78.11,234.33,
INV-50133,2026-08-15,C1074,Manassas Electrical Co.,C,M. Dunn,HVA-1031,HVAC Equipment,1,1021.28,1344.01,1345.93,1345.93,
INV-50133,2026-08-15,C1074,Manassas Electrical Co.,C,M. Dunn,HVA-1027,HVAC Equipment,5,2166.2,2824.05,2817.38,14086.9,
INV-50134,2026-08-15,C1095,Potomac Electric,C,S. Evans,CON-1009,Conduit & Fittings,24,17.71,27.1,27.25,654.0,
INV-50134,2026-08-15,C1095,Potomac Electric,C,S. Evans,CON-1009,Conduit & Fittings,6,17.71,27.1,27.11,162.66,
INV-50134,2026-08-15,C1095,Potomac Electric,C,S. Evans,WIR-1005,Wire & Cable,5,392.51,518.85,515.27,2576.35,
INV-50135,2026-07-24,C1009,Bull Run Contracting,A,M. Dunn,WIR-1026,Wire & Cable,5,42.97,50.31,50.26,251.3,
INV-50135,2026-07-24,C1009,Bull Run Contracting,A,M. Dunn,HVA-1032,HVAC Parts,1,40.36,49.89,50.15,50.15,
INV-50135,2026-07-24,C1009,Bull Run Contracting,A,M. Dunn,CON-1027,Conduit & Fittings,10,53.89,70.66,70.48,704.8,
INV-50136,2026-07-13,C1035,Chantilly Contracting,B,S. Evans,WIR-1021,Wire & Cable,7,162.13,206.43,205.11,1435.77,
INV-50136,2026-07-13,C1035,Chantilly Contracting,B,S. Evans,BRE-1016,Breakers & Panels,2,22.89,30.06,28.48,56.96,
INV-50136,2026-07-13,C1035,Chantilly Contracting,B,S. Evans,WIR-1027,Wire & Cable,6,43.54,54.71,54.87,329.22,
INV-50136,2026-07-13,C1035,Chantilly Contracting,B,S. Evans,WIR-1029,Wire & Cable,2,61.38,76.02,75.56,151.12,
INV-50137,2026-07-09,C1014,Bull Run Heating & Air,A,S. Evans,BRE-1011,Breakers & Panels,16,108.7,134.17,126.4,2022.4,
INV-50137,2026-07-09,C1014,Bull Run Heating & Air,A,S. Evans,HVA-1018,HVAC Parts,4,116.07,143.82,145.21,580.84,
INV-50137,2026-07-09,C1014,Bull Run Heating & Air,A,S. Evans,LIG-1001,Lighting,6,30.22,36.48,36.46,218.76,
INV-50137,2026-07-09,C1014,Bull Run Heating & Air,A,S. Evans,CON-1035,Conduit & Fittings,5,50.27,68.94,68.54,342.7,
INV-50137,2026-07-09,C1014,Bull Run Heating & Air,A,S. Evans,WIR-1018,Wire & Cable,45,47.93,57.15,53.32,2399.4,VERBAL
INV-50137,2026-07-09,C1014,Bull Run Heating & Air,A,S. Evans,CON-1017,Conduit & Fittings,14,21.97,29.48,29.48,412.72,
INV-50138,2026-07-06,C1050,Fairfax Comfort Systems,B,R. Alvarez,LIG-1025,Lighting,8,11.2,15.59,15.54,124.32,
INV-50138,2026-07-06,C1050,Fairfax Comfort Systems,B,R. Alvarez,HVA-1025,HVAC Parts,2,66.1,94.27,95.21,190.42,
INV-50138,2026-07-06,C1050,Fairfax Comfort Systems,B,R. Alvarez,HVA-1009,HVAC Equipment,3,1188.73,1457.75,1455.72,4367.16,
INV-50138,2026-07-06,C1050,Fairfax Comfort Systems,B,R. Alvarez,HVA-1005,HVAC Parts,2,90.38,116.42,117.46,234.92,
INV-50138,2026-07-06,C1050,Fairfax Comfort Systems,B,R. Alvarez,WIR-1024,Wire & Cable,6,274.36,350.42,351.92,2111.52,
INV-50139,2026-07-14,C1025,Capitol Building Services,B,R. Alvarez,HVA-1027,HVAC Parts,2,66.45,87.88,88.31,176.62,
INV-50139,2026-07-14,C1025,Capitol Building Services,B,R. Alvarez,LIG-1030,Lighting,8,127.4,174.95,174.86,1398.88,
INV-50139,2026-07-14,C1025,Capitol Building Services,B,R. Alvarez,CON-1001,Conduit & Fittings,16,32.08,46.43,46.0,736.0,
INV-50139,2026-07-14,C1025,Capitol Building Services,B,R. Alvarez,CON-1024,Conduit & Fittings,5,3.43,5.18,5.2,26.0,
INV-50140,2026-09-13,C1087,Occoquan Power Systems,C,K. Foster,CON-1017,Conduit & Fittings,4,21.97,35.01,34.93,139.72,
INV-50140,2026-09-13,C1087,Occoquan Power Systems,C,K. Foster,CON-1003,Conduit & Fittings,39,2.25,3.57,3.58,139.62,
INV-50140,2026-09-13,C1087,Occoquan Power Systems,C,K. Foster,HVA-1013,HVAC Parts,9,12.39,17.66,17.57,158.13,
INV-50140,2026-09-13,C1087,Occoquan Power Systems,C,K. Foster,CON-1013,Conduit & Fittings,5,25.39,37.33,37.7,188.5,
INV-50140,2026-09-13,C1087,Occoquan Power Systems,C,K. Foster,HVA-1027,HVAC Parts,4,66.45,94.87,95.57,382.28,
INV-50141,2026-08-31,C1015,Bull Run Power Systems,A,R. Alvarez,WIR-1013,Wire & Cable,4,317.33,363.13,362.32,1449.28,
INV-50141,2026-08-31,C1015,Bull Run Power Systems,A,R. Alvarez,HVA-1013,HVAC Parts,7,12.39,14.87,14.73,103.11,
INV-50141,2026-08-31,C1015,Bull Run Power Systems,A,R. Alvarez,CON-1028,Conduit & Fittings,12,8.95,12.22,12.33,147.96,
INV-50141,2026-08-31,C1015,Bull Run Power Systems,A,R. Alvarez,LIG-1030,Lighting,13,127.4,159.05,158.0,2054.0,
INV-50141,2026-08-31,C1015,Bull Run Power Systems,A,R. Alvarez,WIR-1027,Wire & Cable,9,43.54,49.74,49.82,448.38,
INV-50142,2026-08-28,C1105,Reston Heating & Air,C,K. Foster,CON-1019,Conduit & Fittings,6,3.49,5.15,5.15,30.9,
INV-50142,2026-08-28,C1105,Reston Heating & Air,C,K. Foster,HVA-1023,HVAC Parts,8,188.12,289.18,286.5,2292.0,
INV-50142,2026-08-28,C1105,Reston Heating & Air,C,K. Foster,HVA-1024,HVAC Equipment,1,2463.08,3218.36,3191.82,3191.82,
INV-50143,2026-08-16,C1029,Capitol Mechanical,B,M. Dunn,BRE-1022,Breakers & Panels,7,51.87,72.05,71.49,500.43,
INV-50143,2026-08-16,C1029,Capitol Mechanical,B,M. Dunn,HVA-1026,HVAC Equipment,1,478.34,588.01,589.28,589.28,
INV-50143,2026-08-16,C1029,Capitol Mechanical,B,M. Dunn,HVA-1014,HVAC Parts,2,114.93,156.02,155.98,311.96,
INV-50143,2026-08-16,C1029,Capitol Mechanical,B,M. Dunn,HVA-1010,HVAC Equipment,1,1378.41,1619.42,1633.8,1633.8,
INV-50143,2026-08-16,C1029,Capitol Mechanical,B,M. Dunn,HVA-1008,HVAC Parts,4,23.36,30.69,30.7,122.8,
INV-50143,2026-08-16,C1029,Capitol Mechanical,B,M. Dunn,LIG-1029,Lighting,4,98.21,131.64,130.99,523.96,
INV-50144,2026-09-24,C1026,Capitol Comfort Systems,B,R. Alvarez,WIR-1031,Wire & Cable,8,333.43,427.37,429.37,3434.96,
INV-50144,2026-09-24,C1026,Capitol Comfort Systems,B,R. Alvarez,LIG-1024,Lighting,17,41.61,56.47,56.24,956.08,
INV-50145,2026-09-04,C1007,Bull Run Building Services,A,M. Dunn,HVA-1000,HVAC Parts,8,6.37,8.23,8.27,66.16,
INV-50145,2026-09-04,C1007,Bull Run Building Services,A,M. Dunn,BRE-1023,Breakers & Panels,1,34.02,39.36,39.73,39.73,
INV-50146,2026-07-20,C1001,Blue Ridge Building Services,A,M. Dunn,HVA-1034,HVAC Equipment,3,1666.74,1813.14,1796.79,5390.37,
INV-50146,2026-07-20,C1001,Blue Ridge Building Services,A,M. Dunn,LIG-1001,Lighting,28,30.22,36.48,36.57,1023.96,
INV-50146,2026-07-20,C1001,Blue Ridge Building Services,A,M. Dunn,CON-1011,Conduit & Fittings,52,4.24,5.38,5.37,279.24,
INV-50146,2026-07-20,C1001,Blue Ridge Building Services,A,M. Dunn,CON-1002,Conduit & Fittings,12,2.46,3.24,3.24,38.88,
INV-50146,2026-07-20,C1001,Blue Ridge Building Services,A,M. Dunn,WIR-1032,Wire & Cable,6,294.58,333.89,330.68,1984.08,
INV-50146,2026-07-20,C1001,Blue Ridge Building Services,A,M. Dunn,BRE-1000,Breakers & Panels,16,42.31,52.94,52.89,846.24,
INV-50147,2026-08-10,C1007,Bull Run Building Services,A,M. Dunn,HVA-1011,HVAC Parts,1,8.86,11.51,11.56,11.56,
INV-50147,2026-08-10,C1007,Bull Run Building Services,A,M. Dunn,LIG-1013,Lighting,2,9.5,11.76,11.7,23.4,
INV-50147,2026-08-10,C1007,Bull Run Building Services,A,M. Dunn,HVA-1024,HVAC Equipment,4,2463.08,2710.2,2735.06,10940.24,
INV-50147,2026-08-10,C1007,Bull Run Building Services,A,M. Dunn,BRE-1010,Breakers & Panels,2,41.23,47.63,47.33,94.66,
INV-50147,2026-08-10,C1007,Bull Run Building Services,A,M. Dunn,WIR-1031,Wire & Cable,5,333.43,388.52,386.66,1933.3,
INV-50147,2026-08-10,C1007,Bull Run Building Services,A,M. Dunn,CON-1002,Conduit & Fittings,6,2.46,3.24,3.27,19.62,
INV-50148,2026-08-08,C1011,Bull Run Electrical Co.,A,D. Brooks,HVA-1015,HVAC Parts,5,173.58,204.49,203.76,1018.8,
INV-50148,2026-08-08,C1011,Bull Run Electrical Co.,A,D. Brooks,HVA-1014,HVAC Parts,9,114.93,141.83,142.87,1285.83,
INV-50148,2026-08-08,C1011,Bull Run Electrical Co.,A,D. Brooks,HVA-1005,HVAC Parts,9,90.38,105.84,106.42,957.78,
INV-50148,2026-08-08,C1011,Bull Run Electrical Co.,A,D. Brooks,LIG-1025,Lighting,7,11.2,14.18,14.2,99.4,
INV-50148,2026-08-08,C1011,Bull Run Electrical Co.,A,D. Brooks,HVA-1024,HVAC Parts,3,167.27,216.78,216.36,649.08,
INV-50149,2026-07-12,C1107,Reston Power Systems,C,T. Chen,WIR-1006,Wire & Cable,14,223.99,291.72,291.8,4085.2,
INV-50149,2026-07-12,C1107,Reston Power Systems,C,T. Chen,LIG-1009,Lighting,14,103.74,149.84,150.7,2109.8,
INV-50149,2026-07-12,C1107,Reston Power Systems,C,T. Chen,CON-1027,Conduit & Fittings,12,53.89,83.9,83.66,1003.92,
INV-50149,2026-07-12,C1107,Reston Power Systems,C,T. Chen,LIG-1020,Lighting,2,23.46,33.62,33.46,66.92,
INV-50149,2026-07-12,C1107,Reston Power Systems,C,T. Chen,WIR-1008,Wire & Cable,1,100.04,139.5,140.74,140.74,
INV-50150,2026-07-31,C1112,Ridgeline Heating & Air,C,S. Evans,LIG-1012,Lighting,2,28.4,40.86,40.7,81.4,
INV-50150,2026-07-31,C1112,Ridgeline Heating & Air,C,S. Evans,WIR-1001,Wire & Cable,7,67.02,87.51,79.04,553.28,
INV-50150,2026-07-31,C1112,Ridgeline Heating & Air,C,S. Evans,HVA-1029,HVAC Parts,4,7.05,10.8,10.79,43.16,
INV-50150,2026-07-31,C1112,Ridgeline Heating & Air,C,S. Evans,HVA-1035,HVAC Equipment,18,1183.06,1516.96,1515.92,27286.56,
INV-50151,2026-09-13,C1011,Bull Run Electrical Co.,A,D. Brooks,WIR-1028,Wire & Cable,3,76.0,88.78,84.14,252.42,VERBAL
INV-50151,2026-09-13,C1011,Bull Run Electrical Co.,A,D. Brooks,HVA-1030,HVAC Parts,6,7.81,9.82,9.84,59.04,
INV-50151,2026-09-13,C1011,Bull Run Electrical Co.,A,D. Brooks,LIG-1012,Lighting,52,28.4,34.41,34.34,1785.68,
INV-50151,2026-09-13,C1011,Bull Run Electrical Co.,A,D. Brooks,CON-1034,Conduit & Fittings,21,17.7,22.0,22.15,465.15,
INV-50151,2026-09-13,C1011,Bull Run Electrical Co.,A,D. Brooks,CON-1032,Conduit & Fittings,86,22.74,29.79,29.66,2550.76,
INV-50152,2026-07-10,C1030,Capitol Power Systems,B,M. Dunn,BRE-1011,Breakers & Panels,3,108.7,147.58,146.94,440.82,
INV-50152,2026-07-10,C1030,Capitol Power Systems,B,M. Dunn,LIG-1006,Lighting,11,17.96,25.81,25.9,284.9,
INV-50153,2026-08-18,C1006,Blue Ridge Heating & Air,A,M. Dunn,LIG-1006,Lighting,2,17.96,23.46,23.63,47.26,
INV-50153,2026-08-18,C1006,Blue Ridge Heating & Air,A,M. Dunn,WIR-1020,Wire & Cable,4,212.93,240.9,241.6,966.4,
INV-50153,2026-08-18,C1006,Blue Ridge Heating & Air,A,M. Dunn,LIG-1000,Lighting,8,11.27,13.74,13.74,109.92,
INV-50153,2026-08-18,C1006,Blue Ridge Heating & Air,A,M. Dunn,HVA-1033,HVAC Equipment,1,1194.8,1286.12,1283.57,1283.57,
INV-50153,2026-08-18,C1006,Blue Ridge Heating & Air,A,M. Dunn,HVA-1009,HVAC Equipment,2,1188.73,1325.22,1325.7,2651.4,
INV-50154,2026-09-17,C1010,Bull Run Electric,A,K. Foster,LIG-1032,Lighting,8,22.45,29.73,29.51,236.08,
INV-50154,2026-09-17,C1010,Bull Run Electric,A,K. Foster,HVA-1004,HVAC Equipment,1,1034.98,1150.15,1145.22,1145.22,
INV-50154,2026-09-17,C1010,Bull Run Electric,A,K. Foster,CON-1010,Conduit & Fittings,28,12.81,15.62,15.5,434.0,
INV-50154,2026-09-17,C1010,Bull Run Electric,A,K. Foster,WIR-1029,Wire & Cable,35,61.38,69.11,69.23,2423.05,
INV-50155,2026-09-16,C1068,Loudoun Heating & Air,C,T. Chen,HVA-1001,HVAC Parts,1,24.8,34.51,34.33,34.33,
INV-50155,2026-09-16,C1068,Loudoun Heating & Air,C,T. Chen,LIG-1010,Lighting,8,87.43,125.52,125.25,1002.0,
INV-50156,2026-08-31,C1017,Burke Contracting,B,K. Foster,HVA-1001,HVAC Parts,6,24.8,31.97,32.11,192.66,
INV-50156,2026-08-31,C1017,Burke Contracting,B,K. Foster,WIR-1017,Wire & Cable,8,51.35,65.17,65.47,523.76,
INV-50156,2026-08-31,C1017,Burke Contracting,B,K. Foster,CON-1000,Conduit & Fittings,72,23.85,32.38,32.52,2341.44,
INV-50156,2026-08-31,C1017,Burke Contracting,B,K. Foster,LIG-1022,Lighting,6,13.9,18.6,18.72,112.32,
INV-50156,2026-08-31,C1017,Burke Contracting,B,K. Foster,WIR-1012,Wire & Cable,4,133.61,163.27,164.45,657.8,
INV-50156,2026-08-31,C1017,Burke Contracting,B,K. Foster,WIR-1033,Wire & Cable,8,54.3,70.1,69.9,559.2,
INV-50157,2026-08-31,C1005,Blue Ridge Energy Group,A,M. Dunn,HVA-1007,HVAC Parts,2,201.93,238.82,239.24,478.48,
INV-50157,2026-08-31,C1005,Blue Ridge Energy Group,A,M. Dunn,HVA-1004,HVAC Equipment,1,1034.98,1150.15,1140.7,1140.7,
INV-50157,2026-08-31,C1005,Blue Ridge Energy Group,A,M. Dunn,HVA-1016,HVAC Equipment,1,1182.28,1240.67,1238.71,1238.71,
INV-50158,2026-09-25,C1032,Cardinal Energy Group,B,T. Chen,HVA-1005,HVAC Parts,7,90.38,116.42,116.51,815.57,
INV-50158,2026-09-25,C1032,Cardinal Energy Group,B,T. Chen,BRE-1033,Breakers & Panels,8,20.29,26.53,26.42,211.36,
INV-50158,2026-09-25,C1032,Cardinal Energy Group,B,T. Chen,LIG-1034,Lighting,11,44.13,58.4,58.24,640.64,
INV-50158,2026-09-25,C1032,Cardinal Energy Group,B,T. Chen,WIR-1016,Wire & Cable,5,87.34,107.19,107.87,539.35,
INV-50158,2026-09-25,C1032,Cardinal Energy Group,B,T. Chen,BRE-1034,Breakers & Panels,4,68.77,93.74,93.88,375.52,
INV-50158,2026-09-25,C1032,Cardinal Energy Group,B,T. Chen,LIG-1028,Lighting,30,42.41,58.41,58.2,1746.0,
INV-50159,2026-08-08,C1046,Dulles Electrical Co.,B,K. Foster,CON-1011,Conduit & Fittings,56,4.24,5.92,5.95,333.2,
INV-50159,2026-08-08,C1046,Dulles Electrical Co.,B,K. Foster,LIG-1018,Lighting,12,40.2,55.41,55.62,667.44,
INV-50159,2026-08-08,C1046,Dulles Electrical Co.,B,K. Foster,WIR-1030,Wire & Cable,7,123.15,152.62,153.98,1077.86,
INV-50160,2026-07-27,C1012,Bull Run Energy Group,A,D. Brooks,BRE-1018,Breakers & Panels,2,111.4,128.54,116.84,233.68,
INV-50160,2026-07-27,C1012,Bull Run Energy Group,A,D. Brooks,WIR-1006,Wire & Cable,5,223.99,245.66,243.76,1218.8,
INV-50160,2026-07-27,C1012,Bull Run Energy Group,A,D. Brooks,BRE-1031,Breakers & Panels,18,33.11,39.01,35.07,631.26,
INV-50160,2026-07-27,C1012,Bull Run Energy Group,A,D. Brooks,CON-1015,Conduit & Fittings,16,2.29,2.78,2.8,44.8,
INV-50160,2026-07-27,C1012,Bull Run Energy Group,A,D. Brooks,BRE-1023,Breakers & Panels,20,34.02,39.36,39.53,790.6,
INV-50161,2026-08-12,C1006,Blue Ridge Heating & Air,A,M. Dunn,LIG-1035,Lighting,9,45.87,60.61,60.17,541.53,
INV-50161,2026-08-12,C1006,Blue Ridge Heating & Air,A,M. Dunn,BRE-1000,Breakers & Panels,3,42.31,52.94,52.54,157.62,
INV-50161,2026-08-12,C1006,Blue Ridge Heating & Air,A,M. Dunn,HVA-1025,HVAC Equipment,1,435.7,474.42,472.15,472.15,
INV-50162,2026-07-31,C1002,Blue Ridge Comfort Systems,A,S. Evans,HVA-1027,HVAC Parts,1,66.45,79.89,80.55,80.55,
INV-50162,2026-07-31,C1002,Blue Ridge Comfort Systems,A,S. Evans,HVA-1018,HVAC Equipment,2,798.66,872.34,872.25,1744.5,
INV-50162,2026-07-31,C1002,Blue Ridge Comfort Systems,A,S. Evans,LIG-1009,Lighting,12,103.74,126.18,125.18,1502.16,
INV-50163,2026-09-17,C1082,Occoquan Building Services,C,D. Brooks,HVA-1001,HVAC Equipment,5,1321.74,1747.63,1755.26,8776.3,
INV-50163,2026-09-17,C1082,Occoquan Building Services,C,D. Brooks,HVA-1007,HVAC Parts,5,201.93,283.59,282.16,1410.8,
INV-50163,2026-09-17,C1082,Occoquan Building Services,C,D. Brooks,LIG-1019,Lighting,1,22.4,32.58,32.4,32.4,
INV-50163,2026-09-17,C1082,Occoquan Building Services,C,D. Brooks,HVA-1007,HVAC Parts,4,201.93,283.59,273.23,1092.92,VERBAL
INV-50163,2026-09-17,C1082,Occoquan Building Services,C,D. Brooks,WIR-1028,Wire & Cable,2,76.0,105.43,104.56,209.12,
INV-50164,2026-07-25,C1008,Bull Run Comfort Systems,A,D. Brooks,HVA-1000,HVAC Equipment,1,402.96,450.54,454.83,454.83,
INV-50164,2026-07-25,C1008,Bull Run Comfort Systems,A,D. Brooks,WIR-1006,Wire & Cable,5,223.99,245.66,243.56,1217.8,
INV-50164,2026-07-25,C1008,Bull Run Comfort Systems,A,D. Brooks,WIR-1024,Wire & Cable,23,274.36,318.57,315.53,7257.19,
INV-50164,2026-07-25,C1008,Bull Run Comfort Systems,A,D. Brooks,LIG-1002,Lighting,17,81.88,108.3,108.18,1839.06,
INV-50164,2026-07-25,C1008,Bull Run Comfort Systems,A,D. Brooks,HVA-1004,HVAC Equipment,3,1034.98,1150.15,1147.5,3442.5,
INV-50164,2026-07-25,C1008,Bull Run Comfort Systems,A,D. Brooks,CON-1029,Conduit & Fittings,58,15.74,19.34,19.34,1121.72,
INV-50165,2026-08-13,C1007,Bull Run Building Services,A,M. Dunn,BRE-1014,Breakers & Panels,10,162.58,206.71,204.91,2049.1,
INV-50165,2026-08-13,C1007,Bull Run Building Services,A,M. Dunn,HVA-1001,HVAC Equipment,1,1321.74,1471.69,1479.23,1479.23,
INV-50165,2026-08-13,C1007,Bull Run Building Services,A,M. Dunn,LIG-1024,Lighting,5,41.61,51.34,51.59,257.95,
INV-50166,2026-07-12,C1013,Bull Run HVAC Services,A,D. Brooks,BRE-1015,Breakers & Panels,24,93.54,113.93,114.73,2753.52,
INV-50166,2026-07-12,C1013,Bull Run HVAC Services,A,D. Brooks,LIG-1032,Lighting,1,22.45,29.73,28.0,28.0,MGR
INV-50166,2026-07-12,C1013,Bull Run HVAC Services,A,D. Brooks,HVA-1006,HVAC Equipment,1,495.45,546.9,552.13,552.13,
INV-50166,2026-07-12,C1013,Bull Run HVAC Services,A,D. Brooks,LIG-1020,Lighting,4,23.46,28.31,28.58,114.32,
INV-50166,2026-07-12,C1013,Bull Run HVAC Services,A,D. Brooks,CON-1005,Conduit & Fittings,24,4.97,6.45,6.51,156.24,
INV-50167,2026-07-21,C1011,Bull Run Electrical Co.,A,D. Brooks,HVA-1016,HVAC Parts,2,11.14,14.34,14.48,28.96,
INV-50167,2026-07-21,C1011,Bull Run Electrical Co.,A,D. Brooks,LIG-1023,Lighting,3,160.88,209.87,210.69,632.07,
INV-50167,2026-07-21,C1011,Bull Run Electrical Co.,A,D. Brooks,HVA-1031,HVAC Parts,7,45.05,55.73,55.8,390.6,
INV-50168,2026-08-09,C1008,Bull Run Comfort Systems,A,D. Brooks,WIR-1028,Wire & Cable,15,76.0,88.78,89.27,1339.05,
INV-50168,2026-08-09,C1008,Bull Run Comfort Systems,A,D. Brooks,WIR-1015,Wire & Cable,4,35.17,39.77,35.65,142.6,
INV-50168,2026-08-09,C1008,Bull Run Comfort Systems,A,D. Brooks,BRE-1014,Breakers & Panels,2,162.58,206.71,188.78,377.56,VERBAL
INV-50168,2026-08-09,C1008,Bull Run Comfort Systems,A,D. Brooks,CON-1029,Conduit & Fittings,8,15.74,19.34,19.21,153.68,
INV-50169,2026-07-24,C1001,Blue Ridge Building Services,A,M. Dunn,BRE-1001,Breakers & Panels,9,38.81,45.42,45.67,411.03,
INV-50169,2026-07-24,C1001,Blue Ridge Building Services,A,M. Dunn,CON-1004,Conduit & Fittings,121,49.09,60.94,61.18,7402.78,
INV-50169,2026-07-24,C1001,Blue Ridge Building Services,A,M. Dunn,HVA-1005,HVAC Parts,3,90.38,105.84,105.36,316.08,
INV-50169,2026-07-24,C1001,Blue Ridge Building Services,A,M. Dunn,LIG-1002,Lighting,2,81.88,108.3,109.2,218.4,
INV-50170,2026-06-30,C1004,Blue Ridge Electrical Co.,A,T. Chen,HVA-1025,HVAC Parts,1,66.1,85.7,85.94,85.94,
INV-50170,2026-06-30,C1004,Blue Ridge Electrical Co.,A,T. Chen,BRE-1000,Breakers & Panels,9,42.31,52.94,53.31,479.79,
INV-50171,2026-08-21,C1030,Capitol Power Systems,B,M. Dunn,WIR-1029,Wire & Cable,3,61.38,76.02,76.03,228.09,
INV-50171,2026-08-21,C1030,Capitol Power Systems,B,M. Dunn,HVA-1034,HVAC Parts,7,21.98,29.88,28.17,197.19,
INV-50171,2026-08-21,C1030,Capitol Power Systems,B,M. Dunn,WIR-1004,Wire & Cable,8,134.3,166.8,166.09,1328.72,
INV-50172,2026-07-01,C1013,Bull Run HVAC Services,A,D. Brooks,BRE-1005,Breakers & Panels,5,159.52,192.26,171.19,855.95,
INV-50172,2026-07-01,C1013,Bull Run HVAC Services,A,D. Brooks,BRE-1003,Breakers & Panels,8,17.77,21.03,20.99,167.92,
INV-50172,2026-07-01,C1013,Bull Run HVAC Services,A,D. Brooks,WIR-1012,Wire & Cable,3,133.61,148.42,147.95,443.85,
INV-50172,2026-07-01,C1013,Bull Run HVAC Services,A,D. Brooks,HVA-1025,HVAC Equipment,3,435.7,474.42,472.73,1418.19,
INV-50172,2026-07-01,C1013,Bull Run HVAC Services,A,D. Brooks,CON-1022,Conduit & Fittings,16,3.57,4.46,4.46,71.36,
INV-50172,2026-07-01,C1013,Bull Run HVAC Services,A,D. Brooks,WIR-1021,Wire & Cable,2,162.13,187.66,188.01,376.02,
INV-50173,2026-07-10,C1080,Mason Heating & Air,C,K. Foster,HVA-1023,HVAC Equipment,2,1062.71,1341.19,1350.07,2700.14,
INV-50173,2026-07-10,C1080,Mason Heating & Air,C,K. Foster,WIR-1023,Wire & Cable,11,47.27,64.26,64.42,708.62,
INV-50173,2026-07-10,C1080,Mason Heating & Air,C,K. Foster,LIG-1023,Lighting,17,160.88,249.22,250.02,4250.34,
INV-50173,2026-07-10,C1080,Mason Heating & Air,C,K. Foster,HVA-1011,HVAC Equipment,3,620.35,806.71,802.59,2407.77,
INV-50174,2026-07-13,C1020,Burke Energy Group,B,S. Evans,CON-1022,Conduit & Fittings,36,3.57,4.9,4.92,177.12,
INV-50174,2026-07-13,C1020,Burke Energy Group,B,S. Evans,HVA-1027,HVAC Equipment,1,2166.2,2615.96,2634.78,2634.78,
INV-50174,2026-07-13,C1020,Burke Energy Group,B,S. Evans,HVA-1033,HVAC Equipment,2,1194.8,1414.73,1409.39,2818.78,
INV-50174,2026-07-13,C1020,Burke Energy Group,B,S. Evans,LIG-1017,Lighting,27,36.9,48.51,48.89,1320.03,
INV-50175,2026-07-20,C1007,Bull Run Building Services,A,M. Dunn,HVA-1014,HVAC Equipment,1,1053.64,1107.8,1116.71,1116.71,
INV-50175,2026-07-20,C1007,Bull Run Building Services,A,M. Dunn,HVA-1027,HVAC Equipment,2,2166.2,2378.14,2361.33,4722.66,
INV-50175,2026-07-20,C1007,Bull Run Building Services,A,M. Dunn,HVA-1004,HVAC Equipment,2,1034.98,1150.15,1146.33,2292.66,
INV-50175,2026-07-20,C1007,Bull Run Building Services,A,M. Dunn,WIR-1034,Wire & Cable,6,60.49,70.27,70.82,424.92,
INV-50175,2026-07-20,C1007,Bull Run Building Services,A,M. Dunn,CON-1002,Conduit & Fittings,8,2.46,3.24,3.23,25.84,
INV-50175,2026-07-20,C1007,Bull Run Building Services,A,M. Dunn,HVA-1034,HVAC Equipment,3,1666.74,1813.14,1822.64,5467.92,
INV-50176,2026-08-22,C1012,Bull Run Energy Group,A,D. Brooks,LIG-1019,Lighting,16,22.4,27.44,27.62,441.92,
INV-50176,2026-08-22,C1012,Bull Run Energy Group,A,D. Brooks,WIR-1016,Wire & Cable,3,87.34,97.45,98.4,295.2,
INV-50176,2026-08-22,C1012,Bull Run Energy Group,A,D. Brooks,WIR-1006,Wire & Cable,6,223.99,245.66,246.16,1476.96,
INV-50177,2026-08-22,C1017,Burke Contracting,B,K. Foster,HVA-1015,HVAC Equipment,3,646.24,744.3,740.99,2222.97,
INV-50177,2026-08-22,C1017,Burke Contracting,B,K. Foster,WIR-1015,Wire & Cable,15,35.17,43.74,43.83,657.45,
INV-50177,2026-08-22,C1017,Burke Contracting,B,K. Foster,CON-1004,Conduit & Fittings,51,49.09,67.04,67.7,3452.7,
INV-50178,2026-07-06,C1056,Leesburg Electric,C,K. Foster,HVA-1019,HVAC Parts,15,165.59,243.31,241.49,3622.35,
INV-50178,2026-07-06,C1056,Leesburg Electric,C,K. Foster,LIG-1011,Lighting,31,19.03,29.38,29.61,917.91,
INV-50178,2026-07-06,C1056,Leesburg Electric,C,K. Foster,BRE-1000,Breakers & Panels,4,42.31,62.86,62.51,250.04,
INV-50179,2026-09-07,C1007,Bull Run Building Services,A,M. Dunn,CON-1010,Conduit & Fittings,26,12.81,15.62,15.59,405.34,
INV-50179,2026-09-07,C1007,Bull Run Building Services,A,M. Dunn,WIR-1011,Wire & Cable,12,126.22,140.4,139.63,1675.56,
INV-50180,2026-07-01,C1096,Potomac Energy Group,C,K. Foster,CON-1001,Conduit & Fittings,5,32.08,50.12,50.49,252.45,
INV-50180,2026-07-01,C1096,Potomac Energy Group,C,K. Foster,BRE-1014,Breakers & Panels,2,162.58,245.47,246.36,492.72,
INV-50180,2026-07-01,C1096,Potomac Energy Group,C,K. Foster,WIR-1032,Wire & Cable,2,294.58,396.49,394.5,789.0,
INV-50181,2026-09-10,C1056,Leesburg Electric,C,K. Foster,LIG-1010,Lighting,8,87.43,125.52,119.06,952.48,MGR
INV-50181,2026-09-10,C1056,Leesburg Electric,C,K. Foster,WIR-1028,Wire & Cable,22,76.0,105.43,105.84,2328.48,
INV-50181,2026-09-10,C1056,Leesburg Electric,C,K. Foster,BRE-1027,Breakers & Panels,2,48.96,68.89,68.51,137.02,
INV-50181,2026-09-10,C1056,Leesburg Electric,C,K. Foster,WIR-1022,Wire & Cable,2,83.06,116.82,116.39,232.78,
INV-50182,2026-08-13,C1029,Capitol Mechanical,B,M. Dunn,WIR-1025,Wire & Cable,6,108.67,137.62,136.43,818.58,
INV-50182,2026-08-13,C1029,Capitol Mechanical,B,M. Dunn,LIG-1003,Lighting,5,183.14,264.01,262.66,1313.3,
INV-50182,2026-08-13,C1029,Capitol Mechanical,B,M. Dunn,WIR-1005,Wire & Cable,21,392.51,480.62,476.45,10005.45,
INV-50183,2026-08-29,C1006,Blue Ridge Heating & Air,A,M. Dunn,BRE-1004,Breakers & Panels,7,156.83,186.64,185.08,1295.56,
INV-50183,2026-08-29,C1006,Blue Ridge Heating & Air,A,M. Dunn,CON-1014,Conduit & Fittings,56,6.03,7.99,7.98,446.88,
INV-50183,2026-08-29,C1006,Blue Ridge Heating & Air,A,M. Dunn,BRE-1013,Breakers & Panels,3,205.1,259.53,261.81,785.43,
INV-50183,2026-08-29,C1006,Blue Ridge Heating & Air,A,M. Dunn,WIR-1030,Wire & Cable,2,123.15,138.74,138.15,276.3,
INV-50183,2026-08-29,C1006,Blue Ridge Heating & Air,A,M. Dunn,BRE-1012,Breakers & Panels,6,33.82,41.77,42.13,252.78,
INV-50184,2026-07-15,C1063,Lorton HVAC Services,C,D. Brooks,BRE-1019,Breakers & Panels,2,66.96,93.98,93.91,187.82,
INV-50184,2026-07-15,C1063,Lorton HVAC Services,C,D. Brooks,LIG-1022,Lighting,2,13.9,20.08,19.95,39.9,
INV-50184,2026-07-15,C1063,Lorton HVAC Services,C,D. Brooks,CON-1015,Conduit & Fittings,4,2.29,3.31,3.32,13.28,
INV-50184,2026-07-15,C1063,Lorton HVAC Services,C,D. Brooks,CON-1030,Conduit & Fittings,32,42.26,66.71,66.8,2137.6,
INV-50184,2026-07-15,C1063,Lorton HVAC Services,C,D. Brooks,HVA-1030,HVAC Parts,3,7.81,11.67,11.74,35.22,
INV-50185,2026-08-17,C1077,Manassas Heating & Air,C,T. Chen,HVA-1005,HVAC Equipment,1,1913.09,2453.95,2443.66,2443.66,
INV-50185,2026-08-17,C1077,Manassas Heating & Air,C,T. Chen,WIR-1029,Wire & Cable,11,61.38,82.07,81.29,894.19,
INV-50185,2026-08-17,C1077,Manassas Heating & Air,C,T. Chen,HVA-1000,HVAC Equipment,2,402.96,535.02,538.48,1076.96,
INV-50185,2026-08-17,C1077,Manassas Heating & Air,C,T. Chen,HVA-1018,HVAC Equipment,8,798.66,1035.9,1043.73,8349.84,
INV-50185,2026-08-17,C1077,Manassas Heating & Air,C,T. Chen,CON-1005,Conduit & Fittings,102,4.97,7.66,7.32,746.64,
INV-50185,2026-08-17,C1077,Manassas Heating & Air,C,T. Chen,HVA-1028,HVAC Parts,17,6.16,9.12,9.09,154.53,
INV-50186,2026-08-21,C1039,Chantilly HVAC Services,B,R. Alvarez,LIG-1018,Lighting,23,40.2,55.41,55.08,1266.84,
INV-50186,2026-08-21,C1039,Chantilly HVAC Services,B,R. Alvarez,LIG-1016,Lighting,4,90.5,121.68,121.13,484.52,
INV-50186,2026-08-21,C1039,Chantilly HVAC Services,B,R. Alvarez,LIG-1005,Lighting,17,24.04,33.46,33.65,572.05,
INV-50187,2026-09-04,C1023,Burke Mechanical,B,D. Brooks,HVA-1031,HVAC Equipment,3,1021.28,1244.98,1241.48,3724.44,
INV-50187,2026-09-04,C1023,Burke Mechanical,B,D. Brooks,BRE-1010,Breakers & Panels,2,41.23,52.4,46.89,93.78,
INV-50187,2026-09-04,C1023,Burke Mechanical,B,D. Brooks,CON-1031,Conduit & Fittings,30,2.97,4.01,3.8,114.0,VERBAL
INV-50188,2026-07-14,C1025,Capitol Building Services,B,R. Alvarez,LIG-1015,Lighting,3,64.96,91.19,90.58,271.74,
INV-50188,2026-07-14,C1025,Capitol Building Services,B,R. Alvarez,LIG-1024,Lighting,32,41.61,56.47,57.0,1824.0,
INV-50188,2026-07-14,C1025,Capitol Building Services,B,R. Alvarez,WIR-1000,Wire & Cable,6,216.1,267.85,269.79,1618.74,
INV-50188,2026-07-14,C1025,Capitol Building Services,B,R. Alvarez,WIR-1023,Wire & Cable,80,47.27,59.52,59.86,4788.8,
INV-50188,2026-07-14,C1025,Capitol Building Services,B,R. Alvarez,WIR-1025,Wire & Cable,18,108.67,137.62,136.33,2453.94,
INV-50188,2026-07-14,C1025,Capitol Building Services,B,R. Alvarez,WIR-1031,Wire & Cable,5,333.43,427.37,424.4,2122.0,
INV-50189,2026-08-12,C1021,Burke HVAC Services,B,M. Dunn,HVA-1016,HVAC Equipment,1,1182.28,1364.74,1366.03,1366.03,
INV-50189,2026-08-12,C1021,Burke HVAC Services,B,M. Dunn,HVA-1023,HVAC Parts,5,188.12,267.87,267.43,1337.15,
INV-50190,2026-08-13,C1029,Capitol Mechanical,B,M. Dunn,HVA-1017,HVAC Equipment,1,2240.25,2676.19,2689.0,2689.0,
INV-50190,2026-08-13,C1029,Capitol Mechanical,B,M. Dunn,WIR-1009,Wire & Cable,2,329.33,431.75,433.52,867.04,
INV-50190,2026-08-13,C1029,Capitol Mechanical,B,M. Dunn,HVA-1018,HVAC Equipment,3,798.66,959.57,956.9,2870.7,
INV-50190,2026-08-13,C1029,Capitol Mechanical,B,M. Dunn,LIG-1018,Lighting,5,40.2,55.41,55.23,276.15,
INV-50191,2026-07-28,C1039,Chantilly HVAC Services,B,R. Alvarez,HVA-1004,HVAC Parts,3,16.08,21.61,21.46,64.38,
INV-50191,2026-07-28,C1039,Chantilly HVAC Services,B,R. Alvarez,LIG-1018,Lighting,5,40.2,55.41,55.8,279.0,
INV-50191,2026-07-28,C1039,Chantilly HVAC Services,B,R. Alvarez,LIG-1006,Lighting,13,17.96,25.81,25.57,332.41,
INV-50191,2026-07-28,C1039,Chantilly HVAC Services,B,R. Alvarez,BRE-1029,Breakers & Panels,9,100.96,135.16,135.33,1217.97,
INV-50191,2026-07-28,C1039,Chantilly HVAC Services,B,R. Alvarez,HVA-1012,HVAC Parts,16,26.33,33.84,33.84,541.44,
INV-50191,2026-07-28,C1039,Chantilly HVAC Services,B,R. Alvarez,BRE-1006,Breakers & Panels,4,18.77,25.36,25.22,100.88,
INV-50192,2026-07-06,C1005,Blue Ridge Energy Group,A,M. Dunn,CON-1030,Conduit & Fittings,46,42.26,56.18,56.35,2592.1,
INV-50192,2026-07-06,C1005,Blue Ridge Energy Group,A,M. Dunn,LIG-1031,Lighting,4,46.98,61.06,61.67,246.68,
INV-50192,2026-07-06,C1005,Blue Ridge Energy Group,A,M. Dunn,HVA-1020,HVAC Equipment,2,953.96,997.79,928.53,1857.06,MGR
INV-50192,2026-07-06,C1005,Blue Ridge Energy Group,A,M. Dunn,CON-1014,Conduit & Fittings,9,6.03,7.99,7.93,71.37,
INV-50192,2026-07-06,C1005,Blue Ridge Energy Group,A,M. Dunn,WIR-1000,Wire & Cable,12,216.1,243.5,243.12,2917.44,
INV-50193,2026-07-27,C1049,Dulles Heating & Air,B,K. Foster,HVA-1020,HVAC Equipment,1,953.96,1097.57,1092.47,1092.47,
INV-50193,2026-07-27,C1049,Dulles Heating & Air,B,K. Foster,CON-1030,Conduit & Fittings,36,42.26,61.79,61.42,2211.12,
INV-50193,2026-07-27,C1049,Dulles Heating & Air,B,K. Foster,HVA-1022,HVAC Parts,4,133.45,180.97,181.35,725.4,
INV-50194,2026-08-30,C1049,Dulles Heating & Air,B,K. Foster,HVA-1021,HVAC Equipment,1,2137.62,2478.35,2485.08,2485.08,
INV-50194,2026-08-30,C1049,Dulles Heating & Air,B,K. Foster,CON-1020,Conduit & Fittings,6,32.14,45.19,45.12,270.72,
INV-50194,2026-08-30,C1049,Dulles Heating & Air,B,K. Foster,LIG-1009,Lighting,1,103.74,138.8,138.04,138.04,
INV-50194,2026-08-30,C1049,Dulles Heating & Air,B,K. Foster,HVA-1031,HVAC Equipment,1,1021.28,1244.98,1237.11,1237.11,
INV-50194,2026-08-30,C1049,Dulles Heating & Air,B,K. Foster,BRE-1006,Breakers & Panels,21,18.77,25.36,25.4,533.4,
INV-50194,2026-08-30,C1049,Dulles Heating & Air,B,K. Foster,HVA-1012,HVAC Equipment,2,922.14,1084.86,1077.57,2155.14,
INV-50195,2026-07-02,C1006,Blue Ridge Heating & Air,A,M. Dunn,CON-1003,Conduit & Fittings,22,2.25,3.01,3.01,66.22,
INV-50195,2026-07-02,C1006,Blue Ridge Heating & Air,A,M. Dunn,HVA-1012,HVAC Equipment,1,922.14,986.23,983.05,983.05,
INV-50195,2026-07-02,C1006,Blue Ridge Heating & Air,A,M. Dunn,HVA-1017,HVAC Parts,2,13.44,17.18,17.05,34.1,
INV-50195,2026-07-02,C1006,Blue Ridge Heating & Air,A,M. Dunn,BRE-1013,Breakers & Panels,5,205.1,259.53,258.8,1294.0,
INV-50195,2026-07-02,C1006,Blue Ridge Heating & Air,A,M. Dunn,HVA-1031,HVAC Parts,2,45.05,55.73,55.99,111.98,
INV-50195,2026-07-02,C1006,Blue Ridge Heating & Air,A,M. Dunn,BRE-1012,Breakers & Panels,13,33.82,41.77,42.13,547.69,
INV-50196,2026-09-15,C1015,Bull Run Power Systems,A,R. Alvarez,CON-1018,Conduit & Fittings,21,4.8,6.39,6.42,134.82,
INV-50196,2026-09-15,C1015,Bull Run Power Systems,A,R. Alvarez,HVA-1023,HVAC Parts,1,188.12,243.52,244.82,244.82,
INV-50196,2026-09-15,C1015,Bull Run Power Systems,A,R. Alvarez,HVA-1020,HVAC Parts,8,6.84,8.86,8.88,71.04,
INV-50196,2026-09-15,C1015,Bull Run Power Systems,A,R. Alvarez,HVA-1019,HVAC Parts,5,165.59,204.9,204.33,1021.65,
INV-50197,2026-08-18,C1039,Chantilly HVAC Services,B,R. Alvarez,CON-1014,Conduit & Fittings,18,6.03,8.79,8.85,159.3,
INV-50197,2026-08-18,C1039,Chantilly HVAC Services,B,R. Alvarez,BRE-1033,Breakers & Panels,1,20.29,26.53,26.5,26.5,
INV-50197,2026-08-18,C1039,Chantilly HVAC Services,B,R. Alvarez,HVA-1012,HVAC Equipment,1,922.14,1084.86,1075.22,1075.22,
INV-50198,2026-08-01,C1002,Blue Ridge Comfort Systems,A,S. Evans,HVA-1003,HVAC Parts,20,14.6,18.01,18.16,363.2,
INV-50198,2026-08-01,C1002,Blue Ridge Comfort Systems,A,S. Evans,BRE-1016,Breakers & Panels,1,22.89,27.33,27.36,27.36,
INV-50198,2026-08-01,C1002,Blue Ridge Comfort Systems,A,S. Evans,LIG-1010,Lighting,16,87.43,105.7,106.56,1704.96,
INV-50198,2026-08-01,C1002,Blue Ridge Comfort Systems,A,S. Evans,HVA-1019,HVAC Parts,2,165.59,204.9,203.47,406.94,
INV-50199,2026-08-09,C1011,Bull Run Electrical Co.,A,D. Brooks,HVA-1011,HVAC Parts,29,8.86,11.51,11.56,335.24,
INV-50199,2026-08-09,C1011,Bull Run Electrical Co.,A,D. Brooks,LIG-1005,Lighting,4,24.04,30.42,30.53,122.12,
INV-50199,2026-08-09,C1011,Bull Run Electrical Co.,A,D. Brooks,LIG-1010,Lighting,19,87.43,105.7,106.68,2026.92,
INV-50199,2026-08-09,C1011,Bull Run Electrical Co.,A,D. Brooks,BRE-1005,Breakers & Panels,4,159.52,192.26,193.4,773.6,
INV-50199,2026-08-09,C1011,Bull Run Electrical Co.,A,D. Brooks,HVA-1010,HVAC Parts,10,26.77,31.62,31.87,318.7,
INV-50200,2026-07-10,C1016,Burke Building Services,B,K. Foster,HVA-1003,HVAC Parts,8,14.6,19.81,19.75,158.0,
INV-50200,2026-07-10,C1016,Burke Building Services,B,K. Foster,LIG-1030,Lighting,18,127.4,174.95,175.91,3166.38,
INV-50200,2026-07-10,C1016,Burke Building Services,B,K. Foster,HVA-1027,HVAC Equipment,1,2166.2,2615.96,2597.71,2597.71,
INV-50200,2026-07-10,C1016,Burke Building Services,B,K. Foster,BRE-1031,Breakers & Panels,4,33.11,42.91,42.85,171.4,
INV-50200,2026-07-10,C1016,Burke Building Services,B,K. Foster,HVA-1014,HVAC Parts,1,114.93,156.02,157.25,157.25,
INV-50200,2026-07-10,C1016,Burke Building Services,B,K. Foster,WIR-1031,Wire & Cable,3,333.43,427.37,425.32,1275.96,
INV-50201,2026-08-24,C1052,Fairfax Mechanical,C,D. Brooks,CON-1003,Conduit & Fittings,2,2.25,3.57,3.54,7.08,
INV-50201,2026-08-24,C1052,Fairfax Mechanical,C,D. Brooks,HVA-1007,HVAC Parts,2,201.93,283.59,281.14,562.28,
INV-50201,2026-08-24,C1052,Fairfax Mechanical,C,D. Brooks,BRE-1008,Breakers & Panels,6,67.45,93.46,94.08,564.48,
INV-50201,2026-08-24,C1052,Fairfax Mechanical,C,D. Brooks,WIR-1017,Wire & Cable,3,51.35,70.36,70.03,210.09,
INV-50202,2026-07-06,C1110,Ridgeline Energy Group,C,M. Dunn,BRE-1032,Breakers & Panels,2,49.92,72.65,72.9,145.8,
INV-50202,2026-07-06,C1110,Ridgeline Energy Group,C,M. Dunn,HVA-1022,HVAC Parts,18,133.45,195.37,196.86,3543.48,
INV-50202,2026-07-06,C1110,Ridgeline Energy Group,C,M. Dunn,HVA-1013,HVAC Equipment,1,1860.42,2392.65,2390.81,2390.81,
INV-50203,2026-08-29,C1006,Blue Ridge Heating & Air,A,M. Dunn,BRE-1005,Breakers & Panels,3,159.52,192.26,193.02,579.06,
INV-50203,2026-08-29,C1006,Blue Ridge Heating & Air,A,M. Dunn,BRE-1000,Breakers & Panels,3,42.31,52.94,52.58,157.74,
INV-50203,2026-08-29,C1006,Blue Ridge Heating & Air,A,M. Dunn,LIG-1030,Lighting,14,127.4,159.05,158.95,2225.3,
INV-50203,2026-08-29,C1006,Blue Ridge Heating & Air,A,M. Dunn,CON-1000,Conduit & Fittings,3,23.85,29.44,29.34,88.02,
INV-50203,2026-08-29,C1006,Blue Ridge Heating & Air,A,M. Dunn,WIR-1027,Wire & Cable,21,43.54,49.74,49.98,1049.58,
INV-50204,2026-09-04,C1005,Blue Ridge Energy Group,A,M. Dunn,HVA-1008,HVAC Parts,1,23.36,27.9,28.03,28.03,
INV-50204,2026-09-04,C1005,Blue Ridge Energy Group,A,M. Dunn,HVA-1002,HVAC Parts,3,33.4,39.58,39.69,119.07,
INV-50204,2026-09-04,C1005,Blue Ridge Energy Group,A,M. Dunn,BRE-1008,Breakers & Panels,1,67.45,78.7,78.54,78.54,
INV-50204,2026-09-04,C1005,Blue Ridge Energy Group,A,M. Dunn,WIR-1015,Wire & Cable,4,35.17,39.77,39.93,159.72,
INV-50204,2026-09-04,C1005,Blue Ridge Energy Group,A,M. Dunn,HVA-1007,HVAC Parts,5,201.93,238.82,240.09,1200.45,
INV-50205,2026-08-30,C1005,Blue Ridge Energy Group,A,M. Dunn,WIR-1021,Wire & Cable,37,162.13,187.66,186.28,6892.36,
INV-50205,2026-08-30,C1005,Blue Ridge Energy Group,A,M. Dunn,LIG-1002,Lighting,84,81.88,108.3,109.03,9158.52,
INV-50205,2026-08-30,C1005,Blue Ridge Energy Group,A,M. Dunn,HVA-1014,HVAC Parts,7,114.93,141.83,140.68,984.76,
INV-50205,2026-08-30,C1005,Blue Ridge Energy Group,A,M. Dunn,HVA-1029,HVAC Equipment,2,706.2,785.35,781.3,1562.6,
INV-50206,2026-09-05,C1019,Burke Electrical Co.,B,K. Foster,WIR-1022,Wire & Cable,5,83.06,108.21,107.15,535.75,
INV-50206,2026-09-05,C1019,Burke Electrical Co.,B,K. Foster,LIG-1017,Lighting,1,36.9,48.51,48.1,48.1,
INV-50206,2026-09-05,C1019,Burke Electrical Co.,B,K. Foster,HVA-1012,HVAC Equipment,1,922.14,1084.86,1087.13,1087.13,
INV-50207,2026-09-08,C1021,Burke HVAC Services,B,M. Dunn,WIR-1001,Wire & Cable,18,67.02,81.07,75.97,1367.46,MGR
INV-50207,2026-09-08,C1021,Burke HVAC Services,B,M. Dunn,LIG-1031,Lighting,40,46.98,67.17,66.74,2669.6,
INV-50208,2026-08-17,C1016,Burke Building Services,B,K. Foster,WIR-1001,Wire & Cable,1,67.02,81.07,80.46,80.46,
INV-50208,2026-08-17,C1016,Burke Building Services,B,K. Foster,BRE-1011,Breakers & Panels,9,108.7,147.58,147.82,1330.38,
INV-50208,2026-08-17,C1016,Burke Building Services,B,K. Foster,HVA-1030,HVAC Equipment,1,1433.65,1692.99,1692.8,1692.8,
INV-50208,2026-08-17,C1016,Burke Building Services,B,K. Foster,WIR-1031,Wire & Cable,12,333.43,427.37,425.84,5110.08,
INV-50209,2026-07-19,C1037,Chantilly Electrical Co.,B,D. Brooks,BRE-1021,Breakers & Panels,1,42.96,58.97,59.32,59.32,
INV-50209,2026-07-19,C1037,Chantilly Electrical Co.,B,D. Brooks,HVA-1016,HVAC Parts,2,11.14,15.78,15.73,31.46,
INV-50209,2026-07-19,C1037,Chantilly Electrical Co.,B,D. Brooks,HVA-1030,HVAC Equipment,1,1433.65,1692.99,1692.84,1692.84,
INV-50209,2026-07-19,C1037,Chantilly Electrical Co.,B,D. Brooks,CON-1005,Conduit & Fittings,12,4.97,7.09,7.14,85.68,
INV-50210,2026-07-09,C1022,Burke Heating & Air,B,T. Chen,BRE-1020,Breakers & Panels,19,33.52,45.36,45.21,858.99,
INV-50210,2026-07-09,C1022,Burke Heating & Air,B,T. Chen,BRE-1012,Breakers & Panels,10,33.82,45.94,46.34,463.4,
INV-50210,2026-07-09,C1022,Burke Heating & Air,B,T. Chen,HVA-1026,HVAC Equipment,1,478.34,588.01,588.57,588.57,
INV-50211,2026-09-20,C1015,Bull Run Power Systems,A,R. Alvarez,CON-1032,Conduit & Fittings,58,22.74,29.79,29.95,1737.1,
INV-50211,2026-09-20,C1015,Bull Run Power Systems,A,R. Alvarez,CON-1027,Conduit & Fittings,14,53.89,70.66,68.37,957.18,MGR
INV-50211,2026-09-20,C1015,Bull Run Power Systems,A,R. Alvarez,LIG-1014,Lighting,9,9.82,12.59,12.71,114.39,
INV-50212,2026-08-30,C1102,Reston Electrical Co.,C,R. Alvarez,HVA-1008,HVAC Parts,2,23.36,33.13,33.03,66.06,
INV-50212,2026-08-30,C1102,Reston Electrical Co.,C,R. Alvarez,LIG-1004,Lighting,6,64.29,93.76,90.35,542.1,VERBAL
INV-50212,2026-08-30,C1102,Reston Electrical Co.,C,R. Alvarez,WIR-1014,Wire & Cable,3,313.51,430.78,432.71,1298.13,
INV-50212,2026-08-30,C1102,Reston Electrical Co.,C,R. Alvarez,BRE-1035,Breakers & Panels,6,97.51,141.22,141.55,849.3,
INV-50213,2026-09-24,C1008,Bull Run Comfort Systems,A,D. Brooks,HVA-1002,HVAC Parts,4,33.4,39.58,39.24,156.96,
INV-50213,2026-09-24,C1008,Bull Run Comfort Systems,A,D. Brooks,HVA-1017,HVAC Equipment,1,2240.25,2432.9,2438.47,2438.47,
INV-50213,2026-09-24,C1008,Bull Run Comfort Systems,A,D. Brooks,HVA-1020,HVAC Parts,1,6.84,8.86,8.86,8.86,
INV-50213,2026-09-24,C1008,Bull Run Comfort Systems,A,D. Brooks,HVA-1015,HVAC Parts,16,173.58,204.49,204.65,3274.4,
INV-50213,2026-09-24,C1008,Bull Run Comfort Systems,A,D. Brooks,BRE-1029,Breakers & Panels,10,100.96,122.87,124.08,1240.8,
INV-50214,2026-08-17,C1017,Burke Contracting,B,K. Foster,BRE-1030,Breakers & Panels,4,12.43,15.91,15.98,63.92,
INV-50214,2026-08-17,C1017,Burke Contracting,B,K. Foster,HVA-1000,HVAC Parts,4,6.37,9.06,9.09,36.36,
INV-50214,2026-08-17,C1017,Burke Contracting,B,K. Foster,BRE-1026,Breakers & Panels,19,12.67,16.4,16.44,312.36,
INV-50215,2026-07-12,C1002,Blue Ridge Comfort Systems,A,S. Evans,LIG-1021,Lighting,6,183.41,239.04,241.22,1447.32,
INV-50215,2026-07-12,C1002,Blue Ridge Comfort Systems,A,S. Evans,LIG-1006,Lighting,5,17.96,23.46,23.53,117.65,
INV-50216,2026-07-17,C1051,Fairfax Heating & Air,C,K. Foster,WIR-1006,Wire & Cable,19,223.99,291.72,294.49,5595.31,
INV-50216,2026-07-17,C1051,Fairfax Heating & Air,C,K. Foster,LIG-1008,Lighting,3,37.77,53.2,53.2,159.6,
INV-50216,2026-07-17,C1051,Fairfax Heating & Air,C,K. Foster,HVA-1025,HVAC Equipment,1,435.7,563.38,568.39,568.39,
INV-50216,2026-07-17,C1051,Fairfax Heating & Air,C,K. Foster,LIG-1017,Lighting,20,36.9,52.36,51.9,1038.0,
INV-50216,2026-07-17,C1051,Fairfax Heating & Air,C,K. Foster,WIR-1020,Wire & Cable,24,212.93,286.06,283.44,6802.56,
INV-50216,2026-07-17,C1051,Fairfax Heating & Air,C,K. Foster,LIG-1029,Lighting,14,98.21,142.11,142.65,1997.1,
INV-50217,2026-08-08,C1114,Shenandoah Contracting,C,K. Foster,HVA-1025,HVAC Parts,19,66.1,101.77,102.69,1951.11,
INV-50217,2026-08-08,C1114,Shenandoah Contracting,C,K. Foster,HVA-1007,HVAC Parts,6,201.93,283.59,283.41,1700.46,
INV-50217,2026-08-08,C1114,Shenandoah Contracting,C,K. Foster,HVA-1025,HVAC Parts,2,66.1,101.77,101.49,202.98,
INV-50218,2026-08-01,C1010,Bull Run Electric,A,K. Foster,LIG-1008,Lighting,5,37.77,44.8,45.0,225.0,
INV-50218,2026-08-01,C1010,Bull Run Electric,A,K. Foster,LIG-1034,Lighting,29,44.13,53.09,52.73,1529.17,
INV-50219,2026-08-26,C1080,Mason Heating & Air,C,K. Foster,BRE-1004,Breakers & Panels,2,156.83,221.63,220.11,440.22,
INV-50219,2026-08-26,C1080,Mason Heating & Air,C,K. Foster,HVA-1001,HVAC Equipment,1,1321.74,1747.63,1759.58,1759.58,
INV-50219,2026-08-26,C1080,Mason Heating & Air,C,K. Foster,WIR-1034,Wire & Cable,21,60.49,83.45,83.21,1747.41,
INV-50219,2026-08-26,C1080,Mason Heating & Air,C,K. Foster,WIR-1035,Wire & Cable,2,83.22,115.8,115.55,231.1,
INV-50219,2026-08-26,C1080,Mason Heating & Air,C,K. Foster,HVA-1004,HVAC Parts,15,16.08,23.33,23.56,353.4,
INV-50219,2026-08-26,C1080,Mason Heating & Air,C,K. Foster,HVA-1001,HVAC Parts,5,24.8,34.51,34.66,173.3,
INV-50220,2026-07-12,C1021,Burke HVAC Services,B,M. Dunn,BRE-1017,Breakers & Panels,3,33.16,46.23,46.1,138.3,
INV-50220,2026-07-12,C1021,Burke HVAC Services,B,M. Dunn,HVA-1008,HVAC Equipment,1,913.36,1094.51,1036.57,1036.57,
INV-50220,2026-07-12,C1021,Burke HVAC Services,B,M. Dunn,BRE-1006,Breakers & Panels,3,18.77,25.36,25.34,76.02,
INV-50220,2026-07-12,C1021,Burke HVAC Services,B,M. Dunn,BRE-1028,Breakers & Panels,18,83.36,106.52,107.1,1927.8,
INV-50220,2026-07-12,C1021,Burke HVAC Services,B,M. Dunn,CON-1000,Conduit & Fittings,24,23.85,32.38,32.66,783.84,
INV-50220,2026-07-12,C1021,Burke HVAC Services,B,M. Dunn,WIR-1027,Wire & Cable,19,43.54,54.71,54.48,1035.12,
INV-50221,2026-09-22,C1051,Fairfax Heating & Air,C,K. Foster,HVA-1003,HVAC Parts,7,14.6,21.38,21.24,148.68,
INV-50221,2026-09-22,C1051,Fairfax Heating & Air,C,K. Foster,HVA-1030,HVAC Parts,1,7.81,11.67,11.69,11.69,
INV-50221,2026-09-22,C1051,Fairfax Heating & Air,C,K. Foster,LIG-1012,Lighting,5,28.4,40.86,40.7,203.5,
INV-50222,2026-07-20,C1024,Burke Power Systems,B,D. Brooks,WIR-1009,Wire & Cable,3,329.33,431.75,384.59,1153.77,
INV-50222,2026-07-20,C1024,Burke Power Systems,B,D. Brooks,HVA-1019,HVAC Equipment,1,1148.15,1361.25,1362.33,1362.33,
INV-50223,2026-08-12,C1003,Blue Ridge Electric,A,D. Brooks,HVA-1010,HVAC Equipment,3,1378.41,1472.2,1467.52,4402.56,
INV-50223,2026-08-12,C1003,Blue Ridge Electric,A,D. Brooks,LIG-1020,Lighting,17,23.46,28.31,28.37,482.29,
INV-50223,2026-08-12,C1003,Blue Ridge Electric,A,D. Brooks,HVA-1019,HVAC Parts,1,165.59,204.9,206.83,206.83,
INV-50224,2026-08-17,C1036,Chantilly Electric,B,R. Alvarez,LIG-1033,Lighting,12,27.69,38.57,38.41,460.92,
INV-50224,2026-08-17,C1036,Chantilly Electric,B,R. Alvarez,CON-1008,Conduit & Fittings,25,3.76,5.12,5.08,127.0,
INV-50224,2026-08-17,C1036,Chantilly Electric,B,R. Alvarez,HVA-1033,HVAC Equipment,1,1194.8,1414.73,1422.97,1422.97,
INV-50224,2026-08-17,C1036,Chantilly Electric,B,R. Alvarez,HVA-1033,HVAC Parts,4,37.29,48.17,47.96,191.84,
INV-50225,2026-09-11,C1032,Cardinal Energy Group,B,T. Chen,BRE-1005,Breakers & Panels,9,159.52,211.48,210.07,1890.63,
INV-50225,2026-09-11,C1032,Cardinal Energy Group,B,T. Chen,BRE-1017,Breakers & Panels,9,33.16,46.23,45.91,413.19,
INV-50226,2026-09-23,C1073,Manassas Electric,C,S. Evans,HVA-1015,HVAC Equipment,3,646.24,803.5,802.54,2407.62,
INV-50226,2026-09-23,C1073,Manassas Electric,C,S. Evans,CON-1014,Conduit & Fittings,28,6.03,9.49,9.48,265.44,
INV-50226,2026-09-23,C1073,Manassas Electric,C,S. Evans,HVA-1022,HVAC Parts,5,133.45,195.37,184.24,921.2,MGR
INV-50227,2026-09-14,C1016,Burke Building Services,B,K. Foster,HVA-1017,HVAC Equipment,3,2240.25,2676.19,2668.51,8005.53,
INV-50227,2026-09-14,C1016,Burke Building Services,B,K. Foster,CON-1005,Conduit & Fittings,23,4.97,7.09,7.04,161.92,
INV-50227,2026-09-14,C1016,Burke Building Services,B,K. Foster,BRE-1006,Breakers & Panels,12,18.77,25.36,25.28,303.36,
INV-50227,2026-09-14,C1016,Burke Building Services,B,K. Foster,LIG-1001,Lighting,24,30.22,40.13,39.73,953.52,
INV-50228,2026-06-29,C1014,Bull Run Heating & Air,A,S. Evans,HVA-1022,HVAC Equipment,2,465.16,488.86,490.78,981.56,
INV-50228,2026-06-29,C1014,Bull Run Heating & Air,A,S. Evans,HVA-1028,HVAC Parts,4,6.16,7.68,7.7,30.8,
INV-50228,2026-06-29,C1014,Bull Run Heating & Air,A,S. Evans,LIG-1023,Lighting,4,160.88,209.87,209.47,837.88,
INV-50229,2026-09-26,C1021,Burke HVAC Services,B,M. Dunn,BRE-1013,Breakers & Panels,4,205.1,285.48,283.91,1135.64,
INV-50229,2026-09-26,C1021,Burke HVAC Services,B,M. Dunn,LIG-1020,Lighting,4,23.46,31.14,31.14,124.56,
INV-50229,2026-09-26,C1021,Burke HVAC Services,B,M. Dunn,HVA-1018,HVAC Parts,10,116.07,158.21,158.57,1585.7,
INV-50230,2026-07-21,C1098,Reston Building Services,C,D. Brooks,WIR-1015,Wire & Cable,19,35.17,47.22,42.13,800.47,
INV-50230,2026-07-21,C1098,Reston Building Services,C,D. Brooks,LIG-1006,Lighting,15,17.96,27.86,27.59,413.85,
INV-50230,2026-07-21,C1098,Reston Building Services,C,D. Brooks,LIG-1027,Lighting,11,15.54,23.09,23.31,256.41,
INV-50230,2026-07-21,C1098,Reston Building Services,C,D. Brooks,WIR-1010,Wire & Cable,27,416.68,549.98,553.58,14946.66,
INV-50231,2026-08-22,C1007,Bull Run Building Services,A,M. Dunn,CON-1030,Conduit & Fittings,15,42.26,56.18,56.05,840.75,
INV-50231,2026-08-22,C1007,Bull Run Building Services,A,M. Dunn,LIG-1020,Lighting,29,23.46,28.31,28.03,812.87,
INV-50231,2026-08-22,C1007,Bull Run Building Services,A,M. Dunn,HVA-1002,HVAC Equipment,1,1734.3,1847.29,1850.43,1850.43,
INV-50231,2026-08-22,C1007,Bull Run Building Services,A,M. Dunn,CON-1003,Conduit & Fittings,6,2.25,3.01,2.98,17.88,
INV-50231,2026-08-22,C1007,Bull Run Building Services,A,M. Dunn,CON-1028,Conduit & Fittings,24,8.95,12.22,12.31,295.44,
INV-50232,2026-07-31,C1065,Loudoun Building Services,C,T. Chen,WIR-1020,Wire & Cable,7,212.93,286.06,285.81,2000.67,
INV-50232,2026-07-31,C1065,Loudoun Building Services,C,T. Chen,HVA-1001,HVAC Parts,1,24.8,34.51,34.6,34.6,
INV-50232,2026-07-31,C1065,Loudoun Building Services,C,T. Chen,BRE-1015,Breakers & Panels,1,93.54,135.29,134.27,134.27,
INV-50232,2026-07-31,C1065,Loudoun Building Services,C,T. Chen,BRE-1012,Breakers & Panels,9,33.82,49.6,49.41,444.69,
INV-50232,2026-07-31,C1065,Loudoun Building Services,C,T. Chen,HVA-1035,HVAC Parts,3,33.23,47.25,47.32,141.96,
INV-50233,2026-08-19,C1119,Shenandoah Mechanical,C,R. Alvarez,CON-1011,Conduit & Fittings,15,4.24,6.39,6.33,94.95,
INV-50233,2026-08-19,C1119,Shenandoah Mechanical,C,R. Alvarez,BRE-1019,Breakers & Panels,12,66.96,93.98,94.67,1136.04,
INV-50233,2026-08-19,C1119,Shenandoah Mechanical,C,R. Alvarez,HVA-1028,HVAC Equipment,1,685.83,878.65,881.91,881.91,
INV-50234,2026-07-08,C1072,Manassas Contracting,C,M. Dunn,HVA-1024,HVAC Equipment,1,2463.08,3218.36,3118.63,3118.63,VERBAL
INV-50234,2026-07-08,C1072,Manassas Contracting,C,M. Dunn,LIG-1002,Lighting,6,81.88,128.61,128.3,769.8,
INV-50234,2026-07-08,C1072,Manassas Contracting,C,M. Dunn,WIR-1001,Wire & Cable,6,67.02,87.51,87.04,522.24,
INV-50234,2026-07-08,C1072,Manassas Contracting,C,M. Dunn,BRE-1002,Breakers & Panels,5,117.95,172.57,173.56,867.8,
INV-50235,2026-09-03,C1010,Bull Run Electric,A,K. Foster,LIG-1034,Lighting,4,44.13,53.09,53.43,213.72,
INV-50235,2026-09-03,C1010,Bull Run Electric,A,K. Foster,LIG-1005,Lighting,7,24.04,30.42,30.13,210.91,
INV-50235,2026-09-03,C1010,Bull Run Electric,A,K. Foster,BRE-1016,Breakers & Panels,9,22.89,27.33,25.9,233.1,MGR
INV-50235,2026-09-03,C1010,Bull Run Electric,A,K. Foster,LIG-1004,Lighting,8,64.29,78.95,78.59,628.72,
INV-50236,2026-09-24,C1042,Chantilly Power Systems,B,T. Chen,HVA-1021,HVAC Equipment,1,2137.62,2478.35,2503.07,2503.07,
INV-50236,2026-09-24,C1042,Chantilly Power Systems,B,T. Chen,CON-1008,Conduit & Fittings,24,3.76,5.12,5.1,122.4,
INV-50236,2026-09-24,C1042,Chantilly Power Systems,B,T. Chen,HVA-1010,HVAC Equipment,1,1378.41,1619.42,1629.78,1629.78,
INV-50236,2026-09-24,C1042,Chantilly Power Systems,B,T. Chen,HVA-1034,HVAC Parts,9,21.98,29.88,30.12,271.08,
INV-50237,2026-08-04,C1030,Capitol Power Systems,B,M. Dunn,HVA-1020,HVAC Parts,3,6.84,9.74,9.83,29.49,
INV-50237,2026-08-04,C1030,Capitol Power Systems,B,M. Dunn,HVA-1024,HVAC Equipment,1,2463.08,2981.22,2980.22,2980.22,
INV-50237,2026-08-04,C1030,Capitol Power Systems,B,M. Dunn,BRE-1025,Breakers & Panels,2,164.87,214.71,215.52,431.04,
INV-50237,2026-08-04,C1030,Capitol Power Systems,B,M. Dunn,HVA-1017,HVAC Equipment,1,2240.25,2676.19,2656.07,2656.07,
INV-50237,2026-08-04,C1030,Capitol Power Systems,B,M. Dunn,BRE-1008,Breakers & Panels,3,67.45,86.57,86.86,260.58,
INV-50237,2026-08-04,C1030,Capitol Power Systems,B,M. Dunn,BRE-1007,Breakers & Panels,5,24.67,34.58,34.48,172.4,
INV-50238,2026-08-26,C1033,Cardinal HVAC Services,B,D. Brooks,WIR-1026,Wire & Cable,4,42.97,55.34,51.4,205.6,
INV-50238,2026-08-26,C1033,Cardinal HVAC Services,B,D. Brooks,LIG-1034,Lighting,4,44.13,58.4,58.58,234.32,
INV-50238,2026-08-26,C1033,Cardinal HVAC Services,B,D. Brooks,CON-1031,Conduit & Fittings,18,2.97,4.01,4.04,72.72,
INV-50238,2026-08-26,C1033,Cardinal HVAC Services,B,D. Brooks,BRE-1022,Breakers & Panels,5,51.87,72.05,72.2,361.0,
INV-50238,2026-08-26,C1033,Cardinal HVAC Services,B,D. Brooks,BRE-1027,Breakers & Panels,8,48.96,63.82,63.44,507.52,
INV-50238,2026-08-26,C1033,Cardinal HVAC Services,B,D. Brooks,HVA-1024,HVAC Equipment,7,2463.08,2981.22,2976.91,20838.37,
INV-50239,2026-09-07,C1004,Blue Ridge Electrical Co.,A,T. Chen,BRE-1033,Breakers & Panels,50,20.29,24.12,24.28,1214.0,
INV-50239,2026-09-07,C1004,Blue Ridge Electrical Co.,A,T. Chen,WIR-1017,Wire & Cable,11,51.35,59.25,59.43,653.73,
INV-50239,2026-09-07,C1004,Blue Ridge Electrical Co.,A,T. Chen,CON-1022,Conduit & Fittings,40,3.57,4.46,4.5,180.0,
INV-50240,2026-07-31,C1004,Blue Ridge Electrical Co.,A,T. Chen,HVA-1004,HVAC Equipment,1,1034.98,1150.15,1145.18,1145.18,
INV-50240,2026-07-31,C1004,Blue Ridge Electrical Co.,A,T. Chen,WIR-1025,Wire & Cable,2,108.67,125.11,125.45,250.9,
INV-50240,2026-07-31,C1004,Blue Ridge Electrical Co.,A,T. Chen,CON-1002,Conduit & Fittings,50,2.46,3.24,3.21,160.5,
INV-50240,2026-07-31,C1004,Blue Ridge Electrical Co.,A,T. Chen,LIG-1029,Lighting,9,98.21,119.67,118.49,1066.41,
INV-50240,2026-07-31,C1004,Blue Ridge Electrical Co.,A,T. Chen,BRE-1007,Breakers & Panels,6,24.67,31.43,31.23,187.38,
INV-50241,2026-08-30,C1114,Shenandoah Contracting,C,K. Foster,CON-1020,Conduit & Fittings,4,32.14,48.78,48.54,194.16,
INV-50241,2026-08-30,C1114,Shenandoah Contracting,C,K. Foster,HVA-1017,HVAC Equipment,1,2240.25,2889.06,2899.12,2899.12,
INV-50241,2026-08-30,C1114,Shenandoah Contracting,C,K. Foster,LIG-1034,Lighting,10,44.13,63.04,62.91,629.1,
INV-50241,2026-08-30,C1114,Shenandoah Contracting,C,K. Foster,CON-1008,Conduit & Fittings,13,3.76,5.53,5.51,71.63,
INV-50241,2026-08-30,C1114,Shenandoah Contracting,C,K. Foster,HVA-1022,HVAC Equipment,1,465.16,580.52,581.53,581.53,
INV-50241,2026-08-30,C1114,Shenandoah Contracting,C,K. Foster,HVA-1025,HVAC Equipment,7,435.7,563.38,563.29,3943.03,
INV-50242,2026-07-13,C1034,Cardinal Power Systems,B,K. Foster,WIR-1007,Wire & Cable,12,157.76,197.99,197.53,2370.36,
INV-50242,2026-07-13,C1034,Cardinal Power Systems,B,K. Foster,HVA-1028,HVAC Equipment,1,685.83,813.91,821.45,821.45,
INV-50242,2026-07-13,C1034,Cardinal Power Systems,B,K. Foster,WIR-1011,Wire & Cable,12,126.22,154.44,154.1,1849.2,
INV-50243,2026-07-26,C1058,Leesburg Heating & Air,C,D. Brooks,HVA-1032,HVAC Parts,15,40.36,59.24,58.74,881.1,
INV-50243,2026-07-26,C1058,Leesburg Heating & Air,C,D. Brooks,HVA-1018,HVAC Equipment,1,798.66,1035.9,1028.06,1028.06,
INV-50243,2026-07-26,C1058,Leesburg Heating & Air,C,D. Brooks,HVA-1033,HVAC Parts,20,37.29,52.0,51.79,1035.8,
INV-50243,2026-07-26,C1058,Leesburg Heating & Air,C,D. Brooks,LIG-1026,Lighting,5,15.8,23.36,23.3,116.5,
INV-50243,2026-07-26,C1058,Leesburg Heating & Air,C,D. Brooks,LIG-1022,Lighting,10,13.9,20.08,20.19,201.9,
INV-50243,2026-07-26,C1058,Leesburg Heating & Air,C,D. Brooks,LIG-1030,Lighting,13,127.4,188.87,188.63,2452.19,
INV-50244,2026-07-28,C1004,Blue Ridge Electrical Co.,A,T. Chen,HVA-1010,HVAC Equipment,1,1378.41,1472.2,1460.28,1460.28,
INV-50244,2026-07-28,C1004,Blue Ridge Electrical Co.,A,T. Chen,CON-1012,Conduit & Fittings,91,12.67,16.28,16.24,1477.84,
INV-50244,2026-07-28,C1004,Blue Ridge Electrical Co.,A,T. Chen,HVA-1016,HVAC Equipment,1,1182.28,1240.67,1228.56,1228.56,
INV-50244,2026-07-28,C1004,Blue Ridge Electrical Co.,A,T. Chen,BRE-1018,Breakers & Panels,8,111.4,128.54,127.55,1020.4,
INV-50245,2026-08-31,C1108,Ridgeline Comfort Systems,C,S. Evans,WIR-1001,Wire & Cable,17,67.02,87.51,86.77,1475.09,
INV-50245,2026-08-31,C1108,Ridgeline Comfort Systems,C,S. Evans,WIR-1022,Wire & Cable,3,83.06,116.82,117.01,351.03,
INV-50245,2026-08-31,C1108,Ridgeline Comfort Systems,C,S. Evans,CON-1009,Conduit & Fittings,15,17.71,27.1,27.01,405.15,
INV-50245,2026-08-31,C1108,Ridgeline Comfort Systems,C,S. Evans,BRE-1031,Breakers & Panels,15,33.11,46.32,46.13,691.95,
INV-50245,2026-08-31,C1108,Ridgeline Comfort Systems,C,S. Evans,LIG-1001,Lighting,16,30.22,43.32,42.92,686.72,
INV-50245,2026-08-31,C1108,Ridgeline Comfort Systems,C,S. Evans,LIG-1023,Lighting,8,160.88,249.22,248.97,1991.76,
INV-50246,2026-07-28,C1066,Loudoun Electrical Co.,C,T. Chen,BRE-1026,Breakers & Panels,10,12.67,17.71,17.79,177.9,
INV-50246,2026-07-28,C1066,Loudoun Electrical Co.,C,T. Chen,HVA-1000,HVAC Equipment,1,402.96,535.02,530.63,530.63,
INV-50246,2026-07-28,C1066,Loudoun Electrical Co.,C,T. Chen,HVA-1035,HVAC Parts,55,33.23,47.25,47.14,2592.7,
INV-50246,2026-07-28,C1066,Loudoun Electrical Co.,C,T. Chen,WIR-1005,Wire & Cable,2,392.51,518.85,519.59,1039.18,
INV-50246,2026-07-28,C1066,Loudoun Electrical Co.,C,T. Chen,LIG-1032,Lighting,9,22.45,35.3,35.18,316.62,
INV-50247,2026-08-17,C1082,Occoquan Building Services,C,D. Brooks,HVA-1032,HVAC Parts,7,40.36,59.24,59.2,414.4,
INV-50247,2026-08-17,C1082,Occoquan Building Services,C,D. Brooks,CON-1026,Conduit & Fittings,3,36.79,57.83,57.4,172.2,
INV-50248,2026-09-23,C1114,Shenandoah Contracting,C,K. Foster,CON-1016,Conduit & Fittings,8,2.76,4.27,4.31,34.48,
INV-50248,2026-09-23,C1114,Shenandoah Contracting,C,K. Foster,HVA-1026,HVAC Equipment,1,478.34,634.78,640.22,640.22,
INV-50248,2026-09-23,C1114,Shenandoah Contracting,C,K. Foster,WIR-1018,Wire & Cable,2,47.93,67.87,68.49,136.98,
INV-50249,2026-09-25,C1027,Capitol Electrical Co.,B,T. Chen,LIG-1016,Lighting,8,90.5,121.68,121.48,971.84,
INV-50249,2026-09-25,C1027,Capitol Electrical Co.,B,T. Chen,WIR-1026,Wire & Cable,11,42.97,55.34,55.47,610.17,
INV-50250,2026-09-14,C1039,Chantilly HVAC Services,B,R. Alvarez,CON-1020,Conduit & Fittings,44,32.14,45.19,45.46,2000.24,
INV-50250,2026-09-14,C1039,Chantilly HVAC Services,B,R. Alvarez,HVA-1021,HVAC Equipment,2,2137.62,2478.35,2476.12,4952.24,
INV-50250,2026-09-14,C1039,Chantilly HVAC Services,B,R. Alvarez,HVA-1035,HVAC Equipment,2,1183.06,1405.18,1411.75,2823.5,
INV-50251,2026-09-03,C1066,Loudoun Electrical Co.,C,T. Chen,LIG-1022,Lighting,10,13.9,20.08,20.06,200.6,
INV-50251,2026-09-03,C1066,Loudoun Electrical Co.,C,T. Chen,HVA-1030,HVAC Parts,6,7.81,11.67,11.77,70.62,
INV-50251,2026-09-03,C1066,Loudoun Electrical Co.,C,T. Chen,LIG-1026,Lighting,14,15.8,23.36,23.53,329.42,
INV-50251,2026-09-03,C1066,Loudoun Electrical Co.,C,T. Chen,HVA-1001,HVAC Parts,2,24.8,34.51,34.36,68.72,
INV-50251,2026-09-03,C1066,Loudoun Electrical Co.,C,T. Chen,CON-1000,Conduit & Fittings,26,23.85,34.96,34.75,903.5,
INV-50252,2026-07-25,C1028,Capitol HVAC Services,B,S. Evans,HVA-1022,HVAC Parts,1,133.45,180.97,182.18,182.18,
INV-50252,2026-07-25,C1028,Capitol HVAC Services,B,S. Evans,HVA-1026,HVAC Equipment,1,478.34,588.01,589.21,589.21,
INV-50252,2026-07-25,C1028,Capitol HVAC Services,B,S. Evans,HVA-1021,HVAC Equipment,3,2137.62,2478.35,2491.62,7474.86,
INV-50253,2026-08-09,C1001,Blue Ridge Building Services,A,M. Dunn,LIG-1003,Lighting,6,183.14,240.01,240.27,1441.62,
INV-50253,2026-08-09,C1001,Blue Ridge Building Services,A,M. Dunn,WIR-1018,Wire & Cable,34,47.93,57.15,57.03,1939.02,
INV-50253,2026-08-09,C1001,Blue Ridge Building Services,A,M. Dunn,WIR-1035,Wire & Cable,10,83.22,97.51,97.9,979.0,
INV-50254,2026-07-27,C1002,Blue Ridge Comfort Systems,A,S. Evans,HVA-1007,HVAC Equipment,1,1114.79,1246.31,1253.69,1253.69,
INV-50254,2026-07-27,C1002,Blue Ridge Comfort Systems,A,S. Evans,BRE-1025,Breakers & Panels,17,164.87,195.19,196.92,3347.64,
INV-50255,2026-08-30,C1038,Chantilly Energy Group,B,S. Evans,CON-1010,Conduit & Fittings,17,12.81,17.19,17.06,290.02,
INV-50255,2026-08-30,C1038,Chantilly Energy Group,B,S. Evans,HVA-1033,HVAC Parts,12,37.29,48.17,47.89,574.68,
INV-50255,2026-08-30,C1038,Chantilly Energy Group,B,S. Evans,HVA-1007,HVAC Parts,8,201.93,262.7,263.95,2111.6,
INV-50255,2026-08-30,C1038,Chantilly Energy Group,B,S. Evans,WIR-1019,Wire & Cable,18,116.68,151.54,141.53,2547.54,
INV-50255,2026-08-30,C1038,Chantilly Energy Group,B,S. Evans,CON-1008,Conduit & Fittings,13,3.76,5.12,5.16,67.08,
INV-50255,2026-08-30,C1038,Chantilly Energy Group,B,S. Evans,CON-1013,Conduit & Fittings,14,25.39,34.58,34.88,488.32,
INV-50256,2026-09-11,C1010,Bull Run Electric,A,K. Foster,LIG-1032,Lighting,47,22.45,29.73,29.7,1395.9,
INV-50256,2026-09-11,C1010,Bull Run Electric,A,K. Foster,HVA-1022,HVAC Equipment,2,465.16,488.86,489.68,979.36,
INV-50256,2026-09-11,C1010,Bull Run Electric,A,K. Foster,LIG-1003,Lighting,13,183.14,240.01,239.9,3118.7,
INV-50257,2026-08-19,C1104,Reston HVAC Services,C,D. Brooks,LIG-1027,Lighting,1,15.54,23.09,23.22,23.22,
INV-50257,2026-08-19,C1104,Reston HVAC Services,C,D. Brooks,LIG-1031,Lighting,13,46.98,72.51,72.36,940.68,
INV-50257,2026-08-19,C1104,Reston HVAC Services,C,D. Brooks,WIR-1016,Wire & Cable,2,87.34,115.72,108.28,216.56,
INV-50257,2026-08-19,C1104,Reston HVAC Services,C,D. Brooks,CON-1011,Conduit & Fittings,17,4.24,6.39,6.36,108.12,
INV-50258,2026-08-14,C1037,Chantilly Electrical Co.,B,D. Brooks,WIR-1027,Wire & Cable,2,43.54,54.71,51.12,102.24,
INV-50258,2026-08-14,C1037,Chantilly Electrical Co.,B,D. Brooks,HVA-1005,HVAC Parts,2,90.38,116.42,117.55,235.1,
INV-50258,2026-08-14,C1037,Chantilly Electrical Co.,B,D. Brooks,HVA-1034,HVAC Parts,3,21.98,29.88,29.91,89.73,
INV-50258,2026-08-14,C1037,Chantilly Electrical Co.,B,D. Brooks,LIG-1009,Lighting,2,103.74,138.8,137.54,275.08,
INV-50259,2026-08-24,C1026,Capitol Comfort Systems,B,R. Alvarez,CON-1011,Conduit & Fittings,10,4.24,5.92,5.92,59.2,
INV-50259,2026-08-24,C1026,Capitol Comfort Systems,B,R. Alvarez,LIG-1001,Lighting,15,30.22,40.13,40.21,603.15,
INV-50259,2026-08-24,C1026,Capitol Comfort Systems,B,R. Alvarez,WIR-1010,Wire & Cable,5,416.68,509.46,506.21,2531.05,
INV-50259,2026-08-24,C1026,Capitol Comfort Systems,B,R. Alvarez,HVA-1006,HVAC Equipment,1,495.45,601.59,599.42,599.42,
INV-50259,2026-08-24,C1026,Capitol Comfort Systems,B,R. Alvarez,HVA-1016,HVAC Parts,3,11.14,15.78,15.7,47.1,
INV-50259,2026-08-24,C1026,Capitol Comfort Systems,B,R. Alvarez,LIG-1019,Lighting,7,22.4,30.18,30.24,211.68,
INV-50260,2026-09-04,C1011,Bull Run Electrical Co.,A,D. Brooks,BRE-1016,Breakers & Panels,2,22.89,27.33,27.08,54.16,
INV-50260,2026-09-04,C1011,Bull Run Electrical Co.,A,D. Brooks,CON-1000,Conduit & Fittings,98,23.85,29.44,29.66,2906.68,
INV-50260,2026-09-04,C1011,Bull Run Electrical Co.,A,D. Brooks,WIR-1031,Wire & Cable,7,333.43,388.52,390.15,2731.05,
INV-50261,2026-08-15,C1080,Mason Heating & Air,C,K. Foster,LIG-1024,Lighting,7,41.61,60.96,61.26,428.82,
INV-50261,2026-08-15,C1080,Mason Heating & Air,C,K. Foster,CON-1019,Conduit & Fittings,36,3.49,5.15,5.12,184.32,
INV-50261,2026-08-15,C1080,Mason Heating & Air,C,K. Foster,HVA-1014,HVAC Equipment,3,1053.64,1315.51,1323.99,3971.97,
INV-50262,2026-09-26,C1012,Bull Run Energy Group,A,D. Brooks,WIR-1011,Wire & Cable,5,126.22,140.4,141.05,705.25,
INV-50262,2026-09-26,C1012,Bull Run Energy Group,A,D. Brooks,WIR-1009,Wire & Cable,3,329.33,392.5,395.41,1186.23,
INV-50263,2026-09-16,C1008,Bull Run Comfort Systems,A,D. Brooks,WIR-1029,Wire & Cable,24,61.38,69.11,69.4,1665.6,
INV-50263,2026-09-16,C1008,Bull Run Comfort Systems,A,D. Brooks,HVA-1015,HVAC Parts,1,173.58,204.49,204.88,204.88,
INV-50263,2026-09-16,C1008,Bull Run Comfort Systems,A,D. Brooks,HVA-1027,HVAC Equipment,1,2166.2,2378.14,2379.42,2379.42,
INV-50264,2026-09-05,C1065,Loudoun Building Services,C,T. Chen,HVA-1031,HVAC Parts,2,45.05,66.18,65.87,131.74,
INV-50264,2026-09-05,C1065,Loudoun Building Services,C,T. Chen,WIR-1014,Wire & Cable,14,313.51,430.78,431.74,6044.36,
INV-50264,2026-09-05,C1065,Loudoun Building Services,C,T. Chen,CON-1012,Conduit & Fittings,5,12.67,19.33,19.27,96.35,
INV-50265,2026-09-17,C1093,Piedmont Electric,C,T. Chen,CON-1000,Conduit & Fittings,11,23.85,34.96,32.45,356.95,VERBAL
INV-50265,2026-09-17,C1093,Piedmont Electric,C,T. Chen,LIG-1024,Lighting,3,41.61,60.96,60.59,181.77,
INV-50265,2026-09-17,C1093,Piedmont Electric,C,T. Chen,BRE-1007,Breakers & Panels,16,24.67,37.33,37.16,594.56,
INV-50266,2026-08-13,C1091,Old Dominion Mechanical,C,D. Brooks,BRE-1018,Breakers & Panels,7,111.4,152.65,137.47,962.29,
INV-50266,2026-08-13,C1091,Old Dominion Mechanical,C,D. Brooks,WIR-1030,Wire & Cable,1,123.15,164.76,155.89,155.89,
INV-50266,2026-08-13,C1091,Old Dominion Mechanical,C,D. Brooks,HVA-1035,HVAC Parts,5,33.23,47.25,47.02,235.1,
INV-50267,2026-09-16,C1037,Chantilly Electrical Co.,B,D. Brooks,LIG-1027,Lighting,1,15.54,21.38,21.31,21.31,
INV-50267,2026-09-16,C1037,Chantilly Electrical Co.,B,D. Brooks,HVA-1022,HVAC Parts,2,133.45,180.97,181.72,363.44,
INV-50267,2026-09-16,C1037,Chantilly Electrical Co.,B,D. Brooks,WIR-1010,Wire & Cable,1,416.68,509.46,482.53,482.53,
INV-50267,2026-09-16,C1037,Chantilly Electrical Co.,B,D. Brooks,BRE-1027,Breakers & Panels,12,48.96,63.82,64.04,768.48,
INV-50268,2026-08-27,C1044,Dulles Comfort Systems,B,K. Foster,BRE-1018,Breakers & Panels,6,111.4,141.4,141.93,851.58,
INV-50268,2026-08-27,C1044,Dulles Comfort Systems,B,K. Foster,HVA-1016,HVAC Parts,11,11.14,15.78,15.89,174.79,
INV-50268,2026-08-27,C1044,Dulles Comfort Systems,B,K. Foster,BRE-1033,Breakers & Panels,3,20.29,26.53,26.4,79.2,
INV-50268,2026-08-27,C1044,Dulles Comfort Systems,B,K. Foster,LIG-1011,Lighting,14,19.03,27.22,27.32,382.48,
INV-50268,2026-08-27,C1044,Dulles Comfort Systems,B,K. Foster,WIR-1027,Wire & Cable,2,43.54,54.71,54.25,108.5,
INV-50269,2026-08-30,C1048,Dulles HVAC Services,B,R. Alvarez,HVA-1010,HVAC Equipment,1,1378.41,1619.42,1620.21,1620.21,
INV-50269,2026-08-30,C1048,Dulles HVAC Services,B,R. Alvarez,CON-1035,Conduit & Fittings,2,50.27,75.84,76.39,152.78,
INV-50269,2026-08-30,C1048,Dulles HVAC Services,B,R. Alvarez,BRE-1019,Breakers & Panels,4,66.96,87.06,86.42,345.68,
INV-50270,2026-07-15,C1042,Chantilly Power Systems,B,T. Chen,WIR-1018,Wire & Cable,7,47.93,62.87,63.44,444.08,
INV-50270,2026-07-15,C1042,Chantilly Power Systems,B,T. Chen,LIG-1017,Lighting,6,36.9,48.51,48.78,292.68,
INV-50270,2026-07-15,C1042,Chantilly Power Systems,B,T. Chen,CON-1010,Conduit & Fittings,12,12.81,17.19,17.14,205.68,
INV-50270,2026-07-15,C1042,Chantilly Power Systems,B,T. Chen,HVA-1034,HVAC Parts,11,21.98,29.88,30.02,330.22,
INV-50271,2026-09-08,C1020,Burke Energy Group,B,S. Evans,CON-1024,Conduit & Fittings,6,3.43,5.18,5.16,30.96,
INV-50271,2026-09-08,C1020,Burke Energy Group,B,S. Evans,CON-1005,Conduit & Fittings,8,4.97,7.09,7.06,56.48,
INV-50271,2026-09-08,C1020,Burke Energy Group,B,S. Evans,CON-1009,Conduit & Fittings,30,17.71,25.11,25.08,752.4,
INV-50271,2026-09-08,C1020,Burke Energy Group,B,S. Evans,LIG-1006,Lighting,22,17.96,25.81,25.94,570.68,
INV-50271,2026-09-08,C1020,Burke Energy Group,B,S. Evans,HVA-1009,HVAC Equipment,1,1188.73,1457.75,1447.84,1447.84,
INV-50272,2026-08-26,C1027,Capitol Electrical Co.,B,T. Chen,CON-1031,Conduit & Fittings,26,2.97,4.01,3.98,103.48,
INV-50272,2026-08-26,C1027,Capitol Electrical Co.,B,T. Chen,HVA-1030,HVAC Equipment,2,1433.65,1692.99,1705.41,3410.82,
INV-50273,2026-07-05,C1035,Chantilly Contracting,B,S. Evans,BRE-1007,Breakers & Panels,6,24.67,34.58,34.26,205.56,
INV-50273,2026-07-05,C1035,Chantilly Contracting,B,S. Evans,BRE-1026,Breakers & Panels,19,12.67,16.4,16.32,310.08,
INV-50273,2026-07-05,C1035,Chantilly Contracting,B,S. Evans,CON-1010,Conduit & Fittings,6,12.81,17.19,17.28,103.68,
INV-50274,2026-08-30,C1028,Capitol HVAC Services,B,S. Evans,WIR-1026,Wire & Cable,3,42.97,55.34,51.88,155.64,
INV-50274,2026-08-30,C1028,Capitol HVAC Services,B,S. Evans,WIR-1024,Wire & Cable,3,274.36,350.42,349.07,1047.21,
INV-50274,2026-08-30,C1028,Capitol HVAC Services,B,S. Evans,WIR-1025,Wire & Cable,1,108.67,137.62,138.38,138.38,
INV-50275,2026-07-19,C1022,Burke Heating & Air,B,T. Chen,LIG-1033,Lighting,11,27.69,38.57,38.91,428.01,
INV-50275,2026-07-19,C1022,Burke Heating & Air,B,T. Chen,BRE-1011,Breakers & Panels,4,108.7,147.58,147.94,591.76,
INV-50275,2026-07-19,C1022,Burke Heating & Air,B,T. Chen,CON-1020,Conduit & Fittings,4,32.14,45.19,44.86,179.44,
INV-50276,2026-09-19,C1117,Shenandoah HVAC Services,C,S. Evans,WIR-1005,Wire & Cable,3,392.51,518.85,514.86,1544.58,
INV-50276,2026-09-19,C1117,Shenandoah HVAC Services,C,S. Evans,CON-1024,Conduit & Fittings,6,3.43,5.6,5.61,33.66,
INV-50276,2026-09-19,C1117,Shenandoah HVAC Services,C,S. Evans,HVA-1007,HVAC Parts,12,201.93,283.59,282.08,3384.96,
INV-50276,2026-09-19,C1117,Shenandoah HVAC Services,C,S. Evans,CON-1000,Conduit & Fittings,16,23.85,34.96,34.79,556.64,
INV-50277,2026-07-28,C1007,Bull Run Building Services,A,M. Dunn,LIG-1006,Lighting,5,17.96,23.46,23.49,117.45,
INV-50277,2026-07-28,C1007,Bull Run Building Services,A,M. Dunn,WIR-1029,Wire & Cable,8,61.38,69.11,69.25,554.0,
INV-50277,2026-07-28,C1007,Bull Run Building Services,A,M. Dunn,HVA-1030,HVAC Equipment,1,1433.65,1539.08,1532.1,1532.1,
INV-50278,2026-07-22,C1029,Capitol Mechanical,B,M. Dunn,CON-1030,Conduit & Fittings,2,42.26,61.79,61.18,122.36,
INV-50278,2026-07-22,C1029,Capitol Mechanical,B,M. Dunn,HVA-1016,HVAC Parts,6,11.14,15.78,15.84,95.04,
INV-50278,2026-07-22,C1029,Capitol Mechanical,B,M. Dunn,LIG-1003,Lighting,8,183.14,264.01,262.22,2097.76,
INV-50278,2026-07-22,C1029,Capitol Mechanical,B,M. Dunn,HVA-1027,HVAC Equipment,1,2166.2,2615.96,2611.01,2611.01,
INV-50278,2026-07-22,C1029,Capitol Mechanical,B,M. Dunn,CON-1020,Conduit & Fittings,7,32.14,45.19,45.39,317.73,
INV-50279,2026-09-09,C1071,Manassas Comfort Systems,C,K. Foster,LIG-1000,Lighting,33,11.27,16.31,16.22,535.26,
INV-50279,2026-09-09,C1071,Manassas Comfort Systems,C,K. Foster,WIR-1015,Wire & Cable,16,35.17,47.22,47.67,762.72,
INV-50279,2026-09-09,C1071,Manassas Comfort Systems,C,K. Foster,HVA-1033,HVAC Parts,36,37.29,52.0,52.41,1886.76,
INV-50279,2026-09-09,C1071,Manassas Comfort Systems,C,K. Foster,LIG-1034,Lighting,6,44.13,63.04,62.63,375.78,
INV-50279,2026-09-09,C1071,Manassas Comfort Systems,C,K. Foster,HVA-1025,HVAC Parts,7,66.1,101.77,102.02,714.14,
INV-50280,2026-07-31,C1045,Dulles Contracting,B,S. Evans,WIR-1004,Wire & Cable,13,134.3,166.8,155.16,2017.08,
INV-50280,2026-07-31,C1045,Dulles Contracting,B,S. Evans,LIG-1029,Lighting,5,98.21,131.64,132.62,663.1,
INV-50280,2026-07-31,C1045,Dulles Contracting,B,S. Evans,CON-1029,Conduit & Fittings,13,15.74,21.28,21.2,275.6,
INV-50280,2026-07-31,C1045,Dulles Contracting,B,S. Evans,CON-1028,Conduit & Fittings,18,8.95,13.44,13.37,240.66,
INV-50280,2026-07-31,C1045,Dulles Contracting,B,S. Evans,WIR-1019,Wire & Cable,7,116.68,151.54,151.09,1057.63,
INV-50281,2026-09-20,C1043,Dulles Building Services,B,T. Chen,HVA-1006,HVAC Equipment,1,495.45,601.59,597.99,597.99,
INV-50281,2026-09-20,C1043,Dulles Building Services,B,T. Chen,LIG-1015,Lighting,5,64.96,91.19,90.56,452.8,
INV-50281,2026-09-20,C1043,Dulles Building Services,B,T. Chen,HVA-1019,HVAC Equipment,1,1148.15,1361.25,1354.29,1354.29,
INV-50281,2026-09-20,C1043,Dulles Building Services,B,T. Chen,CON-1011,Conduit & Fittings,7,4.24,5.92,5.95,41.65,
INV-50282,2026-07-13,C1027,Capitol Electrical Co.,B,T. Chen,CON-1002,Conduit & Fittings,6,2.46,3.56,3.57,21.42,
INV-50282,2026-07-13,C1027,Capitol Electrical Co.,B,T. Chen,HVA-1005,HVAC Equipment,2,1913.09,2273.14,2266.82,4533.64,
INV-50282,2026-07-13,C1027,Capitol Electrical Co.,B,T. Chen,HVA-1029,HVAC Equipment,1,706.2,863.89,871.23,871.23,
INV-50283,2026-08-22,C1045,Dulles Contracting,B,S. Evans,HVA-1009,HVAC Equipment,1,1188.73,1457.75,1454.54,1454.54,
INV-50283,2026-08-22,C1045,Dulles Contracting,B,S. Evans,HVA-1022,HVAC Parts,5,133.45,180.97,182.07,910.35,
INV-50284,2026-08-07,C1032,Cardinal Energy Group,B,T. Chen,HVA-1033,HVAC Parts,10,37.29,48.17,47.74,477.4,
INV-50284,2026-08-07,C1032,Cardinal Energy Group,B,T. Chen,HVA-1012,HVAC Parts,15,26.33,33.84,34.18,512.7,
INV-50284,2026-08-07,C1032,Cardinal Energy Group,B,T. Chen,BRE-1024,Breakers & Panels,16,23.6,30.28,29.16,466.56,MGR
INV-50285,2026-09-20,C1030,Capitol Power Systems,B,M. Dunn,LIG-1013,Lighting,2,9.5,12.94,13.03,26.06,
INV-50285,2026-09-20,C1030,Capitol Power Systems,B,M. Dunn,BRE-1018,Breakers & Panels,1,111.4,141.4,142.63,142.63,
INV-50285,2026-09-20,C1030,Capitol Power Systems,B,M. Dunn,HVA-1020,HVAC Equipment,1,953.96,1097.57,1087.96,1087.96,
INV-50285,2026-09-20,C1030,Capitol Power Systems,B,M. Dunn,CON-1009,Conduit & Fittings,24,17.71,25.11,25.2,604.8,
INV-50285,2026-09-20,C1030,Capitol Power Systems,B,M. Dunn,HVA-1002,HVAC Equipment,1,1734.3,2032.02,2020.76,2020.76,
INV-50286,2026-07-21,C1104,Reston HVAC Services,C,D. Brooks,WIR-1030,Wire & Cable,13,123.15,164.76,165.42,2150.46,
INV-50286,2026-07-21,C1104,Reston HVAC Services,C,D. Brooks,CON-1026,Conduit & Fittings,22,36.79,57.83,58.37,1284.14,
INV-50286,2026-07-21,C1104,Reston HVAC Services,C,D. Brooks,BRE-1004,Breakers & Panels,4,156.83,221.63,222.46,889.84,
INV-50286,2026-07-21,C1104,Reston HVAC Services,C,D. Brooks,HVA-1012,HVAC Equipment,1,922.14,1171.15,1164.47,1164.47,
INV-50286,2026-07-21,C1104,Reston HVAC Services,C,D. Brooks,HVA-1017,HVAC Parts,1,13.44,20.4,20.51,20.51,
INV-50287,2026-07-28,C1010,Bull Run Electric,A,K. Foster,HVA-1008,HVAC Equipment,1,913.36,995.01,1001.11,1001.11,
INV-50287,2026-07-28,C1010,Bull Run Electric,A,K. Foster,HVA-1017,HVAC Equipment,1,2240.25,2432.9,2420.93,2420.93,
INV-50287,2026-07-28,C1010,Bull Run Electric,A,K. Foster,HVA-1012,HVAC Parts,18,26.33,30.77,31.01,558.18,
INV-50287,2026-07-28,C1010,Bull Run Electric,A,K. Foster,WIR-1030,Wire & Cable,4,123.15,138.74,138.88,555.52,
INV-50287,2026-07-28,C1010,Bull Run Electric,A,K. Foster,WIR-1006,Wire & Cable,2,223.99,245.66,245.12,490.24,
INV-50287,2026-07-28,C1010,Bull Run Electric,A,K. Foster,HVA-1029,HVAC Equipment,2,706.2,785.35,777.67,1555.34,
INV-50288,2026-09-08,C1023,Burke Mechanical,B,D. Brooks,LIG-1029,Lighting,5,98.21,131.64,130.67,653.35,
INV-50288,2026-09-08,C1023,Burke Mechanical,B,D. Brooks,HVA-1027,HVAC Equipment,1,2166.2,2615.96,2640.38,2640.38,
INV-50288,2026-09-08,C1023,Burke Mechanical,B,D. Brooks,WIR-1030,Wire & Cable,10,123.15,152.62,151.76,1517.6,
INV-50288,2026-09-08,C1023,Burke Mechanical,B,D. Brooks,HVA-1025,HVAC Equipment,1,435.7,521.87,521.1,521.1,
INV-50288,2026-09-08,C1023,Burke Mechanical,B,D. Brooks,BRE-1006,Breakers & Panels,18,18.77,25.36,25.39,457.02,
INV-50288,2026-09-08,C1023,Burke Mechanical,B,D. Brooks,HVA-1010,HVAC Parts,1,26.77,34.79,34.61,34.61,
INV-50289,2026-07-28,C1004,Blue Ridge Electrical Co.,A,T. Chen,CON-1033,Conduit & Fittings,5,3.42,4.24,4.2,21.0,
INV-50289,2026-07-28,C1004,Blue Ridge Electrical Co.,A,T. Chen,BRE-1023,Breakers & Panels,7,34.02,39.36,39.35,275.45,
INV-50289,2026-07-28,C1004,Blue Ridge Electrical Co.,A,T. Chen,HVA-1024,HVAC Equipment,1,2463.08,2710.2,2709.85,2709.85,
INV-50289,2026-07-28,C1004,Blue Ridge Electrical Co.,A,T. Chen,HVA-1035,HVAC Parts,4,33.23,39.79,39.73,158.92,
INV-50289,2026-07-28,C1004,Blue Ridge Electrical Co.,A,T. Chen,HVA-1001,HVAC Equipment,1,1321.74,1471.69,1405.79,1405.79,MGR
INV-50289,2026-07-28,C1004,Blue Ridge Electrical Co.,A,T. Chen,LIG-1020,Lighting,2,23.46,28.31,28.51,57.02,
INV-50290,2026-07-19,C1017,Burke Contracting,B,K. Foster,HVA-1009,HVAC Equipment,2,1188.73,1457.75,1466.76,2933.52,
INV-50290,2026-07-19,C1017,Burke Contracting,B,K. Foster,HVA-1001,HVAC Equipment,1,1321.74,1618.86,1634.46,1634.46,
INV-50291,2026-09-23,C1006,Blue Ridge Heating & Air,A,M. Dunn,WIR-1003,Wire & Cable,9,52.37,58.81,58.31,524.79,
INV-50291,2026-09-23,C1006,Blue Ridge Heating & Air,A,M. Dunn,BRE-1017,Breakers & Panels,7,33.16,42.02,41.68,291.76,
INV-50292,2026-07-02,C1013,Bull Run HVAC Services,A,D. Brooks,LIG-1014,Lighting,3,9.82,12.59,12.64,37.92,
INV-50292,2026-07-02,C1013,Bull Run HVAC Services,A,D. Brooks,HVA-1028,HVAC Parts,4,6.16,7.68,7.69,30.76,
INV-50292,2026-07-02,C1013,Bull Run HVAC Services,A,D. Brooks,HVA-1029,HVAC Parts,5,7.05,9.1,9.17,45.85,
INV-50293,2026-08-31,C1025,Capitol Building Services,B,R. Alvarez,HVA-1018,HVAC Parts,4,116.07,158.21,156.9,627.6,
INV-50293,2026-08-31,C1025,Capitol Building Services,B,R. Alvarez,CON-1016,Conduit & Fittings,36,2.76,3.96,4.0,144.0,
INV-50293,2026-08-31,C1025,Capitol Building Services,B,R. Alvarez,WIR-1004,Wire & Cable,2,134.3,166.8,167.83,335.66,
INV-50293,2026-08-31,C1025,Capitol Building Services,B,R. Alvarez,WIR-1017,Wire & Cable,1,51.35,65.17,64.91,64.91,
INV-50294,2026-09-08,C1017,Burke Contracting,B,K. Foster,WIR-1002,Wire & Cable,11,152.66,196.76,197.55,2173.05,
INV-50294,2026-09-08,C1017,Burke Contracting,B,K. Foster,BRE-1009,Breakers & Panels,2,29.59,39.28,39.09,78.18,
INV-50294,2026-09-08,C1017,Burke Contracting,B,K. Foster,HVA-1034,HVAC Parts,6,21.98,29.88,29.72,178.32,
INV-50294,2026-09-08,C1017,Burke Contracting,B,K. Foster,LIG-1004,Lighting,15,64.29,86.85,87.56,1313.4,
INV-50295,2026-08-06,C1027,Capitol Electrical Co.,B,T. Chen,BRE-1035,Breakers & Panels,9,97.51,130.81,131.26,1181.34,
INV-50295,2026-08-06,C1027,Capitol Electrical Co.,B,T. Chen,LIG-1028,Lighting,13,42.41,58.41,58.22,756.86,
INV-50295,2026-08-06,C1027,Capitol Electrical Co.,B,T. Chen,LIG-1000,Lighting,2,11.27,15.11,15.08,30.16,
INV-50295,2026-08-06,C1027,Capitol Electrical Co.,B,T. Chen,HVA-1011,HVAC Equipment,1,620.35,747.27,748.97,748.97,
INV-50296,2026-09-11,C1044,Dulles Comfort Systems,B,K. Foster,HVA-1002,HVAC Parts,27,33.4,43.53,43.59,1176.93,
INV-50296,2026-09-11,C1044,Dulles Comfort Systems,B,K. Foster,CON-1018,Conduit & Fittings,6,4.8,7.03,7.1,42.6,
INV-50296,2026-09-11,C1044,Dulles Comfort Systems,B,K. Foster,WIR-1022,Wire & Cable,8,83.06,108.21,108.13,865.04,
INV-50297,2026-07-06,C1034,Cardinal Power Systems,B,K. Foster,LIG-1032,Lighting,10,22.45,32.7,32.69,326.9,
INV-50297,2026-07-06,C1034,Cardinal Power Systems,B,K. Foster,WIR-1013,Wire & Cable,8,317.33,399.44,402.71,3221.68,
INV-50297,2026-07-06,C1034,Cardinal Power Systems,B,K. Foster,BRE-1020,Breakers & Panels,4,33.52,45.36,45.54,182.16,
INV-50297,2026-07-06,C1034,Cardinal Power Systems,B,K. Foster,CON-1015,Conduit & Fittings,5,2.29,3.06,3.06,15.3,
INV-50298,2026-08-03,C1014,Bull Run Heating & Air,A,S. Evans,BRE-1002,Breakers & Panels,11,117.95,145.32,129.47,1424.17,
INV-50298,2026-08-03,C1014,Bull Run Heating & Air,A,S. Evans,HVA-1008,HVAC Equipment,3,913.36,995.01,987.13,2961.39,
INV-50298,2026-08-03,C1014,Bull Run Heating & Air,A,S. Evans,HVA-1018,HVAC Equipment,1,798.66,872.34,874.12,874.12,
INV-50299,2026-09-09,C1032,Cardinal Energy Group,B,T. Chen,BRE-1026,Breakers & Panels,14,12.67,16.4,16.26,227.64,
INV-50299,2026-09-09,C1032,Cardinal Energy Group,B,T. Chen,CON-1033,Conduit & Fittings,12,3.42,4.66,4.69,56.28,
INV-50299,2026-09-09,C1032,Cardinal Energy Group,B,T. Chen,HVA-1013,HVAC Parts,5,12.39,16.36,16.22,81.1,
INV-50299,2026-09-09,C1032,Cardinal Energy Group,B,T. Chen,BRE-1026,Breakers & Panels,5,12.67,16.4,16.31,81.55,
INV-50299,2026-09-09,C1032,Cardinal Energy Group,B,T. Chen,LIG-1033,Lighting,9,27.69,38.57,38.28,344.52,
INV-50300,2026-09-14,C1064,Lorton Power Systems,C,S. Evans,HVA-1002,HVAC Parts,8,33.4,47.0,46.72,373.76,
INV-50300,2026-09-14,C1064,Lorton Power Systems,C,S. Evans,LIG-1017,Lighting,4,36.9,52.36,52.24,208.96,
INV-50301,2026-07-29,C1008,Bull Run Comfort Systems,A,D. Brooks,HVA-1029,HVAC Equipment,1,706.2,785.35,779.12,779.12,
INV-50301,2026-07-29,C1008,Bull Run Comfort Systems,A,D. Brooks,BRE-1008,Breakers & Panels,15,67.45,78.7,77.98,1169.7,
INV-50301,2026-07-29,C1008,Bull Run Comfort Systems,A,D. Brooks,HVA-1024,HVAC Parts,3,167.27,216.78,215.45,646.35,
INV-50302,2026-07-24,C1010,Bull Run Electric,A,K. Foster,CON-1010,Conduit & Fittings,38,12.81,15.62,15.65,594.7,
INV-50302,2026-07-24,C1010,Bull Run Electric,A,K. Foster,CON-1034,Conduit & Fittings,7,17.7,22.0,21.88,153.16,
INV-50302,2026-07-24,C1010,Bull Run Electric,A,K. Foster,WIR-1009,Wire & Cable,2,329.33,392.5,392.91,785.82,
INV-50303,2026-08-12,C1002,Blue Ridge Comfort Systems,A,S. Evans,BRE-1009,Breakers & Panels,9,29.59,35.71,32.05,288.45,
INV-50303,2026-08-12,C1002,Blue Ridge Comfort Systems,A,S. Evans,BRE-1027,Breakers & Panels,2,48.96,58.02,54.86,109.72,
INV-50303,2026-08-12,C1002,Blue Ridge Comfort Systems,A,S. Evans,HVA-1029,HVAC Equipment,1,706.2,785.35,778.69,778.69,
INV-50303,2026-08-12,C1002,Blue Ridge Comfort Systems,A,S. Evans,LIG-1014,Lighting,31,9.82,12.59,12.66,392.46,
INV-50303,2026-08-12,C1002,Blue Ridge Comfort Systems,A,S. Evans,LIG-1016,Lighting,16,90.5,110.62,109.88,1758.08,
INV-50303,2026-08-12,C1002,Blue Ridge Comfort Systems,A,S. Evans,WIR-1010,Wire & Cable,20,416.68,463.14,428.49,8569.8,
INV-50304,2026-07-18,C1111,Ridgeline HVAC Services,C,M. Dunn,WIR-1016,Wire & Cable,11,87.34,115.72,116.73,1284.03,
INV-50304,2026-07-18,C1111,Ridgeline HVAC Services,C,M. Dunn,CON-1001,Conduit & Fittings,2,32.08,50.12,50.1,100.2,
INV-50304,2026-07-18,C1111,Ridgeline HVAC Services,C,M. Dunn,BRE-1011,Breakers & Panels,8,108.7,159.32,158.05,1264.4,
INV-50305,2026-08-27,C1033,Cardinal HVAC Services,B,D. Brooks,LIG-1005,Lighting,11,24.04,33.46,33.15,364.65,
INV-50305,2026-08-27,C1033,Cardinal HVAC Services,B,D. Brooks,CON-1014,Conduit & Fittings,6,6.03,8.79,8.71,52.26,
INV-50305,2026-08-27,C1033,Cardinal HVAC Services,B,D. Brooks,WIR-1028,Wire & Cable,3,76.0,97.66,90.23,270.69,
INV-50305,2026-08-27,C1033,Cardinal HVAC Services,B,D. Brooks,HVA-1028,HVAC Equipment,3,685.83,813.91,813.85,2441.55,
INV-50305,2026-08-27,C1033,Cardinal HVAC Services,B,D. Brooks,HVA-1022,HVAC Equipment,2,465.16,537.74,536.85,1073.7,
INV-50305,2026-08-27,C1033,Cardinal HVAC Services,B,D. Brooks,HVA-1006,HVAC Parts,2,55.33,75.07,74.98,149.96,
INV-50306,2026-09-20,C1041,Chantilly Mechanical,B,S. Evans,CON-1031,Conduit & Fittings,19,2.97,4.01,3.99,75.81,
INV-50306,2026-09-20,C1041,Chantilly Mechanical,B,S. Evans,CON-1029,Conduit & Fittings,8,15.74,21.28,21.24,169.92,
INV-50306,2026-09-20,C1041,Chantilly Mechanical,B,S. Evans,BRE-1005,Breakers & Panels,11,159.52,211.48,196.17,2157.87,
INV-50306,2026-09-20,C1041,Chantilly Mechanical,B,S. Evans,LIG-1020,Lighting,15,23.46,31.14,28.98,434.7,
INV-50306,2026-09-20,C1041,Chantilly Mechanical,B,S. Evans,WIR-1021,Wire & Cable,1,162.13,206.43,207.69,207.69,
INV-50306,2026-09-20,C1041,Chantilly Mechanical,B,S. Evans,LIG-1028,Lighting,15,42.41,58.41,57.85,867.75,
INV-50307,2026-08-12,C1050,Fairfax Comfort Systems,B,R. Alvarez,LIG-1013,Lighting,22,9.5,12.94,13.0,286.0,
INV-50307,2026-08-12,C1050,Fairfax Comfort Systems,B,R. Alvarez,BRE-1005,Breakers & Panels,1,159.52,211.48,211.13,211.13,
INV-50307,2026-08-12,C1050,Fairfax Comfort Systems,B,R. Alvarez,LIG-1000,Lighting,4,11.27,15.11,15.17,60.68,
INV-50308,2026-08-16,C1085,Occoquan HVAC Services,C,T. Chen,BRE-1033,Breakers & Panels,2,20.29,28.64,28.7,57.4,
INV-50308,2026-08-16,C1085,Occoquan HVAC Services,C,T. Chen,LIG-1021,Lighting,3,183.41,283.86,285.13,855.39,
INV-50309,2026-08-12,C1082,Occoquan Building Services,C,D. Brooks,HVA-1031,HVAC Parts,2,45.05,66.18,66.51,133.02,
INV-50309,2026-08-12,C1082,Occoquan Building Services,C,D. Brooks,LIG-1013,Lighting,4,9.5,13.96,13.92,55.68,
INV-50309,2026-08-12,C1082,Occoquan Building Services,C,D. Brooks,WIR-1013,Wire & Cable,5,317.33,431.21,427.86,2139.3,
INV-50310,2026-07-02,C1027,Capitol Electrical Co.,B,T. Chen,BRE-1035,Breakers & Panels,11,97.51,130.81,129.96,1429.56,
INV-50310,2026-07-02,C1027,Capitol Electrical Co.,B,T. Chen,LIG-1029,Lighting,3,98.21,131.64,130.58,391.74,
INV-50310,2026-07-02,C1027,Capitol Electrical Co.,B,T. Chen,BRE-1014,Breakers & Panels,18,162.58,227.38,227.51,4095.18,
INV-50311,2026-07-23,C1117,Shenandoah HVAC Services,C,S. Evans,BRE-1021,Breakers & Panels,3,42.96,63.66,63.15,189.45,
INV-50311,2026-07-23,C1117,Shenandoah HVAC Services,C,S. Evans,BRE-1025,Breakers & Panels,3,164.87,231.79,209.1,627.3,VERBAL
INV-50311,2026-07-23,C1117,Shenandoah HVAC Services,C,S. Evans,WIR-1003,Wire & Cable,6,52.37,69.83,70.03,420.18,
INV-50312,2026-09-09,C1048,Dulles HVAC Services,B,R. Alvarez,WIR-1021,Wire & Cable,2,162.13,206.43,204.47,408.94,
INV-50312,2026-09-09,C1048,Dulles HVAC Services,B,R. Alvarez,WIR-1026,Wire & Cable,2,42.97,55.34,55.58,111.16,
INV-50312,2026-09-09,C1048,Dulles HVAC Services,B,R. Alvarez,BRE-1013,Breakers & Panels,1,205.1,285.48,273.78,273.78,MGR
INV-50312,2026-09-09,C1048,Dulles HVAC Services,B,R. Alvarez,BRE-1023,Breakers & Panels,8,34.02,43.3,43.72,349.76,
INV-50312,2026-09-09,C1048,Dulles HVAC Services,B,R. Alvarez,CON-1011,Conduit & Fittings,42,4.24,5.92,5.97,250.74,
INV-50312,2026-09-09,C1048,Dulles HVAC Services,B,R. Alvarez,HVA-1015,HVAC Parts,11,173.58,224.94,222.86,2451.46,
INV-50313,2026-09-06,C1014,Bull Run Heating & Air,A,S. Evans,WIR-1021,Wire & Cable,7,162.13,187.66,189.15,1324.05,
INV-50313,2026-09-06,C1014,Bull Run Heating & Air,A,S. Evans,HVA-1023,HVAC Parts,3,188.12,243.52,242.71,728.13,
INV-50313,2026-09-06,C1014,Bull Run Heating & Air,A,S. Evans,WIR-1021,Wire & Cable,3,162.13,187.66,187.47,562.41,
INV-50313,2026-09-06,C1014,Bull Run Heating & Air,A,S. Evans,CON-1009,Conduit & Fittings,15,17.71,22.82,22.6,339.0,
INV-50314,2026-08-12,C1005,Blue Ridge Energy Group,A,M. Dunn,BRE-1004,Breakers & Panels,6,156.83,186.64,185.21,1111.26,
INV-50314,2026-08-12,C1005,Blue Ridge Energy Group,A,M. Dunn,BRE-1032,Breakers & Panels,5,49.92,61.18,60.68,303.4,
INV-50314,2026-08-12,C1005,Blue Ridge Energy Group,A,M. Dunn,LIG-1021,Lighting,10,183.41,239.04,237.35,2373.5,
INV-50315,2026-09-24,C1014,Bull Run Heating & Air,A,S. Evans,HVA-1026,HVAC Equipment,3,478.34,534.55,534.65,1603.95,
INV-50315,2026-09-24,C1014,Bull Run Heating & Air,A,S. Evans,HVA-1026,HVAC Parts,10,7.14,8.42,8.48,84.8,
INV-50315,2026-09-24,C1014,Bull Run Heating & Air,A,S. Evans,CON-1009,Conduit & Fittings,7,17.71,22.82,22.74,159.18,
INV-50315,2026-09-24,C1014,Bull Run Heating & Air,A,S. Evans,HVA-1032,HVAC Equipment,1,850.39,918.62,910.13,910.13,
INV-50316,2026-07-27,C1120,Shenandoah Power Systems,C,D. Brooks,HVA-1030,HVAC Parts,2,7.81,11.67,11.59,23.18,
INV-50316,2026-07-27,C1120,Shenandoah Power Systems,C,D. Brooks,WIR-1024,Wire & Cable,5,274.36,378.3,376.42,1882.1,
INV-50316,2026-07-27,C1120,Shenandoah Power Systems,C,D. Brooks,HVA-1017,HVAC Parts,1,13.44,20.4,20.43,20.43,
INV-50316,2026-07-27,C1120,Shenandoah Power Systems,C,D. Brooks,WIR-1000,Wire & Cable,5,216.1,289.15,289.28,1446.4,
INV-50316,2026-07-27,C1120,Shenandoah Power Systems,C,D. Brooks,BRE-1026,Breakers & Panels,2,12.67,17.71,17.6,35.2,
INV-50317,2026-07-06,C1084,Occoquan Electrical Co.,C,R. Alvarez,HVA-1022,HVAC Equipment,1,465.16,580.52,579.71,579.71,
INV-50317,2026-07-06,C1084,Occoquan Electrical Co.,C,R. Alvarez,HVA-1015,HVAC Parts,4,173.58,242.83,240.47,961.88,
INV-50317,2026-07-06,C1084,Occoquan Electrical Co.,C,R. Alvarez,LIG-1005,Lighting,9,24.04,36.12,34.94,314.46,MGR
INV-50318,2026-07-13,C1058,Leesburg Heating & Air,C,D. Brooks,LIG-1007,Lighting,6,114.08,160.95,160.06,960.36,
INV-50318,2026-07-13,C1058,Leesburg Heating & Air,C,D. Brooks,LIG-1030,Lighting,7,127.4,188.87,189.05,1323.35,
INV-50318,2026-07-13,C1058,Leesburg Heating & Air,C,D. Brooks,HVA-1002,HVAC Equipment,1,1734.3,2193.65,2206.76,2206.76,
INV-50319,2026-08-11,C1063,Lorton HVAC Services,C,D. Brooks,LIG-1001,Lighting,35,30.22,43.32,43.08,1507.8,
INV-50319,2026-08-11,C1063,Lorton HVAC Services,C,D. Brooks,CON-1007,Conduit & Fittings,14,3.77,5.48,5.5,77.0,
INV-50319,2026-08-11,C1063,Lorton HVAC Services,C,D. Brooks,BRE-1005,Breakers & Panels,3,159.52,228.3,206.41,619.23,VERBAL
INV-50319,2026-08-11,C1063,Lorton HVAC Services,C,D. Brooks,CON-1026,Conduit & Fittings,28,36.79,57.83,58.16,1628.48,
INV-50320,2026-09-06,C1031,Cardinal Comfort Systems,B,T. Chen,WIR-1010,Wire & Cable,23,416.68,509.46,511.57,11766.11,
INV-50320,2026-09-06,C1031,Cardinal Comfort Systems,B,T. Chen,HVA-1034,HVAC Parts,2,21.98,29.88,29.93,59.86,
INV-50320,2026-09-06,C1031,Cardinal Comfort Systems,B,T. Chen,WIR-1030,Wire & Cable,18,123.15,152.62,152.33,2741.94,
INV-50320,2026-09-06,C1031,Cardinal Comfort Systems,B,T. Chen,HVA-1033,HVAC Equipment,1,1194.8,1414.73,1425.08,1425.08,
INV-50321,2026-09-20,C1031,Cardinal Comfort Systems,B,T. Chen,BRE-1010,Breakers & Panels,18,41.23,52.4,52.76,949.68,
INV-50321,2026-09-20,C1031,Cardinal Comfort Systems,B,T. Chen,BRE-1003,Breakers & Panels,2,17.77,23.14,23.17,46.34,
INV-50322,2026-07-21,C1001,Blue Ridge Building Services,A,M. Dunn,CON-1022,Conduit & Fittings,6,3.57,4.46,4.47,26.82,
INV-50322,2026-07-21,C1001,Blue Ridge Building Services,A,M. Dunn,HVA-1012,HVAC Parts,3,26.33,30.77,31.02,93.06,
INV-50323,2026-07-08,C1049,Dulles Heating & Air,B,K. Foster,HVA-1009,HVAC Parts,3,7.94,10.38,10.43,31.29,
INV-50323,2026-07-08,C1049,Dulles Heating & Air,B,K. Foster,WIR-1032,Wire & Cable,4,294.58,367.28,365.25,1461.0,
INV-50323,2026-07-08,C1049,Dulles Heating & Air,B,K. Foster,HVA-1018,HVAC Parts,1,116.07,158.21,158.98,158.98,
INV-50324,2026-07-07,C1047,Dulles Energy Group,B,T. Chen,HVA-1030,HVAC Parts,1,7.81,10.81,10.91,10.91,
INV-50324,2026-07-07,C1047,Dulles Energy Group,B,T. Chen,WIR-1020,Wire & Cable,10,212.93,264.99,263.25,2632.5,
INV-50324,2026-07-07,C1047,Dulles Energy Group,B,T. Chen,WIR-1024,Wire & Cable,12,274.36,350.42,349.44,4193.28,
INV-50325,2026-08-21,C1040,Chantilly Heating & Air,B,K. Foster,LIG-1000,Lighting,26,11.27,15.11,15.01,390.26,
INV-50325,2026-08-21,C1040,Chantilly Heating & Air,B,K. Foster,LIG-1028,Lighting,3,42.41,58.41,58.21,174.63,
INV-50325,2026-08-21,C1040,Chantilly Heating & Air,B,K. Foster,HVA-1009,HVAC Equipment,1,1188.73,1457.75,1460.51,1460.51,
INV-50326,2026-07-24,C1075,Manassas Energy Group,C,K. Foster,CON-1010,Conduit & Fittings,13,12.81,18.55,18.66,242.58,
INV-50326,2026-07-24,C1075,Manassas Energy Group,C,K. Foster,CON-1031,Conduit & Fittings,7,2.97,4.33,4.36,30.52,
INV-50326,2026-07-24,C1075,Manassas Energy Group,C,K. Foster,CON-1023,Conduit & Fittings,30,53.8,79.63,79.04,2371.2,
INV-50326,2026-07-24,C1075,Manassas Energy Group,C,K. Foster,BRE-1000,Breakers & Panels,2,42.31,62.86,62.94,125.88,
INV-50327,2026-09-09,C1082,Occoquan Building Services,C,D. Brooks,WIR-1014,Wire & Cable,12,313.51,430.78,389.94,4679.28,
INV-50327,2026-09-09,C1082,Occoquan Building Services,C,D. Brooks,HVA-1024,HVAC Equipment,1,2463.08,3218.36,3203.01,3203.01,
INV-50327,2026-09-09,C1082,Occoquan Building Services,C,D. Brooks,BRE-1021,Breakers & Panels,1,42.96,63.66,63.28,63.28,
INV-50328,2026-08-10,C1062,Lorton Energy Group,C,T. Chen,WIR-1015,Wire & Cable,7,35.17,47.22,47.61,333.27,
INV-50328,2026-08-10,C1062,Lorton Energy Group,C,T. Chen,HVA-1011,HVAC Equipment,1,620.35,806.71,805.43,805.43,
INV-50328,2026-08-10,C1062,Lorton Energy Group,C,T. Chen,CON-1033,Conduit & Fittings,9,3.42,5.03,5.04,45.36,
INV-50328,2026-08-10,C1062,Lorton Energy Group,C,T. Chen,WIR-1030,Wire & Cable,6,123.15,164.76,165.9,995.4,
INV-50329,2026-07-22,C1019,Burke Electrical Co.,B,K. Foster,LIG-1026,Lighting,4,15.8,21.64,21.76,87.04,
INV-50329,2026-07-22,C1019,Burke Electrical Co.,B,K. Foster,LIG-1002,Lighting,4,81.88,119.13,118.94,475.76,
INV-50329,2026-07-22,C1019,Burke Electrical Co.,B,K. Foster,HVA-1035,HVAC Equipment,1,1183.06,1405.18,1404.29,1404.29,
INV-50330,2026-08-01,C1006,Blue Ridge Heating & Air,A,M. Dunn,WIR-1026,Wire & Cable,14,42.97,50.31,50.47,706.58,
INV-50330,2026-08-01,C1006,Blue Ridge Heating & Air,A,M. Dunn,HVA-1009,HVAC Parts,4,7.94,9.44,9.51,38.04,
INV-50331,2026-09-15,C1008,Bull Run Comfort Systems,A,D. Brooks,HVA-1034,HVAC Parts,1,21.98,27.16,27.24,27.24,
INV-50331,2026-09-15,C1008,Bull Run Comfort Systems,A,D. Brooks,WIR-1031,Wire & Cable,1,333.43,388.52,388.99,388.99,
INV-50332,2026-07-26,C1001,Blue Ridge Building Services,A,M. Dunn,BRE-1028,Breakers & Panels,4,83.36,96.84,97.33,389.32,
INV-50332,2026-07-26,C1001,Blue Ridge Building Services,A,M. Dunn,LIG-1032,Lighting,3,22.45,29.73,29.9,89.7,
INV-50332,2026-07-26,C1001,Blue Ridge Building Services,A,M. Dunn,BRE-1001,Breakers & Panels,10,38.81,45.42,45.16,451.6,
INV-50332,2026-07-26,C1001,Blue Ridge Building Services,A,M. Dunn,CON-1019,Conduit & Fittings,7,3.49,4.34,4.35,30.45,
INV-50332,2026-07-26,C1001,Blue Ridge Building Services,A,M. Dunn,CON-1027,Conduit & Fittings,9,53.89,70.66,70.63,635.67,
INV-50333,2026-08-05,C1087,Occoquan Power Systems,C,K. Foster,LIG-1018,Lighting,2,40.2,59.82,59.45,118.9,
INV-50333,2026-08-05,C1087,Occoquan Power Systems,C,K. Foster,WIR-1010,Wire & Cable,22,416.68,549.98,555.44,12219.68,
INV-50333,2026-08-05,C1087,Occoquan Power Systems,C,K. Foster,HVA-1002,HVAC Equipment,1,1734.3,2193.65,2207.19,2207.19,
INV-50333,2026-08-05,C1087,Occoquan Power Systems,C,K. Foster,HVA-1002,HVAC Parts,2,33.4,47.0,47.4,94.8,
INV-50334,2026-08-23,C1068,Loudoun Heating & Air,C,T. Chen,LIG-1025,Lighting,9,11.2,16.83,16.69,150.21,
INV-50334,2026-08-23,C1068,Loudoun Heating & Air,C,T. Chen,BRE-1023,Breakers & Panels,3,34.02,46.74,46.66,139.98,
INV-50334,2026-08-23,C1068,Loudoun Heating & Air,C,T. Chen,HVA-1031,HVAC Parts,4,45.05,66.18,65.82,263.28,
INV-50334,2026-08-23,C1068,Loudoun Heating & Air,C,T. Chen,LIG-1018,Lighting,11,40.2,59.82,59.59,655.49,
INV-50334,2026-08-23,C1068,Loudoun Heating & Air,C,T. Chen,HVA-1035,HVAC Equipment,1,1183.06,1516.96,1525.57,1525.57,
INV-50335,2026-08-23,C1015,Bull Run Power Systems,A,R. Alvarez,WIR-1013,Wire & Cable,2,317.33,363.13,360.07,720.14,
INV-50335,2026-08-23,C1015,Bull Run Power Systems,A,R. Alvarez,BRE-1017,Breakers & Panels,10,33.16,42.02,42.43,424.3,
INV-50335,2026-08-23,C1015,Bull Run Power Systems,A,R. Alvarez,LIG-1018,Lighting,5,40.2,50.38,50.07,250.35,
INV-50335,2026-08-23,C1015,Bull Run Power Systems,A,R. Alvarez,LIG-1028,Lighting,4,42.41,53.1,53.1,212.4,
INV-50335,2026-08-23,C1015,Bull Run Power Systems,A,R. Alvarez,LIG-1005,Lighting,39,24.04,30.42,30.15,1175.85,
INV-50335,2026-08-23,C1015,Bull Run Power Systems,A,R. Alvarez,BRE-1003,Breakers & Panels,8,17.77,21.03,21.06,168.48,
INV-50336,2026-07-20,C1005,Blue Ridge Energy Group,A,M. Dunn,BRE-1035,Breakers & Panels,1,97.51,118.92,118.23,118.23,
INV-50336,2026-07-20,C1005,Blue Ridge Energy Group,A,M. Dunn,HVA-1007,HVAC Equipment,1,1114.79,1246.31,1234.31,1234.31,
INV-50336,2026-07-20,C1005,Blue Ridge Energy Group,A,M. Dunn,BRE-1022,Breakers & Panels,3,51.87,65.5,65.44,196.32,
INV-50336,2026-07-20,C1005,Blue Ridge Energy Group,A,M. Dunn,LIG-1020,Lighting,33,23.46,28.31,26.87,886.71,VERBAL
INV-50336,2026-07-20,C1005,Blue Ridge Energy Group,A,M. Dunn,HVA-1031,HVAC Equipment,2,1021.28,1131.8,1123.38,2246.76,
INV-50336,2026-07-20,C1005,Blue Ridge Energy Group,A,M. Dunn,CON-1024,Conduit & Fittings,25,3.43,4.71,4.7,117.5,
INV-50337,2026-09-10,C1014,Bull Run Heating & Air,A,S. Evans,CON-1027,Conduit & Fittings,11,53.89,70.66,70.19,772.09,
INV-50337,2026-09-10,C1014,Bull Run Heating & Air,A,S. Evans,BRE-1000,Breakers & Panels,10,42.31,52.94,48.28,482.8,
INV-50337,2026-09-10,C1014,Bull Run Heating & Air,A,S. Evans,CON-1003,Conduit & Fittings,6,2.25,3.01,2.99,17.94,
INV-50337,2026-09-10,C1014,Bull Run Heating & Air,A,S. Evans,HVA-1012,HVAC Equipment,2,922.14,986.23,977.72,1955.44,
INV-50337,2026-09-10,C1014,Bull Run Heating & Air,A,S. Evans,WIR-1005,Wire & Cable,4,392.51,436.93,437.91,1751.64,
INV-50337,2026-09-10,C1014,Bull Run Heating & Air,A,S. Evans,WIR-1018,Wire & Cable,10,47.93,57.15,57.12,571.2,
INV-50338,2026-07-14,C1004,Blue Ridge Electrical Co.,A,T. Chen,HVA-1008,HVAC Parts,24,23.36,27.9,27.78,666.72,
INV-50338,2026-07-14,C1004,Blue Ridge Electrical Co.,A,T. Chen,HVA-1026,HVAC Equipment,4,478.34,534.55,531.49,2125.96,
INV-50338,2026-07-14,C1004,Blue Ridge Electrical Co.,A,T. Chen,BRE-1019,Breakers & Panels,13,66.96,79.14,79.16,1029.08,
INV-50338,2026-07-14,C1004,Blue Ridge Electrical Co.,A,T. Chen,HVA-1027,HVAC Parts,3,66.45,79.89,74.02,222.06,MGR
INV-50339,2026-07-23,C1050,Fairfax Comfort Systems,B,R. Alvarez,WIR-1028,Wire & Cable,6,76.0,97.66,97.66,585.96,
INV-50339,2026-07-23,C1050,Fairfax Comfort Systems,B,R. Alvarez,WIR-1016,Wire & Cable,13,87.34,107.19,106.9,1389.7,
INV-50339,2026-07-23,C1050,Fairfax Comfort Systems,B,R. Alvarez,HVA-1019,HVAC Equipment,1,1148.15,1361.25,1363.48,1363.48,
INV-50339,2026-07-23,C1050,Fairfax Comfort Systems,B,R. Alvarez,LIG-1002,Lighting,3,81.88,119.13,118.72,356.16,
INV-50339,2026-07-23,C1050,Fairfax Comfort Systems,B,R. Alvarez,BRE-1006,Breakers & Panels,2,18.77,25.36,25.54,51.08,
INV-50340,2026-08-21,C1063,Lorton HVAC Services,C,D. Brooks,BRE-1010,Breakers & Panels,6,41.23,56.56,50.96,305.76,
INV-50340,2026-08-21,C1063,Lorton HVAC Services,C,D. Brooks,LIG-1016,Lighting,4,90.5,131.36,132.46,529.84,
INV-50340,2026-08-21,C1063,Lorton HVAC Services,C,D. Brooks,HVA-1009,HVAC Parts,19,7.94,11.21,11.25,213.75,
INV-50340,2026-08-21,C1063,Lorton HVAC Services,C,D. Brooks,CON-1031,Conduit & Fittings,9,2.97,4.33,4.31,38.79,
INV-50340,2026-08-21,C1063,Lorton HVAC Services,C,D. Brooks,LIG-1008,Lighting,4,37.77,53.2,53.6,214.4,
INV-50341,2026-09-22,C1048,Dulles HVAC Services,B,R. Alvarez,HVA-1014,HVAC Parts,5,114.93,156.02,157.15,785.75,
INV-50341,2026-09-22,C1048,Dulles HVAC Services,B,R. Alvarez,WIR-1010,Wire & Cable,1,416.68,509.46,513.27,513.27,
INV-50342,2026-08-04,C1020,Burke Energy Group,B,S. Evans,LIG-1013,Lighting,6,9.5,12.94,12.96,77.76,
INV-50342,2026-08-04,C1020,Burke Energy Group,B,S. Evans,HVA-1027,HVAC Parts,1,66.45,87.88,88.4,88.4,
INV-50342,2026-08-04,C1020,Burke Energy Group,B,S. Evans,LIG-1014,Lighting,34,9.82,13.85,13.71,466.14,
INV-50342,2026-08-04,C1020,Burke Energy Group,B,S. Evans,BRE-1016,Breakers & Panels,2,22.89,30.06,29.85,59.7,
INV-50343,2026-08-09,C1016,Burke Building Services,B,K. Foster,BRE-1013,Breakers & Panels,7,205.1,285.48,268.63,1880.41,VERBAL
INV-50343,2026-08-09,C1016,Burke Building Services,B,K. Foster,WIR-1004,Wire & Cable,4,134.3,166.8,165.43,661.72,
INV-50343,2026-08-09,C1016,Burke Building Services,B,K. Foster,BRE-1003,Breakers & Panels,14,17.77,23.14,21.46,300.44,MGR
INV-50343,2026-08-09,C1016,Burke Building Services,B,K. Foster,CON-1013,Conduit & Fittings,27,25.39,34.58,34.66,935.82,
INV-50343,2026-08-09,C1016,Burke Building Services,B,K. Foster,WIR-1030,Wire & Cable,11,123.15,152.62,151.96,1671.56,
INV-50343,2026-08-09,C1016,Burke Building Services,B,K. Foster,CON-1012,Conduit & Fittings,10,12.67,17.91,17.89,178.9,
INV-50344,2026-08-30,C1004,Blue Ridge Electrical Co.,A,T. Chen,HVA-1005,HVAC Parts,1,90.38,105.84,105.91,105.91,
INV-50344,2026-08-30,C1004,Blue Ridge Electrical Co.,A,T. Chen,CON-1035,Conduit & Fittings,27,50.27,68.94,68.46,1848.42,
INV-50344,2026-08-30,C1004,Blue Ridge Electrical Co.,A,T. Chen,BRE-1022,Breakers & Panels,3,51.87,65.5,65.77,197.31,
INV-50344,2026-08-30,C1004,Blue Ridge Electrical Co.,A,T. Chen,LIG-1027,Lighting,4,15.54,19.44,19.63,78.52,
INV-50344,2026-08-30,C1004,Blue Ridge Electrical Co.,A,T. Chen,BRE-1001,Breakers & Panels,5,38.81,45.42,45.71,228.55,
INV-50345,2026-08-15,C1081,Mason Power Systems,C,M. Dunn,WIR-1021,Wire & Cable,9,162.13,222.85,224.77,2022.93,
INV-50345,2026-08-15,C1081,Mason Power Systems,C,M. Dunn,WIR-1006,Wire & Cable,9,223.99,291.72,293.98,2645.82,
INV-50346,2026-08-11,C1013,Bull Run HVAC Services,A,D. Brooks,HVA-1022,HVAC Equipment,1,465.16,488.86,492.65,492.65,
INV-50346,2026-08-11,C1013,Bull Run HVAC Services,A,D. Brooks,CON-1008,Conduit & Fittings,32,3.76,4.66,4.63,148.16,
INV-50346,2026-08-11,C1013,Bull Run HVAC Services,A,D. Brooks,BRE-1016,Breakers & Panels,12,22.89,27.33,27.3,327.6,
INV-50346,2026-08-11,C1013,Bull Run HVAC Services,A,D. Brooks,CON-1017,Conduit & Fittings,19,21.97,29.48,29.72,564.68,
INV-50346,2026-08-11,C1013,Bull Run HVAC Services,A,D. Brooks,HVA-1012,HVAC Parts,8,26.33,30.77,30.77,246.16,
INV-50346,2026-08-11,C1013,Bull Run HVAC Services,A,D. Brooks,HVA-1028,HVAC Parts,13,6.16,7.68,7.65,99.45,
INV-50347,2026-09-04,C1014,Bull Run Heating & Air,A,S. Evans,CON-1034,Conduit & Fittings,28,17.7,22.0,21.95,614.6,
INV-50347,2026-09-04,C1014,Bull Run Heating & Air,A,S. Evans,BRE-1031,Breakers & Panels,4,33.11,39.01,38.64,154.56,
INV-50347,2026-09-04,C1014,Bull Run Heating & Air,A,S. Evans,WIR-1001,Wire & Cable,13,67.02,73.7,73.34,953.42,
INV-50347,2026-09-04,C1014,Bull Run Heating & Air,A,S. Evans,BRE-1026,Breakers & Panels,7,12.67,14.91,14.89,104.23,
INV-50347,2026-09-04,C1014,Bull Run Heating & Air,A,S. Evans,HVA-1035,HVAC Parts,3,33.23,39.79,39.88,119.64,
INV-50348,2026-09-06,C1020,Burke Energy Group,B,S. Evans,CON-1031,Conduit & Fittings,27,2.97,4.01,4.05,109.35,
INV-50348,2026-09-06,C1020,Burke Energy Group,B,S. Evans,HVA-1005,HVAC Equipment,1,1913.09,2273.14,2273.54,2273.54,
INV-50348,2026-09-06,C1020,Burke Energy Group,B,S. Evans,LIG-1009,Lighting,5,103.74,138.8,138.51,692.55,
INV-50348,2026-09-06,C1020,Burke Energy Group,B,S. Evans,WIR-1022,Wire & Cable,9,83.06,108.21,107.23,965.07,
INV-50349,2026-08-08,C1006,Blue Ridge Heating & Air,A,M. Dunn,CON-1030,Conduit & Fittings,12,42.26,56.18,56.48,677.76,
INV-50349,2026-08-08,C1006,Blue Ridge Heating & Air,A,M. Dunn,CON-1026,Conduit & Fittings,13,36.79,48.7,48.45,629.85,
INV-50349,2026-08-08,C1006,Blue Ridge Heating & Air,A,M. Dunn,HVA-1020,HVAC Parts,1,6.84,8.86,8.86,8.86,
INV-50349,2026-08-08,C1006,Blue Ridge Heating & Air,A,M. Dunn,HVA-1004,HVAC Parts,2,16.08,19.65,19.82,39.64,
INV-50349,2026-08-08,C1006,Blue Ridge Heating & Air,A,M. Dunn,HVA-1021,HVAC Equipment,1,2137.62,2253.05,2271.61,2271.61,
INV-50349,2026-08-08,C1006,Blue Ridge Heating & Air,A,M. Dunn,BRE-1007,Breakers & Panels,14,24.67,31.43,31.24,437.36,
INV-50350,2026-08-04,C1110,Ridgeline Energy Group,C,M. Dunn,HVA-1034,HVAC Parts,20,21.98,32.25,32.16,643.2,
INV-50350,2026-08-04,C1110,Ridgeline Energy Group,C,M. Dunn,HVA-1003,HVAC Parts,10,14.6,21.38,21.35,213.5,
INV-50350,2026-08-04,C1110,Ridgeline Energy Group,C,M. Dunn,HVA-1034,HVAC Parts,3,21.98,32.25,32.53,97.59,
INV-50351,2026-09-05,C1054,Leesburg Building Services,C,R. Alvarez,BRE-1010,Breakers & Panels,2,41.23,56.56,57.08,114.16,
INV-50351,2026-09-05,C1054,Leesburg Building Services,C,R. Alvarez,CON-1022,Conduit & Fittings,13,3.57,5.29,5.27,68.51,
INV-50351,2026-09-05,C1054,Leesburg Building Services,C,R. Alvarez,LIG-1005,Lighting,8,24.04,36.12,35.99,287.92,
INV-50352,2026-07-15,C1030,Capitol Power Systems,B,M. Dunn,HVA-1000,HVAC Parts,2,6.37,9.06,8.97,17.94,
INV-50352,2026-07-15,C1030,Capitol Power Systems,B,M. Dunn,LIG-1033,Lighting,12,27.69,38.57,38.24,458.88,
INV-50352,2026-07-15,C1030,Capitol Power Systems,B,M. Dunn,HVA-1000,HVAC Parts,10,6.37,9.06,9.13,91.3,
INV-50352,2026-07-15,C1030,Capitol Power Systems,B,M. Dunn,CON-1030,Conduit & Fittings,14,42.26,61.79,61.45,860.3,
INV-50353,2026-07-08,C1010,Bull Run Electric,A,K. Foster,HVA-1005,HVAC Parts,14,90.38,105.84,105.43,1476.02,
INV-50353,2026-07-08,C1010,Bull Run Electric,A,K. Foster,HVA-1030,HVAC Equipment,6,1433.65,1539.08,1528.05,9168.3,
INV-50354,2026-09-14,C1021,Burke HVAC Services,B,M. Dunn,WIR-1026,Wire & Cable,3,42.97,55.34,55.05,165.15,
INV-50354,2026-09-14,C1021,Burke HVAC Services,B,M. Dunn,LIG-1010,Lighting,6,87.43,116.27,116.53,699.18,
INV-50354,2026-09-14,C1021,Burke HVAC Services,B,M. Dunn,HVA-1018,HVAC Parts,3,116.07,158.21,158.96,476.88,
INV-50354,2026-09-14,C1021,Burke HVAC Services,B,M. Dunn,HVA-1035,HVAC Parts,2,33.23,43.77,44.16,88.32,
INV-50355,2026-09-25,C1039,Chantilly HVAC Services,B,R. Alvarez,BRE-1014,Breakers & Panels,14,162.58,227.38,225.67,3159.38,
INV-50355,2026-09-25,C1039,Chantilly HVAC Services,B,R. Alvarez,HVA-1018,HVAC Equipment,1,798.66,959.57,953.9,953.9,
INV-50355,2026-09-25,C1039,Chantilly HVAC Services,B,R. Alvarez,CON-1021,Conduit & Fittings,20,8.73,12.92,13.02,260.4,
INV-50356,2026-08-31,C1055,Leesburg Contracting,C,D. Brooks,LIG-1018,Lighting,14,40.2,59.82,59.36,831.04,
INV-50356,2026-08-31,C1055,Leesburg Contracting,C,D. Brooks,WIR-1005,Wire & Cable,7,392.51,518.85,516.0,3612.0,
INV-50356,2026-08-31,C1055,Leesburg Contracting,C,D. Brooks,WIR-1030,Wire & Cable,12,123.15,164.76,151.73,1820.76,VERBAL
INV-50357,2026-08-13,C1031,Cardinal Comfort Systems,B,T. Chen,WIR-1008,Wire & Cable,1,100.04,129.22,128.81,128.81,
INV-50357,2026-08-13,C1031,Cardinal Comfort Systems,B,T. Chen,WIR-1034,Wire & Cable,79,60.49,77.3,77.23,6101.17,
INV-50358,2026-08-22,C1020,Burke Energy Group,B,S. Evans,HVA-1009,HVAC Equipment,1,1188.73,1457.75,1466.72,1466.72,
INV-50358,2026-08-22,C1020,Burke Energy Group,B,S. Evans,HVA-1026,HVAC Equipment,2,478.34,588.01,592.82,1185.64,
INV-50358,2026-08-22,C1020,Burke Energy Group,B,S. Evans,LIG-1034,Lighting,2,44.13,58.4,58.54,117.08,
INV-50358,2026-08-22,C1020,Burke Energy Group,B,S. Evans,HVA-1032,HVAC Parts,24,40.36,54.88,55.01,1320.24,
INV-50358,2026-08-22,C1020,Burke Energy Group,B,S. Evans,LIG-1026,Lighting,4,15.8,21.64,21.74,86.96,
INV-50359,2026-09-19,C1041,Chantilly Mechanical,B,S. Evans,BRE-1034,Breakers & Panels,3,68.77,93.74,92.85,278.55,
INV-50359,2026-09-19,C1041,Chantilly Mechanical,B,S. Evans,CON-1007,Conduit & Fittings,16,3.77,5.08,5.04,80.64,
INV-50360,2026-09-12,C1014,Bull Run Heating & Air,A,S. Evans,LIG-1034,Lighting,8,44.13,53.09,53.22,425.76,
INV-50360,2026-09-12,C1014,Bull Run Heating & Air,A,S. Evans,HVA-1001,HVAC Parts,7,24.8,29.06,29.19,204.33,
INV-50360,2026-09-12,C1014,Bull Run Heating & Air,A,S. Evans,CON-1028,Conduit & Fittings,20,8.95,12.22,12.23,244.6,
INV-50360,2026-09-12,C1014,Bull Run Heating & Air,A,S. Evans,WIR-1000,Wire & Cable,11,216.1,243.5,244.49,2689.39,
INV-50360,2026-09-12,C1014,Bull Run Heating & Air,A,S. Evans,BRE-1016,Breakers & Panels,1,22.89,27.33,25.74,25.74,
INV-50361,2026-07-12,C1045,Dulles Contracting,B,S. Evans,HVA-1015,HVAC Equipment,1,646.24,744.3,694.27,694.27,MGR
INV-50361,2026-07-12,C1045,Dulles Contracting,B,S. Evans,CON-1034,Conduit & Fittings,17,17.7,24.2,24.42,415.14,
INV-50361,2026-07-12,C1045,Dulles Contracting,B,S. Evans,HVA-1024,HVAC Parts,2,167.27,238.46,238.64,477.28,
INV-50361,2026-07-12,C1045,Dulles Contracting,B,S. Evans,BRE-1008,Breakers & Panels,6,67.45,86.57,86.49,518.94,
INV-50361,2026-07-12,C1045,Dulles Contracting,B,S. Evans,LIG-1005,Lighting,2,24.04,33.46,33.46,66.92,
INV-50361,2026-07-12,C1045,Dulles Contracting,B,S. Evans,CON-1016,Conduit & Fittings,45,2.76,3.96,3.93,176.85,
INV-50362,2026-08-20,C1036,Chantilly Electric,B,R. Alvarez,CON-1010,Conduit & Fittings,34,12.81,17.19,17.1,581.4,
INV-50362,2026-08-20,C1036,Chantilly Electric,B,R. Alvarez,HVA-1012,HVAC Parts,14,26.33,33.84,33.72,472.08,
INV-50362,2026-08-20,C1036,Chantilly Electric,B,R. Alvarez,HVA-1013,HVAC Equipment,2,1860.42,2216.35,2222.15,4444.3,
INV-50362,2026-08-20,C1036,Chantilly Electric,B,R. Alvarez,CON-1003,Conduit & Fittings,25,2.25,3.31,3.28,82.0,
INV-50363,2026-08-01,C1015,Bull Run Power Systems,A,R. Alvarez,CON-1002,Conduit & Fittings,8,2.46,3.24,3.26,26.08,
INV-50363,2026-08-01,C1015,Bull Run Power Systems,A,R. Alvarez,HVA-1001,HVAC Parts,2,24.8,29.06,28.85,57.7,
INV-50364,2026-07-14,C1103,Reston Energy Group,C,S. Evans,HVA-1018,HVAC Equipment,1,798.66,1035.9,1029.43,1029.43,
INV-50364,2026-07-14,C1103,Reston Energy Group,C,S. Evans,CON-1009,Conduit & Fittings,25,17.71,27.1,26.95,673.75,
INV-50364,2026-07-14,C1103,Reston Energy Group,C,S. Evans,HVA-1006,HVAC Equipment,7,495.45,649.44,643.76,4506.32,
INV-50364,2026-07-14,C1103,Reston Energy Group,C,S. Evans,BRE-1009,Breakers & Panels,35,29.59,42.41,42.76,1496.6,
INV-50364,2026-07-14,C1103,Reston Energy Group,C,S. Evans,HVA-1006,HVAC Equipment,1,495.45,649.44,643.02,643.02,
INV-50364,2026-07-14,C1103,Reston Energy Group,C,S. Evans,BRE-1004,Breakers & Panels,4,156.83,221.63,223.27,893.08,
INV-50365,2026-08-15,C1088,Old Dominion Building Services,C,M. Dunn,HVA-1005,HVAC Equipment,1,1913.09,2453.95,2452.21,2452.21,
INV-50365,2026-08-15,C1088,Old Dominion Building Services,C,M. Dunn,LIG-1030,Lighting,38,127.4,188.87,189.51,7201.38,
INV-50365,2026-08-15,C1088,Old Dominion Building Services,C,M. Dunn,CON-1022,Conduit & Fittings,12,3.57,5.29,5.28,63.36,
INV-50366,2026-08-14,C1024,Burke Power Systems,B,D. Brooks,BRE-1017,Breakers & Panels,26,33.16,46.23,46.16,1200.16,
INV-50366,2026-08-14,C1024,Burke Power Systems,B,D. Brooks,HVA-1030,HVAC Parts,14,7.81,10.81,10.34,144.76,MGR
INV-50366,2026-08-14,C1024,Burke Power Systems,B,D. Brooks,HVA-1011,HVAC Equipment,1,620.35,747.27,740.31,740.31,
INV-50367,2026-09-09,C1068,Loudoun Heating & Air,C,T. Chen,HVA-1019,HVAC Equipment,1,1148.15,1469.54,1468.12,1468.12,
INV-50367,2026-09-09,C1068,Loudoun Heating & Air,C,T. Chen,BRE-1033,Breakers & Panels,2,20.29,28.64,28.71,57.42,
INV-50367,2026-09-09,C1068,Loudoun Heating & Air,C,T. Chen,LIG-1021,Lighting,29,183.41,283.86,285.77,8287.33,
INV-50368,2026-07-16,C1048,Dulles HVAC Services,B,R. Alvarez,WIR-1004,Wire & Cable,12,134.3,166.8,165.54,1986.48,
INV-50368,2026-07-16,C1048,Dulles HVAC Services,B,R. Alvarez,CON-1013,Conduit & Fittings,13,25.39,34.58,34.73,451.49,
INV-50368,2026-07-16,C1048,Dulles HVAC Services,B,R. Alvarez,LIG-1028,Lighting,10,42.41,58.41,57.84,578.4,
INV-50368,2026-07-16,C1048,Dulles HVAC Services,B,R. Alvarez,HVA-1013,HVAC Parts,14,12.39,16.36,16.36,229.04,
INV-50368,2026-07-16,C1048,Dulles HVAC Services,B,R. Alvarez,BRE-1003,Breakers & Panels,2,17.77,23.14,23.26,46.52,
INV-50368,2026-07-16,C1048,Dulles HVAC Services,B,R. Alvarez,HVA-1008,HVAC Equipment,2,913.36,1094.51,1092.32,2184.64,
INV-50369,2026-09-26,C1030,Capitol Power Systems,B,M. Dunn,LIG-1014,Lighting,12,9.82,13.85,13.06,156.72,MGR
INV-50369,2026-09-26,C1030,Capitol Power Systems,B,M. Dunn,HVA-1011,HVAC Parts,2,8.86,12.66,12.58,25.16,
INV-50369,2026-09-26,C1030,Capitol Power Systems,B,M. Dunn,HVA-1014,HVAC Equipment,1,1053.64,1218.58,1212.47,1212.47,
INV-50370,2026-08-03,C1005,Blue Ridge Energy Group,A,M. Dunn,BRE-1019,Breakers & Panels,8,66.96,79.14,79.12,632.96,
INV-50370,2026-08-03,C1005,Blue Ridge Energy Group,A,M. Dunn,BRE-1027,Breakers & Panels,7,48.96,58.02,58.33,408.31,
INV-50371,2026-09-10,C1062,Lorton Energy Group,C,T. Chen,HVA-1020,HVAC Equipment,1,953.96,1184.88,1182.32,1182.32,
INV-50371,2026-09-10,C1062,Lorton Energy Group,C,T. Chen,CON-1030,Conduit & Fittings,2,42.26,66.71,66.32,132.64,
INV-50371,2026-09-10,C1062,Lorton Energy Group,C,T. Chen,BRE-1012,Breakers & Panels,2,33.82,49.6,49.4,98.8,
INV-50371,2026-09-10,C1062,Lorton Energy Group,C,T. Chen,HVA-1023,HVAC Parts,3,188.12,289.18,290.08,870.24,
INV-50372,2026-08-22,C1013,Bull Run HVAC Services,A,D. Brooks,WIR-1035,Wire & Cable,2,83.22,97.51,91.06,182.12,
INV-50372,2026-08-22,C1013,Bull Run HVAC Services,A,D. Brooks,WIR-1029,Wire & Cable,2,61.38,69.11,69.44,138.88,
INV-50372,2026-08-22,C1013,Bull Run HVAC Services,A,D. Brooks,HVA-1015,HVAC Equipment,3,646.24,676.63,677.88,2033.64,
INV-50373,2026-08-31,C1080,Mason Heating & Air,C,K. Foster,HVA-1012,HVAC Parts,1,26.33,36.54,36.54,36.54,
INV-50373,2026-08-31,C1080,Mason Heating & Air,C,K. Foster,HVA-1022,HVAC Parts,16,133.45,195.37,193.63,3098.08,
INV-50373,2026-08-31,C1080,Mason Heating & Air,C,K. Foster,BRE-1014,Breakers & Panels,11,162.58,245.47,247.17,2718.87,
INV-50374,2026-07-09,C1004,Blue Ridge Electrical Co.,A,T. Chen,CON-1005,Conduit & Fittings,32,4.97,6.45,6.4,204.8,
INV-50374,2026-07-09,C1004,Blue Ridge Electrical Co.,A,T. Chen,BRE-1002,Breakers & Panels,12,117.95,145.32,144.64,1735.68,
INV-50374,2026-07-09,C1004,Blue Ridge Electrical Co.,A,T. Chen,WIR-1019,Wire & Cable,17,116.68,137.77,136.8,2325.6,
INV-50375,2026-09-25,C1042,Chantilly Power Systems,B,T. Chen,BRE-1029,Breakers & Panels,1,100.96,135.16,136.08,136.08,
INV-50375,2026-09-25,C1042,Chantilly Power Systems,B,T. Chen,HVA-1027,HVAC Parts,3,66.45,87.88,87.38,262.14,
INV-50375,2026-09-25,C1042,Chantilly Power Systems,B,T. Chen,LIG-1014,Lighting,7,9.82,13.85,13.79,96.53,
INV-50375,2026-09-25,C1042,Chantilly Power Systems,B,T. Chen,BRE-1031,Breakers & Panels,3,33.11,42.91,42.74,128.22,
INV-50375,2026-09-25,C1042,Chantilly Power Systems,B,T. Chen,WIR-1013,Wire & Cable,3,317.33,399.44,400.81,1202.43,
INV-50375,2026-09-25,C1042,Chantilly Power Systems,B,T. Chen,LIG-1004,Lighting,16,64.29,86.85,86.49,1383.84,
INV-50376,2026-09-02,C1022,Burke Heating & Air,B,T. Chen,CON-1026,Conduit & Fittings,10,36.79,53.57,53.78,537.8,
INV-50376,2026-09-02,C1022,Burke Heating & Air,B,T. Chen,HVA-1009,HVAC Equipment,1,1188.73,1457.75,1449.12,1449.12,
INV-50376,2026-09-02,C1022,Burke Heating & Air,B,T. Chen,BRE-1031,Breakers & Panels,5,33.11,42.91,43.09,215.45,
INV-50376,2026-09-02,C1022,Burke Heating & Air,B,T. Chen,WIR-1032,Wire & Cable,5,294.58,367.28,364.86,1824.3,
INV-50376,2026-09-02,C1022,Burke Heating & Air,B,T. Chen,HVA-1009,HVAC Equipment,1,1188.73,1457.75,1349.49,1349.49,VERBAL
INV-50376,2026-09-02,C1022,Burke Heating & Air,B,T. Chen,BRE-1000,Breakers & Panels,12,42.31,58.23,58.42,701.04,
INV-50377,2026-08-26,C1007,Bull Run Building Services,A,M. Dunn,BRE-1003,Breakers & Panels,6,17.77,21.03,21.13,126.78,
INV-50377,2026-08-26,C1007,Bull Run Building Services,A,M. Dunn,HVA-1022,HVAC Parts,5,133.45,164.52,163.64,818.2,
INV-50377,2026-08-26,C1007,Bull Run Building Services,A,M. Dunn,BRE-1020,Breakers & Panels,6,33.52,41.24,40.83,244.98,
INV-50378,2026-07-30,C1020,Burke Energy Group,B,S. Evans,WIR-1031,Wire & Cable,9,333.43,427.37,426.95,3842.55,
INV-50378,2026-07-30,C1020,Burke Energy Group,B,S. Evans,HVA-1028,HVAC Equipment,1,685.83,813.91,815.07,815.07,
INV-50379,2026-08-25,C1041,Chantilly Mechanical,B,S. Evans,HVA-1011,HVAC Equipment,2,620.35,747.27,751.11,1502.22,
INV-50379,2026-08-25,C1041,Chantilly Mechanical,B,S. Evans,WIR-1011,Wire & Cable,25,126.22,154.44,153.67,3841.75,
INV-50379,2026-08-25,C1041,Chantilly Mechanical,B,S. Evans,WIR-1022,Wire & Cable,5,83.06,108.21,107.28,536.4,
INV-50379,2026-08-25,C1041,Chantilly Mechanical,B,S. Evans,HVA-1021,HVAC Equipment,2,2137.62,2478.35,2480.29,4960.58,
INV-50380,2026-07-25,C1027,Capitol Electrical Co.,B,T. Chen,HVA-1004,HVAC Equipment,1,1034.98,1265.17,1269.95,1269.95,
INV-50380,2026-07-25,C1027,Capitol Electrical Co.,B,T. Chen,BRE-1035,Breakers & Panels,1,97.51,130.81,130.31,130.31,
INV-50380,2026-07-25,C1027,Capitol Electrical Co.,B,T. Chen,CON-1002,Conduit & Fittings,9,2.46,3.56,3.55,31.95,
INV-50380,2026-07-25,C1027,Capitol Electrical Co.,B,T. Chen,LIG-1031,Lighting,5,46.98,67.17,67.28,336.4,
INV-50381,2026-08-03,C1009,Bull Run Contracting,A,M. Dunn,CON-1012,Conduit & Fittings,41,12.67,16.28,16.2,664.2,
INV-50381,2026-08-03,C1009,Bull Run Contracting,A,M. Dunn,LIG-1013,Lighting,5,9.5,11.76,11.87,59.35,
INV-50381,2026-08-03,C1009,Bull Run Contracting,A,M. Dunn,WIR-1011,Wire & Cable,2,126.22,140.4,139.55,279.1,
INV-50381,2026-08-03,C1009,Bull Run Contracting,A,M. Dunn,WIR-1011,Wire & Cable,6,126.22,140.4,140.58,843.48,
INV-50381,2026-08-03,C1009,Bull Run Contracting,A,M. Dunn,HVA-1005,HVAC Parts,1,90.38,105.84,106.57,106.57,
INV-50381,2026-08-03,C1009,Bull Run Contracting,A,M. Dunn,HVA-1006,HVAC Parts,8,55.33,68.25,68.09,544.72,
INV-50382,2026-08-11,C1042,Chantilly Power Systems,B,T. Chen,LIG-1021,Lighting,6,183.41,262.94,262.53,1575.18,
INV-50382,2026-08-11,C1042,Chantilly Power Systems,B,T. Chen,HVA-1007,HVAC Equipment,3,1114.79,1370.94,1359.05,4077.15,
INV-50382,2026-08-11,C1042,Chantilly Power Systems,B,T. Chen,HVA-1018,HVAC Equipment,1,798.66,959.57,964.67,964.67,
INV-50382,2026-08-11,C1042,Chantilly Power Systems,B,T. Chen,HVA-1013,HVAC Parts,3,12.39,16.36,16.32,48.96,
INV-50382,2026-08-11,C1042,Chantilly Power Systems,B,T. Chen,BRE-1004,Breakers & Panels,4,156.83,205.3,204.43,817.72,
INV-50383,2026-07-08,C1009,Bull Run Contracting,A,M. Dunn,HVA-1033,HVAC Parts,4,37.29,43.79,43.56,174.24,
INV-50383,2026-07-08,C1009,Bull Run Contracting,A,M. Dunn,HVA-1021,HVAC Equipment,1,2137.62,2253.05,2257.55,2257.55,
INV-50383,2026-07-08,C1009,Bull Run Contracting,A,M. Dunn,HVA-1009,HVAC Equipment,3,1188.73,1325.22,1329.61,3988.83,
INV-50384,2026-09-01,C1018,Burke Electric,B,S. Evans,LIG-1012,Lighting,14,28.4,37.85,38.0,532.0,
INV-50384,2026-09-01,C1018,Burke Electric,B,S. Evans,HVA-1010,HVAC Parts,28,26.77,34.79,34.6,968.8,
INV-50384,2026-09-01,C1018,Burke Electric,B,S. Evans,HVA-1014,HVAC Parts,8,114.93,156.02,156.82,1254.56,
INV-50384,2026-09-01,C1018,Burke Electric,B,S. Evans,BRE-1021,Breakers & Panels,1,42.96,58.97,58.74,58.74,
INV-50384,2026-09-01,C1018,Burke Electric,B,S. Evans,LIG-1002,Lighting,5,81.88,119.13,119.09,595.45,
INV-50385,2026-09-05,C1009,Bull Run Contracting,A,M. Dunn,LIG-1004,Lighting,14,64.29,78.95,79.14,1107.96,
INV-50385,2026-09-05,C1009,Bull Run Contracting,A,M. Dunn,WIR-1007,Wire & Cable,5,157.76,179.99,181.32,906.6,
INV-50385,2026-09-05,C1009,Bull Run Contracting,A,M. Dunn,WIR-1024,Wire & Cable,1,274.36,318.57,317.65,317.65,
INV-50386,2026-09-12,C1003,Blue Ridge Electric,A,D. Brooks,WIR-1009,Wire & Cable,4,329.33,392.5,352.94,1411.76,VERBAL
INV-50386,2026-09-12,C1003,Blue Ridge Electric,A,D. Brooks,CON-1015,Conduit & Fittings,3,2.29,2.78,2.77,8.31,
INV-50386,2026-09-12,C1003,Blue Ridge Electric,A,D. Brooks,BRE-1017,Breakers & Panels,5,33.16,42.02,37.54,187.7,
INV-50386,2026-09-12,C1003,Blue Ridge Electric,A,D. Brooks,HVA-1026,HVAC Equipment,2,478.34,534.55,539.55,1079.1,
INV-50387,2026-07-16,C1004,Blue Ridge Electrical Co.,A,T. Chen,LIG-1035,Lighting,126,45.87,60.61,60.35,7604.1,
INV-50387,2026-07-16,C1004,Blue Ridge Electrical Co.,A,T. Chen,WIR-1001,Wire & Cable,3,67.02,73.7,73.35,220.05,
INV-50387,2026-07-16,C1004,Blue Ridge Electrical Co.,A,T. Chen,HVA-1021,HVAC Equipment,1,2137.62,2253.05,2246.24,2246.24,
INV-50388,2026-08-24,C1024,Burke Power Systems,B,D. Brooks,HVA-1011,HVAC Parts,5,8.86,12.66,12.6,63.0,
INV-50388,2026-08-24,C1024,Burke Power Systems,B,D. Brooks,LIG-1029,Lighting,48,98.21,131.64,131.41,6307.68,
INV-50388,2026-08-24,C1024,Burke Power Systems,B,D. Brooks,HVA-1009,HVAC Parts,7,7.94,10.38,10.42,72.94,
INV-50389,2026-07-25,C1047,Dulles Energy Group,B,T. Chen,WIR-1014,Wire & Cable,20,313.51,399.04,396.64,7932.8,
INV-50389,2026-07-25,C1047,Dulles Energy Group,B,T. Chen,WIR-1032,Wire & Cable,3,294.58,367.28,364.58,1093.74,
INV-50389,2026-07-25,C1047,Dulles Energy Group,B,T. Chen,LIG-1026,Lighting,21,15.8,21.64,21.82,458.22,
INV-50390,2026-08-28,C1003,Blue Ridge Electric,A,D. Brooks,LIG-1021,Lighting,4,183.41,239.04,238.18,952.72,
INV-50390,2026-08-28,C1003,Blue Ridge Electric,A,D. Brooks,LIG-1007,Lighting,15,114.08,135.54,135.47,2032.05,
INV-50390,2026-08-28,C1003,Blue Ridge Electric,A,D. Brooks,LIG-1013,Lighting,15,9.5,11.76,11.82,177.3,
INV-50390,2026-08-28,C1003,Blue Ridge Electric,A,D. Brooks,CON-1033,Conduit & Fittings,75,3.42,4.24,4.2,315.0,
INV-50391,2026-09-06,C1011,Bull Run Electrical Co.,A,D. Brooks,CON-1010,Conduit & Fittings,8,12.81,15.62,15.75,126.0,
INV-50391,2026-09-06,C1011,Bull Run Electrical Co.,A,D. Brooks,LIG-1001,Lighting,13,30.22,36.48,36.48,474.24,
INV-50392,2026-09-05,C1018,Burke Electric,B,S. Evans,HVA-1004,HVAC Equipment,1,1034.98,1265.17,1271.38,1271.38,
INV-50392,2026-09-05,C1018,Burke Electric,B,S. Evans,LIG-1032,Lighting,3,22.45,32.7,32.54,97.62,
INV-50392,2026-09-05,C1018,Burke Electric,B,S. Evans,WIR-1004,Wire & Cable,8,134.3,166.8,167.04,1336.32,
INV-50392,2026-09-05,C1018,Burke Electric,B,S. Evans,HVA-1005,HVAC Equipment,8,1913.09,2273.14,2280.97,18247.76,
INV-50392,2026-09-05,C1018,Burke Electric,B,S. Evans,CON-1025,Conduit & Fittings,11,8.4,11.81,11.88,130.68,
INV-50392,2026-09-05,C1018,Burke Electric,B,S. Evans,LIG-1026,Lighting,18,15.8,21.64,21.52,387.36,
INV-50393,2026-08-24,C1059,Leesburg Mechanical,C,K. Foster,WIR-1020,Wire & Cable,1,212.93,286.06,285.2,285.2,
INV-50393,2026-08-24,C1059,Leesburg Mechanical,C,K. Foster,HVA-1021,HVAC Parts,4,221.97,331.33,333.93,1335.72,
INV-50393,2026-08-24,C1059,Leesburg Mechanical,C,K. Foster,HVA-1004,HVAC Parts,13,16.08,23.33,23.47,305.11,
INV-50393,2026-08-24,C1059,Leesburg Mechanical,C,K. Foster,HVA-1023,HVAC Parts,4,188.12,289.18,290.12,1160.48,
INV-50394,2026-07-12,C1015,Bull Run Power Systems,A,R. Alvarez,LIG-1030,Lighting,22,127.4,159.05,158.11,3478.42,
INV-50394,2026-07-12,C1015,Bull Run Power Systems,A,R. Alvarez,CON-1016,Conduit & Fittings,18,2.76,3.6,3.57,64.26,
INV-50395,2026-07-07,C1037,Chantilly Electrical Co.,B,D. Brooks,LIG-1002,Lighting,6,81.88,119.13,120.09,720.54,
INV-50395,2026-07-07,C1037,Chantilly Electrical Co.,B,D. Brooks,BRE-1027,Breakers & Panels,13,48.96,63.82,63.75,828.75,
INV-50396,2026-06-30,C1012,Bull Run Energy Group,A,D. Brooks,WIR-1020,Wire & Cable,11,212.93,240.9,242.64,2669.04,
INV-50396,2026-06-30,C1012,Bull Run Energy Group,A,D. Brooks,HVA-1007,HVAC Equipment,1,1114.79,1246.31,1251.35,1251.35,
INV-50396,2026-06-30,C1012,Bull Run Energy Group,A,D. Brooks,CON-1016,Conduit & Fittings,8,2.76,3.6,3.62,28.96,
INV-50396,2026-06-30,C1012,Bull Run Energy Group,A,D. Brooks,HVA-1013,HVAC Equipment,1,1860.42,2014.86,2007.15,2007.15,
INV-50397,2026-09-21,C1014,Bull Run Heating & Air,A,S. Evans,WIR-1014,Wire & Cable,5,313.51,362.76,323.18,1615.9,
INV-50397,2026-09-21,C1014,Bull Run Heating & Air,A,S. Evans,CON-1005,Conduit & Fittings,14,4.97,6.45,6.4,89.6,
INV-50397,2026-09-21,C1014,Bull Run Heating & Air,A,S. Evans,WIR-1035,Wire & Cable,5,83.22,97.51,96.54,482.7,
INV-50397,2026-09-21,C1014,Bull Run Heating & Air,A,S. Evans,WIR-1033,Wire & Cable,9,54.3,63.73,63.8,574.2,
INV-50397,2026-09-21,C1014,Bull Run Heating & Air,A,S. Evans,HVA-1006,HVAC Equipment,2,495.45,546.9,543.64,1087.28,
INV-50398,2026-07-12,C1021,Burke HVAC Services,B,M. Dunn,BRE-1003,Breakers & Panels,3,17.77,23.14,23.07,69.21,
INV-50398,2026-07-12,C1021,Burke HVAC Services,B,M. Dunn,WIR-1019,Wire & Cable,2,116.68,151.54,150.91,301.82,
INV-50398,2026-07-12,C1021,Burke HVAC Services,B,M. Dunn,LIG-1030,Lighting,2,127.4,174.95,174.12,348.24,
INV-50398,2026-07-12,C1021,Burke HVAC Services,B,M. Dunn,HVA-1009,HVAC Parts,10,7.94,10.38,10.3,103.0,
INV-50398,2026-07-12,C1021,Burke HVAC Services,B,M. Dunn,CON-1000,Conduit & Fittings,44,23.85,32.38,32.12,1413.28,
INV-50399,2026-07-01,C1019,Burke Electrical Co.,B,K. Foster,LIG-1024,Lighting,5,41.61,56.47,56.95,284.75,
INV-50399,2026-07-01,C1019,Burke Electrical Co.,B,K. Foster,CON-1018,Conduit & Fittings,50,4.8,7.03,7.02,351.0,
INV-50399,2026-07-01,C1019,Burke Electrical Co.,B,K. Foster,HVA-1004,HVAC Parts,10,16.08,21.61,21.4,214.0,
INV-50399,2026-07-01,C1019,Burke Electrical Co.,B,K. Foster,HVA-1015,HVAC Equipment,1,646.24,744.3,748.14,748.14,
INV-50399,2026-07-01,C1019,Burke Electrical Co.,B,K. Foster,BRE-1029,Breakers & Panels,1,100.96,135.16,136.47,136.47,
INV-50399,2026-07-01,C1019,Burke Electrical Co.,B,K. Foster,CON-1031,Conduit & Fittings,8,2.97,4.01,4.0,32.0,
INV-50400,2026-08-12,C1011,Bull Run Electrical Co.,A,D. Brooks,WIR-1003,Wire & Cable,8,52.37,58.81,58.99,471.92,
INV-50400,2026-08-12,C1011,Bull Run Electrical Co.,A,D. Brooks,HVA-1027,HVAC Equipment,2,2166.2,2378.14,2387.51,4775.02,
INV-50400,2026-08-12,C1011,Bull Run Electrical Co.,A,D. Brooks,BRE-1031,Breakers & Panels,10,33.11,39.01,38.79,387.9,
INV-50401,2026-08-01,C1035,Chantilly Contracting,B,S. Evans,HVA-1004,HVAC Equipment,1,1034.98,1265.17,1253.53,1253.53,
INV-50401,2026-08-01,C1035,Chantilly Contracting,B,S. Evans,CON-1029,Conduit & Fittings,42,15.74,21.28,21.18,889.56,
INV-50401,2026-08-01,C1035,Chantilly Contracting,B,S. Evans,BRE-1003,Breakers & Panels,3,17.77,23.14,23.29,69.87,
INV-50402,2026-09-02,C1025,Capitol Building Services,B,R. Alvarez,WIR-1030,Wire & Cable,24,123.15,152.62,152.16,3651.84,
INV-50402,2026-09-02,C1025,Capitol Building Services,B,R. Alvarez,LIG-1001,Lighting,10,30.22,40.13,39.84,398.4,
INV-50402,2026-09-02,C1025,Capitol Building Services,B,R. Alvarez,WIR-1026,Wire & Cable,4,42.97,55.34,54.91,219.64,
INV-50402,2026-09-02,C1025,Capitol Building Services,B,R. Alvarez,WIR-1015,Wire & Cable,4,35.17,43.74,43.34,173.36,
INV-50403,2026-09-25,C1012,Bull Run Energy Group,A,D. Brooks,CON-1031,Conduit & Fittings,13,2.97,3.65,3.63,47.19,
INV-50403,2026-09-25,C1012,Bull Run Energy Group,A,D. Brooks,HVA-1004,HVAC Equipment,1,1034.98,1150.15,1140.41,1140.41,
INV-50403,2026-09-25,C1012,Bull Run Energy Group,A,D. Brooks,LIG-1006,Lighting,3,17.96,23.46,23.45,70.35,
INV-50403,2026-09-25,C1012,Bull Run Energy Group,A,D. Brooks,WIR-1026,Wire & Cable,6,42.97,50.31,50.48,302.88,
INV-50403,2026-09-25,C1012,Bull Run Energy Group,A,D. Brooks,CON-1018,Conduit & Fittings,4,4.8,6.39,6.34,25.36,
INV-50404,2026-07-16,C1020,Burke Energy Group,B,S. Evans,BRE-1024,Breakers & Panels,2,23.6,30.28,27.3,54.6,
INV-50404,2026-07-16,C1020,Burke Energy Group,B,S. Evans,BRE-1030,Breakers & Panels,3,12.43,15.91,15.96,47.88,
INV-50405,2026-07-01,C1022,Burke Heating & Air,B,T. Chen,LIG-1021,Lighting,4,183.41,262.94,261.56,1046.24,
INV-50405,2026-07-01,C1022,Burke Heating & Air,B,T. Chen,BRE-1013,Breakers & Panels,3,205.1,285.48,282.95,848.85,
INV-50405,2026-07-01,C1022,Burke Heating & Air,B,T. Chen,HVA-1024,HVAC Equipment,2,2463.08,2981.22,2992.97,5985.94,
INV-50405,2026-07-01,C1022,Burke Heating & Air,B,T. Chen,CON-1019,Conduit & Fittings,8,3.49,4.77,4.73,37.84,
INV-50406,2026-08-06,C1041,Chantilly Mechanical,B,S. Evans,LIG-1019,Lighting,10,22.4,30.18,30.26,302.6,
INV-50406,2026-08-06,C1041,Chantilly Mechanical,B,S. Evans,HVA-1019,HVAC Equipment,6,1148.15,1361.25,1358.17,8149.02,
INV-50406,2026-08-06,C1041,Chantilly Mechanical,B,S. Evans,HVA-1034,HVAC Equipment,2,1666.74,1994.46,1997.24,3994.48,
INV-50406,2026-08-06,C1041,Chantilly Mechanical,B,S. Evans,HVA-1005,HVAC Parts,10,90.38,116.42,116.11,1161.1,
INV-50406,2026-08-06,C1041,Chantilly Mechanical,B,S. Evans,WIR-1021,Wire & Cable,9,162.13,206.43,205.46,1849.14,
INV-50406,2026-08-06,C1041,Chantilly Mechanical,B,S. Evans,HVA-1008,HVAC Equipment,1,913.36,1094.51,1088.67,1088.67,
INV-50407,2026-07-14,C1051,Fairfax Heating & Air,C,K. Foster,CON-1030,Conduit & Fittings,44,42.26,66.71,66.1,2908.4,
INV-50407,2026-07-14,C1051,Fairfax Heating & Air,C,K. Foster,BRE-1022,Breakers & Panels,12,51.87,77.78,78.39,940.68,
INV-50407,2026-07-14,C1051,Fairfax Heating & Air,C,K. Foster,HVA-1000,HVAC Equipment,1,402.96,535.02,538.96,538.96,
INV-50407,2026-07-14,C1051,Fairfax Heating & Air,C,K. Foster,BRE-1019,Breakers & Panels,5,66.96,93.98,93.42,467.1,
INV-50407,2026-07-14,C1051,Fairfax Heating & Air,C,K. Foster,WIR-1004,Wire & Cable,3,134.3,180.06,179.71,539.13,
INV-50408,2026-08-24,C1020,Burke Energy Group,B,S. Evans,LIG-1002,Lighting,13,81.88,119.13,118.89,1545.57,
INV-50408,2026-08-24,C1020,Burke Energy Group,B,S. Evans,HVA-1015,HVAC Equipment,1,646.24,744.3,741.32,741.32,
INV-50408,2026-08-24,C1020,Burke Energy Group,B,S. Evans,WIR-1023,Wire & Cable,29,47.27,59.52,53.04,1538.16,
INV-50408,2026-08-24,C1020,Burke Energy Group,B,S. Evans,WIR-1031,Wire & Cable,3,333.43,427.37,425.09,1275.27,
INV-50408,2026-08-24,C1020,Burke Energy Group,B,S. Evans,WIR-1023,Wire & Cable,2,47.27,59.52,59.55,119.1,
INV-50409,2026-08-05,C1008,Bull Run Comfort Systems,A,D. Brooks,LIG-1014,Lighting,11,9.82,12.59,12.54,137.94,
INV-50409,2026-08-05,C1008,Bull Run Comfort Systems,A,D. Brooks,CON-1005,Conduit & Fittings,43,4.97,6.45,6.43,276.49,
INV-50409,2026-08-05,C1008,Bull Run Comfort Systems,A,D. Brooks,LIG-1012,Lighting,6,28.4,34.41,34.54,207.24,
INV-50410,2026-09-17,C1055,Leesburg Contracting,C,D. Brooks,WIR-1002,Wire & Cable,18,152.66,212.41,211.7,3810.6,
INV-50410,2026-09-17,C1055,Leesburg Contracting,C,D. Brooks,WIR-1003,Wire & Cable,20,52.37,69.83,69.74,1394.8,
INV-50410,2026-09-17,C1055,Leesburg Contracting,C,D. Brooks,LIG-1031,Lighting,2,46.98,72.51,72.65,145.3,
INV-50411,2026-09-12,C1038,Chantilly Energy Group,B,S. Evans,LIG-1015,Lighting,11,64.96,91.19,90.57,996.27,
INV-50411,2026-09-12,C1038,Chantilly Energy Group,B,S. Evans,HVA-1025,HVAC Parts,3,66.1,94.27,94.07,282.21,
INV-50411,2026-09-12,C1038,Chantilly Energy Group,B,S. Evans,WIR-1021,Wire & Cable,5,162.13,206.43,206.81,1034.05,
INV-50411,2026-09-12,C1038,Chantilly Energy Group,B,S. Evans,LIG-1009,Lighting,21,103.74,138.8,138.92,2917.32,
INV-50412,2026-07-17,C1034,Cardinal Power Systems,B,K. Foster,WIR-1012,Wire & Cable,4,133.61,163.27,162.38,649.52,
INV-50412,2026-07-17,C1034,Cardinal Power Systems,B,K. Foster,CON-1008,Conduit & Fittings,17,3.76,5.12,5.1,86.7,
INV-50412,2026-07-17,C1034,Cardinal Power Systems,B,K. Foster,WIR-1008,Wire & Cable,7,100.04,129.22,128.81,901.67,
INV-50413,2026-08-22,C1014,Bull Run Heating & Air,A,S. Evans,WIR-1025,Wire & Cable,10,108.67,125.11,116.07,1160.7,
INV-50413,2026-08-22,C1014,Bull Run Heating & Air,A,S. Evans,HVA-1014,HVAC Equipment,1,1053.64,1107.8,1101.14,1101.14,
INV-50413,2026-08-22,C1014,Bull Run Heating & Air,A,S. Evans,CON-1000,Conduit & Fittings,37,23.85,29.44,29.32,1084.84,
INV-50413,2026-08-22,C1014,Bull Run Heating & Air,A,S. Evans,HVA-1003,HVAC Parts,3,14.6,18.01,17.91,53.73,
INV-50414,2026-09-01,C1001,Blue Ridge Building Services,A,M. Dunn,WIR-1004,Wire & Cable,3,134.3,151.63,151.23,453.69,
INV-50414,2026-09-01,C1001,Blue Ridge Building Services,A,M. Dunn,LIG-1027,Lighting,5,15.54,19.44,18.18,90.9,MGR
INV-50414,2026-09-01,C1001,Blue Ridge Building Services,A,M. Dunn,LIG-1028,Lighting,4,42.41,53.1,53.15,212.6,
INV-50414,2026-09-01,C1001,Blue Ridge Building Services,A,M. Dunn,BRE-1020,Breakers & Panels,6,33.52,41.24,41.21,247.26,
INV-50414,2026-09-01,C1001,Blue Ridge Building Services,A,M. Dunn,BRE-1025,Breakers & Panels,2,164.87,195.19,193.37,386.74,
INV-50414,2026-09-01,C1001,Blue Ridge Building Services,A,M. Dunn,HVA-1012,HVAC Parts,2,26.33,30.77,30.92,61.84,
INV-50415,2026-07-06,C1019,Burke Electrical Co.,B,K. Foster,BRE-1008,Breakers & Panels,2,67.45,86.57,85.77,171.54,
INV-50415,2026-07-06,C1019,Burke Electrical Co.,B,K. Foster,CON-1018,Conduit & Fittings,34,4.8,7.03,7.03,239.02,
INV-50415,2026-07-06,C1019,Burke Electrical Co.,B,K. Foster,HVA-1012,HVAC Equipment,1,922.14,1084.86,1094.37,1094.37,
INV-50416,2026-09-15,C1013,Bull Run HVAC Services,A,D. Brooks,BRE-1001,Breakers & Panels,1,38.81,45.42,45.52,45.52,
INV-50416,2026-09-15,C1013,Bull Run HVAC Services,A,D. Brooks,BRE-1015,Breakers & Panels,4,93.54,113.93,114.54,458.16,
INV-50416,2026-09-15,C1013,Bull Run HVAC Services,A,D. Brooks,LIG-1023,Lighting,18,160.88,209.87,210.87,3795.66,
INV-50416,2026-09-15,C1013,Bull Run HVAC Services,A,D. Brooks,WIR-1026,Wire & Cable,3,42.97,50.31,50.16,150.48,
INV-50417,2026-08-17,C1025,Capitol Building Services,B,R. Alvarez,HVA-1029,HVAC Parts,3,7.05,10.01,9.95,29.85,
INV-50417,2026-08-17,C1025,Capitol Building Services,B,R. Alvarez,HVA-1010,HVAC Equipment,1,1378.41,1619.42,1630.77,1630.77,
INV-50417,2026-08-17,C1025,Capitol Building Services,B,R. Alvarez,BRE-1035,Breakers & Panels,13,97.51,130.81,130.27,1693.51,
INV-50418,2026-09-22,C1009,Bull Run Contracting,A,M. Dunn,HVA-1008,HVAC Parts,3,23.36,27.9,27.87,83.61,
INV-50418,2026-09-22,C1009,Bull Run Contracting,A,M. Dunn,LIG-1029,Lighting,7,98.21,119.67,120.02,840.14,
INV-50418,2026-09-22,C1009,Bull Run Contracting,A,M. Dunn,CON-1026,Conduit & Fittings,46,36.79,48.7,48.47,2229.62,
INV-50418,2026-09-22,C1009,Bull Run Contracting,A,M. Dunn,HVA-1014,HVAC Parts,5,114.93,141.83,142.11,710.55,
INV-50419,2026-07-21,C1012,Bull Run Energy Group,A,D. Brooks,WIR-1022,Wire & Cable,24,83.06,98.38,97.61,2342.64,
INV-50419,2026-07-21,C1012,Bull Run Energy Group,A,D. Brooks,HVA-1011,HVAC Parts,7,8.86,11.51,11.48,80.36,
INV-50419,2026-07-21,C1012,Bull Run Energy Group,A,D. Brooks,BRE-1012,Breakers & Panels,5,33.82,41.77,41.51,207.55,
INV-50419,2026-07-21,C1012,Bull Run Energy Group,A,D. Brooks,HVA-1034,HVAC Equipment,1,1666.74,1813.14,1812.55,1812.55,
INV-50419,2026-07-21,C1012,Bull Run Energy Group,A,D. Brooks,HVA-1033,HVAC Equipment,1,1194.8,1286.12,1278.69,1278.69,
INV-50420,2026-08-31,C1030,Capitol Power Systems,B,M. Dunn,LIG-1022,Lighting,3,13.9,18.6,18.57,55.71,
INV-50420,2026-08-31,C1030,Capitol Power Systems,B,M. Dunn,LIG-1034,Lighting,5,44.13,58.4,58.03,290.15,
INV-50420,2026-08-31,C1030,Capitol Power Systems,B,M. Dunn,LIG-1009,Lighting,26,103.74,138.8,137.48,3574.48,
INV-50420,2026-08-31,C1030,Capitol Power Systems,B,M. Dunn,WIR-1002,Wire & Cable,9,152.66,196.76,195.44,1758.96,
INV-50420,2026-08-31,C1030,Capitol Power Systems,B,M. Dunn,HVA-1017,HVAC Parts,1,13.44,18.89,18.93,18.93,
INV-50420,2026-08-31,C1030,Capitol Power Systems,B,M. Dunn,CON-1026,Conduit & Fittings,21,36.79,53.57,53.78,1129.38,
INV-50421,2026-08-20,C1028,Capitol HVAC Services,B,S. Evans,BRE-1035,Breakers & Panels,9,97.51,130.81,130.64,1175.76,
INV-50421,2026-08-20,C1028,Capitol HVAC Services,B,S. Evans,HVA-1024,HVAC Equipment,2,2463.08,2981.22,2990.61,5981.22,
INV-50421,2026-08-20,C1028,Capitol HVAC Services,B,S. Evans,HVA-1024,HVAC Parts,2,167.27,238.46,238.51,477.02,
INV-50422,2026-07-01,C1029,Capitol Mechanical,B,M. Dunn,WIR-1009,Wire & Cable,8,329.33,431.75,427.77,3422.16,
INV-50422,2026-07-01,C1029,Capitol Mechanical,B,M. Dunn,HVA-1028,HVAC Equipment,1,685.83,813.91,817.88,817.88,
INV-50422,2026-07-01,C1029,Capitol Mechanical,B,M. Dunn,LIG-1034,Lighting,2,44.13,58.4,58.4,116.8,
INV-50423,2026-09-09,C1022,Burke Heating & Air,B,T. Chen,WIR-1013,Wire & Cable,12,317.33,399.44,369.4,4432.8,MGR
INV-50423,2026-09-09,C1022,Burke Heating & Air,B,T. Chen,WIR-1026,Wire & Cable,5,42.97,55.34,55.17,275.85,
INV-50424,2026-09-25,C1006,Blue Ridge Heating & Air,A,M. Dunn,BRE-1025,Breakers & Panels,8,164.87,195.19,196.4,1571.2,
INV-50424,2026-09-25,C1006,Blue Ridge Heating & Air,A,M. Dunn,HVA-1031,HVAC Equipment,3,1021.28,1131.8,1138.73,3416.19,
INV-50424,2026-09-25,C1006,Blue Ridge Heating & Air,A,M. Dunn,LIG-1010,Lighting,19,87.43,105.7,106.68,2026.92,
INV-50424,2026-09-25,C1006,Blue Ridge Heating & Air,A,M. Dunn,HVA-1008,HVAC Parts,3,23.36,27.9,27.8,83.4,
INV-50425,2026-09-13,C1092,Old Dominion Power Systems,C,R. Alvarez,BRE-1020,Breakers & Panels,2,33.52,48.97,48.82,97.64,
INV-50425,2026-09-13,C1092,Old Dominion Power Systems,C,R. Alvarez,WIR-1032,Wire & Cable,1,294.58,396.49,395.66,395.66,
INV-50425,2026-09-13,C1092,Old Dominion Power Systems,C,R. Alvarez,CON-1032,Conduit & Fittings,55,22.74,35.38,35.44,1949.2,
INV-50425,2026-09-13,C1092,Old Dominion Power Systems,C,R. Alvarez,BRE-1026,Breakers & Panels,5,12.67,17.71,17.78,88.9,
INV-50425,2026-09-13,C1092,Old Dominion Power Systems,C,R. Alvarez,HVA-1026,HVAC Parts,2,7.14,9.99,9.91,19.82,
INV-50426,2026-08-17,C1008,Bull Run Comfort Systems,A,D. Brooks,BRE-1034,Breakers & Panels,7,68.77,85.22,85.26,596.82,
INV-50426,2026-08-17,C1008,Bull Run Comfort Systems,A,D. Brooks,BRE-1027,Breakers & Panels,1,48.96,58.02,58.15,58.15,
INV-50426,2026-08-17,C1008,Bull Run Comfort Systems,A,D. Brooks,HVA-1019,HVAC Equipment,1,1148.15,1237.5,1230.87,1230.87,
INV-50426,2026-08-17,C1008,Bull Run Comfort Systems,A,D. Brooks,WIR-1007,Wire & Cable,18,157.76,179.99,161.1,2899.8,
INV-50426,2026-08-17,C1008,Bull Run Comfort Systems,A,D. Brooks,LIG-1017,Lighting,10,36.9,44.1,43.87,438.7,
INV-50427,2026-07-24,C1005,Blue Ridge Energy Group,A,M. Dunn,LIG-1031,Lighting,2,46.98,61.06,61.45,122.9,
INV-50427,2026-07-24,C1005,Blue Ridge Energy Group,A,M. Dunn,LIG-1024,Lighting,11,41.61,51.34,51.66,568.26,
INV-50427,2026-07-24,C1005,Blue Ridge Energy Group,A,M. Dunn,BRE-1008,Breakers & Panels,4,67.45,78.7,79.15,316.6,
INV-50427,2026-07-24,C1005,Blue Ridge Energy Group,A,M. Dunn,CON-1015,Conduit & Fittings,11,2.29,2.78,2.76,30.36,
INV-50427,2026-07-24,C1005,Blue Ridge Energy Group,A,M. Dunn,HVA-1035,HVAC Parts,3,33.23,39.79,39.78,119.34,
INV-50428,2026-08-06,C1012,Bull Run Energy Group,A,D. Brooks,HVA-1034,HVAC Equipment,2,1666.74,1813.14,1806.53,3613.06,
INV-50428,2026-08-06,C1012,Bull Run Energy Group,A,D. Brooks,LIG-1031,Lighting,5,46.98,61.06,61.05,305.25,
INV-50428,2026-08-06,C1012,Bull Run Energy Group,A,D. Brooks,WIR-1022,Wire & Cable,4,83.06,98.38,90.46,361.84,VERBAL
INV-50428,2026-08-06,C1012,Bull Run Energy Group,A,D. Brooks,LIG-1032,Lighting,17,22.45,29.73,29.93,508.81,
INV-50428,2026-08-06,C1012,Bull Run Energy Group,A,D. Brooks,HVA-1008,HVAC Equipment,2,913.36,995.01,992.69,1985.38,
INV-50429,2026-09-10,C1010,Bull Run Electric,A,K. Foster,CON-1005,Conduit & Fittings,33,4.97,6.45,6.42,211.86,
INV-50429,2026-09-10,C1010,Bull Run Electric,A,K. Foster,WIR-1029,Wire & Cable,3,61.38,69.11,69.01,207.03,
INV-50429,2026-09-10,C1010,Bull Run Electric,A,K. Foster,HVA-1005,HVAC Equipment,1,1913.09,2066.49,2062.59,2062.59,
INV-50430,2026-09-25,C1035,Chantilly Contracting,B,S. Evans,LIG-1027,Lighting,10,15.54,21.38,21.34,213.4,
INV-50430,2026-09-25,C1035,Chantilly Contracting,B,S. Evans,LIG-1018,Lighting,11,40.2,55.41,55.96,615.56,
INV-50430,2026-09-25,C1035,Chantilly Contracting,B,S. Evans,HVA-1007,HVAC Parts,2,201.93,262.7,263.67,527.34,
INV-50431,2026-07-03,C1001,Blue Ridge Building Services,A,M. Dunn,WIR-1009,Wire & Cable,3,329.33,392.5,395.9,1187.7,
INV-50431,2026-07-03,C1001,Blue Ridge Building Services,A,M. Dunn,HVA-1017,HVAC Equipment,3,2240.25,2432.9,2456.32,7368.96,
INV-50431,2026-07-03,C1001,Blue Ridge Building Services,A,M. Dunn,LIG-1023,Lighting,9,160.88,209.87,208.3,1874.7,
INV-50431,2026-07-03,C1001,Blue Ridge Building Services,A,M. Dunn,WIR-1031,Wire & Cable,9,333.43,388.52,384.94,3464.46,
INV-50431,2026-07-03,C1001,Blue Ridge Building Services,A,M. Dunn,HVA-1019,HVAC Parts,1,165.59,204.9,204.09,204.09,
INV-50432,2026-09-09,C1032,Cardinal Energy Group,B,T. Chen,LIG-1029,Lighting,7,98.21,131.64,131.36,919.52,
INV-50432,2026-09-09,C1032,Cardinal Energy Group,B,T. Chen,HVA-1001,HVAC Parts,20,24.8,31.97,31.82,636.4,
INV-50432,2026-09-09,C1032,Cardinal Energy Group,B,T. Chen,BRE-1005,Breakers & Panels,2,159.52,211.48,211.77,423.54,
INV-50432,2026-09-09,C1032,Cardinal Energy Group,B,T. Chen,HVA-1016,HVAC Equipment,1,1182.28,1364.74,1364.27,1364.27,
INV-50433,2026-09-19,C1014,Bull Run Heating & Air,A,S. Evans,LIG-1007,Lighting,2,114.08,135.54,136.77,273.54,
INV-50433,2026-09-19,C1014,Bull Run Heating & Air,A,S. Evans,CON-1015,Conduit & Fittings,8,2.29,2.78,2.78,22.24,
INV-50433,2026-09-19,C1014,Bull Run Heating & Air,A,S. Evans,HVA-1030,HVAC Parts,11,7.81,9.82,9.84,108.24,
INV-50434,2026-09-03,C1040,Chantilly Heating & Air,B,K. Foster,LIG-1031,Lighting,4,46.98,67.17,67.33,269.32,
INV-50434,2026-09-03,C1040,Chantilly Heating & Air,B,K. Foster,HVA-1017,HVAC Equipment,1,2240.25,2676.19,2692.97,2692.97,
INV-50434,2026-09-03,C1040,Chantilly Heating & Air,B,K. Foster,WIR-1024,Wire & Cable,35,274.36,350.42,348.67,12203.45,
INV-50434,2026-09-03,C1040,Chantilly Heating & Air,B,K. Foster,HVA-1021,HVAC Parts,5,221.97,306.92,305.67,1528.35,
INV-50435,2026-09-22,C1042,Chantilly Power Systems,B,T. Chen,HVA-1021,HVAC Parts,3,221.97,306.92,305.74,917.22,
INV-50435,2026-09-22,C1042,Chantilly Power Systems,B,T. Chen,HVA-1033,HVAC Parts,12,37.29,48.17,48.24,578.88,
INV-50435,2026-09-22,C1042,Chantilly Power Systems,B,T. Chen,LIG-1008,Lighting,14,37.77,49.28,49.75,696.5,
INV-50435,2026-09-22,C1042,Chantilly Power Systems,B,T. Chen,WIR-1006,Wire & Cable,30,223.99,270.22,272.66,8179.8,
INV-50436,2026-09-20,C1003,Blue Ridge Electric,A,D. Brooks,LIG-1026,Lighting,18,15.8,19.67,19.6,352.8,
INV-50436,2026-09-20,C1003,Blue Ridge Electric,A,D. Brooks,HVA-1023,HVAC Parts,1,188.12,243.52,233.91,233.91,
INV-50437,2026-08-15,C1006,Blue Ridge Heating & Air,A,M. Dunn,HVA-1004,HVAC Parts,1,16.08,19.65,19.55,19.55,
INV-50437,2026-08-15,C1006,Blue Ridge Heating & Air,A,M. Dunn,HVA-1010,HVAC Parts,8,26.77,31.62,31.47,251.76,
INV-50437,2026-08-15,C1006,Blue Ridge Heating & Air,A,M. Dunn,BRE-1011,Breakers & Panels,2,108.7,134.17,134.42,268.84,
INV-50438,2026-07-26,C1043,Dulles Building Services,B,T. Chen,LIG-1028,Lighting,19,42.41,58.41,54.07,1027.33,MGR
INV-50438,2026-07-26,C1043,Dulles Building Services,B,T. Chen,LIG-1016,Lighting,3,90.5,121.68,121.98,365.94,
INV-50438,2026-07-26,C1043,Dulles Building Services,B,T. Chen,CON-1020,Conduit & Fittings,11,32.14,45.19,44.83,493.13,
INV-50438,2026-07-26,C1043,Dulles Building Services,B,T. Chen,WIR-1034,Wire & Cable,4,60.49,77.3,77.66,310.64,
INV-50439,2026-08-10,C1036,Chantilly Electric,B,R. Alvarez,WIR-1016,Wire & Cable,2,87.34,107.19,108.0,216.0,
INV-50439,2026-08-10,C1036,Chantilly Electric,B,R. Alvarez,HVA-1032,HVAC Equipment,1,850.39,1010.49,1013.64,1013.64,
INV-50439,2026-08-10,C1036,Chantilly Electric,B,R. Alvarez,WIR-1024,Wire & Cable,6,274.36,350.42,347.99,2087.94,
INV-50440,2026-09-16,C1002,Blue Ridge Comfort Systems,A,S. Evans,HVA-1003,HVAC Equipment,3,767.04,801.61,804.59,2413.77,
INV-50440,2026-09-16,C1002,Blue Ridge Comfort Systems,A,S. Evans,LIG-1006,Lighting,11,17.96,23.46,23.49,258.39,
INV-50440,2026-09-16,C1002,Blue Ridge Comfort Systems,A,S. Evans,WIR-1023,Wire & Cable,1,47.27,54.11,54.04,54.04,
INV-50440,2026-09-16,C1002,Blue Ridge Comfort Systems,A,S. Evans,HVA-1019,HVAC Equipment,1,1148.15,1237.5,1249.45,1249.45,
INV-50440,2026-09-16,C1002,Blue Ridge Comfort Systems,A,S. Evans,WIR-1011,Wire & Cable,5,126.22,140.4,139.83,699.15,
INV-50441,2026-09-11,C1013,Bull Run HVAC Services,A,D. Brooks,WIR-1021,Wire & Cable,27,162.13,187.66,187.97,5075.19,
INV-50441,2026-09-11,C1013,Bull Run HVAC Services,A,D. Brooks,CON-1028,Conduit & Fittings,41,8.95,12.22,12.14,497.74,
INV-50441,2026-09-11,C1013,Bull Run HVAC Services,A,D. Brooks,HVA-1022,HVAC Equipment,1,465.16,488.86,489.5,489.5,
INV-50442,2026-07-04,C1110,Ridgeline Energy Group,C,M. Dunn,HVA-1007,HVAC Equipment,3,1114.79,1480.0,1473.29,4419.87,
INV-50442,2026-07-04,C1110,Ridgeline Energy Group,C,M. Dunn,BRE-1012,Breakers & Panels,3,33.82,49.6,49.31,147.93,
INV-50442,2026-07-04,C1110,Ridgeline Energy Group,C,M. Dunn,HVA-1003,HVAC Equipment,3,767.04,951.91,947.94,2843.82,
INV-50442,2026-07-04,C1110,Ridgeline Energy Group,C,M. Dunn,WIR-1002,Wire & Cable,3,152.66,212.41,214.1,642.3,
INV-50443,2026-09-04,C1037,Chantilly Electrical Co.,B,D. Brooks,LIG-1005,Lighting,17,24.04,33.46,33.43,568.31,
INV-50443,2026-09-04,C1037,Chantilly Electrical Co.,B,D. Brooks,LIG-1032,Lighting,11,22.45,32.7,32.9,361.9,
INV-50443,2026-09-04,C1037,Chantilly Electrical Co.,B,D. Brooks,WIR-1032,Wire & Cable,5,294.58,367.28,331.0,1655.0,
INV-50443,2026-09-04,C1037,Chantilly Electrical Co.,B,D. Brooks,LIG-1034,Lighting,45,44.13,58.4,58.68,2640.6,
INV-50443,2026-09-04,C1037,Chantilly Electrical Co.,B,D. Brooks,BRE-1025,Breakers & Panels,2,164.87,214.71,213.33,426.66,
INV-50443,2026-09-04,C1037,Chantilly Electrical Co.,B,D. Brooks,BRE-1001,Breakers & Panels,9,38.81,49.97,49.47,445.23,
INV-50444,2026-07-27,C1027,Capitol Electrical Co.,B,T. Chen,LIG-1000,Lighting,24,11.27,15.11,15.15,363.6,
INV-50444,2026-07-27,C1027,Capitol Electrical Co.,B,T. Chen,CON-1029,Conduit & Fittings,16,15.74,21.28,21.48,343.68,
INV-50444,2026-07-27,C1027,Capitol Electrical Co.,B,T. Chen,HVA-1034,HVAC Parts,7,21.98,29.88,30.02,210.14,
INV-50445,2026-07-06,C1011,Bull Run Electrical Co.,A,D. Brooks,CON-1004,Conduit & Fittings,23,49.09,60.94,61.47,1413.81,
INV-50445,2026-07-06,C1011,Bull Run Electrical Co.,A,D. Brooks,LIG-1034,Lighting,10,44.13,53.09,52.69,526.9,
INV-50445,2026-07-06,C1011,Bull Run Electrical Co.,A,D. Brooks,BRE-1017,Breakers & Panels,6,33.16,42.02,39.85,239.1,
INV-50445,2026-07-06,C1011,Bull Run Electrical Co.,A,D. Brooks,WIR-1004,Wire & Cable,6,134.3,151.63,152.28,913.68,
INV-50446,2026-07-12,C1102,Reston Electrical Co.,C,R. Alvarez,BRE-1007,Breakers & Panels,2,24.67,37.33,35.36,70.72,
INV-50446,2026-07-12,C1102,Reston Electrical Co.,C,R. Alvarez,HVA-1011,HVAC Equipment,1,620.35,806.71,808.16,808.16,
INV-50446,2026-07-12,C1102,Reston Electrical Co.,C,R. Alvarez,CON-1003,Conduit & Fittings,34,2.25,3.57,3.56,121.04,
INV-50447,2026-09-20,C1001,Blue Ridge Building Services,A,M. Dunn,WIR-1033,Wire & Cable,7,54.3,63.73,63.73,446.11,
INV-50447,2026-09-20,C1001,Blue Ridge Building Services,A,M. Dunn,BRE-1006,Breakers & Panels,4,18.77,23.06,23.29,93.16,
INV-50447,2026-09-20,C1001,Blue Ridge Building Services,A,M. Dunn,CON-1017,Conduit & Fittings,13,21.97,29.48,29.4,382.2,
INV-50448,2026-07-09,C1041,Chantilly Mechanical,B,S. Evans,LIG-1018,Lighting,4,40.2,55.41,55.83,223.32,
INV-50448,2026-07-09,C1041,Chantilly Mechanical,B,S. Evans,HVA-1003,HVAC Equipment,1,767.04,881.77,883.76,883.76,
INV-50448,2026-07-09,C1041,Chantilly Mechanical,B,S. Evans,WIR-1005,Wire & Cable,15,392.51,480.62,479.68,7195.2,
INV-50449,2026-07-19,C1019,Burke Electrical Co.,B,K. Foster,HVA-1014,HVAC Equipment,2,1053.64,1218.58,1226.78,2453.56,
INV-50449,2026-07-19,C1019,Burke Electrical Co.,B,K. Foster,LIG-1017,Lighting,13,36.9,48.51,48.54,631.02,
INV-50449,2026-07-19,C1019,Burke Electrical Co.,B,K. Foster,CON-1026,Conduit & Fittings,20,36.79,53.57,53.35,1067.0,
INV-50450,2026-09-22,C1015,Bull Run Power Systems,A,R. Alvarez,WIR-1009,Wire & Cable,17,329.33,392.5,392.94,6679.98,
INV-50450,2026-09-22,C1015,Bull Run Power Systems,A,R. Alvarez,HVA-1033,HVAC Equipment,3,1194.8,1286.12,1297.1,3891.3,
INV-50450,2026-09-22,C1015,Bull Run Power Systems,A,R. Alvarez,WIR-1003,Wire & Cable,1,52.37,58.81,59.14,59.14,
INV-50451,2026-07-13,C1069,Loudoun Power Systems,C,T. Chen,LIG-1012,Lighting,24,28.4,40.86,40.93,982.32,
INV-50451,2026-07-13,C1069,Loudoun Power Systems,C,T. Chen,LIG-1032,Lighting,2,22.45,35.3,35.01,70.02,
INV-50451,2026-07-13,C1069,Loudoun Power Systems,C,T. Chen,WIR-1018,Wire & Cable,5,47.93,67.87,67.44,337.2,
INV-50452,2026-06-29,C1119,Shenandoah Mechanical,C,R. Alvarez,HVA-1032,HVAC Equipment,1,850.39,1090.87,1090.29,1090.29,
INV-50452,2026-06-29,C1119,Shenandoah Mechanical,C,R. Alvarez,BRE-1008,Breakers & Panels,11,67.45,93.46,93.59,1029.49,
INV-50452,2026-06-29,C1119,Shenandoah Mechanical,C,R. Alvarez,WIR-1000,Wire & Cable,3,216.1,289.15,286.62,859.86,
INV-50453,2026-08-30,C1036,Chantilly Electric,B,R. Alvarez,HVA-1010,HVAC Parts,1,26.77,34.79,34.91,34.91,
INV-50453,2026-08-30,C1036,Chantilly Electric,B,R. Alvarez,HVA-1020,HVAC Parts,1,6.84,9.74,9.65,9.65,
INV-50453,2026-08-30,C1036,Chantilly Electric,B,R. Alvarez,LIG-1030,Lighting,11,127.4,174.95,174.52,1919.72,
INV-50453,2026-08-30,C1036,Chantilly Electric,B,R. Alvarez,LIG-1009,Lighting,7,103.74,138.8,139.22,974.54,
INV-50453,2026-08-30,C1036,Chantilly Electric,B,R. Alvarez,LIG-1007,Lighting,28,114.08,149.09,149.63,4189.64,
INV-50453,2026-08-30,C1036,Chantilly Electric,B,R. Alvarez,WIR-1019,Wire & Cable,6,116.68,151.54,151.89,911.34,
INV-50454,2026-08-17,C1004,Blue Ridge Electrical Co.,A,T. Chen,HVA-1032,HVAC Equipment,1,850.39,918.62,915.7,915.7,
INV-50454,2026-08-17,C1004,Blue Ridge Electrical Co.,A,T. Chen,HVA-1033,HVAC Equipment,2,1194.8,1286.12,1283.53,2567.06,
INV-50454,2026-08-17,C1004,Blue Ridge Electrical Co.,A,T. Chen,WIR-1000,Wire & Cable,12,216.1,243.5,242.41,2908.92,
INV-50454,2026-08-17,C1004,Blue Ridge Electrical Co.,A,T. Chen,HVA-1016,HVAC Parts,1,11.14,14.34,14.36,14.36,
INV-50455,2026-07-20,C1092,Old Dominion Power Systems,C,R. Alvarez,BRE-1018,Breakers & Panels,3,111.4,152.65,152.21,456.63,
INV-50455,2026-07-20,C1092,Old Dominion Power Systems,C,R. Alvarez,BRE-1025,Breakers & Panels,7,164.87,231.79,233.87,1637.09,
INV-50455,2026-07-20,C1092,Old Dominion Power Systems,C,R. Alvarez,HVA-1009,HVAC Parts,3,7.94,11.21,11.16,33.48,
INV-50455,2026-07-20,C1092,Old Dominion Power Systems,C,R. Alvarez,HVA-1007,HVAC Parts,1,201.93,283.59,284.37,284.37,
INV-50455,2026-07-20,C1092,Old Dominion Power Systems,C,R. Alvarez,BRE-1029,Breakers & Panels,3,100.96,145.91,146.05,438.15,
INV-50455,2026-07-20,C1092,Old Dominion Power Systems,C,R. Alvarez,LIG-1012,Lighting,19,28.4,40.86,40.52,769.88,
INV-50456,2026-08-25,C1032,Cardinal Energy Group,B,T. Chen,BRE-1031,Breakers & Panels,6,33.11,42.91,42.89,257.34,
INV-50456,2026-08-25,C1032,Cardinal Energy Group,B,T. Chen,WIR-1003,Wire & Cable,5,52.37,64.69,64.9,324.5,
INV-50456,2026-08-25,C1032,Cardinal Energy Group,B,T. Chen,HVA-1021,HVAC Equipment,3,2137.62,2478.35,2501.28,7503.84,
INV-50456,2026-08-25,C1032,Cardinal Energy Group,B,T. Chen,LIG-1028,Lighting,38,42.41,58.41,58.27,2214.26,
INV-50456,2026-08-25,C1032,Cardinal Energy Group,B,T. Chen,BRE-1003,Breakers & Panels,1,17.77,23.14,23.16,23.16,
INV-50456,2026-08-25,C1032,Cardinal Energy Group,B,T. Chen,BRE-1013,Breakers & Panels,12,205.1,285.48,282.71,3392.52,
INV-50457,2026-09-25,C1026,Capitol Comfort Systems,B,R. Alvarez,LIG-1018,Lighting,9,40.2,55.41,55.15,496.35,
INV-50457,2026-09-25,C1026,Capitol Comfort Systems,B,R. Alvarez,BRE-1020,Breakers & Panels,22,33.52,45.36,45.06,991.32,
INV-50457,2026-09-25,C1026,Capitol Comfort Systems,B,R. Alvarez,LIG-1012,Lighting,5,28.4,37.85,36.01,180.05,MGR
INV-50458,2026-07-10,C1047,Dulles Energy Group,B,T. Chen,BRE-1004,Breakers & Panels,7,156.83,205.3,206.66,1446.62,
INV-50458,2026-07-10,C1047,Dulles Energy Group,B,T. Chen,HVA-1018,HVAC Parts,7,116.07,158.21,159.18,1114.26,
INV-50458,2026-07-10,C1047,Dulles Energy Group,B,T. Chen,CON-1002,Conduit & Fittings,25,2.46,3.56,3.57,89.25,
INV-50459,2026-07-15,C1077,Manassas Heating & Air,C,T. Chen,BRE-1015,Breakers & Panels,4,93.54,135.29,135.03,540.12,
INV-50459,2026-07-15,C1077,Manassas Heating & Air,C,T. Chen,WIR-1029,Wire & Cable,5,61.38,82.07,82.45,412.25,
INV-50459,2026-07-15,C1077,Manassas Heating & Air,C,T. Chen,LIG-1027,Lighting,7,15.54,23.09,23.22,162.54,
INV-50460,2026-09-11,C1021,Burke HVAC Services,B,M. Dunn,HVA-1033,HVAC Parts,10,37.29,48.17,47.7,477.0,
INV-50460,2026-09-11,C1021,Burke HVAC Services,B,M. Dunn,LIG-1023,Lighting,34,160.88,230.86,230.91,7850.94,
INV-50460,2026-09-11,C1021,Burke HVAC Services,B,M. Dunn,LIG-1031,Lighting,13,46.98,67.17,67.0,871.0,
INV-50460,2026-09-11,C1021,Burke HVAC Services,B,M. Dunn,CON-1007,Conduit & Fittings,23,3.77,5.08,5.06,116.38,
INV-50461,2026-08-18,C1005,Blue Ridge Energy Group,A,M. Dunn,HVA-1004,HVAC Equipment,1,1034.98,1150.15,1161.57,1161.57,
INV-50461,2026-08-18,C1005,Blue Ridge Energy Group,A,M. Dunn,HVA-1011,HVAC Parts,15,8.86,11.51,11.59,173.85,
INV-50461,2026-08-18,C1005,Blue Ridge Energy Group,A,M. Dunn,WIR-1025,Wire & Cable,2,108.67,125.11,124.88,249.76,
INV-50461,2026-08-18,C1005,Blue Ridge Energy Group,A,M. Dunn,LIG-1023,Lighting,3,160.88,209.87,208.81,626.43,
INV-50462,2026-08-24,C1077,Manassas Heating & Air,C,T. Chen,HVA-1008,HVAC Parts,3,23.36,33.13,33.26,99.78,
INV-50462,2026-08-24,C1077,Manassas Heating & Air,C,T. Chen,WIR-1014,Wire & Cable,12,313.51,430.78,411.72,4940.64,VERBAL
INV-50462,2026-08-24,C1077,Manassas Heating & Air,C,T. Chen,LIG-1010,Lighting,12,87.43,125.52,125.89,1510.68,
INV-50463,2026-08-15,C1001,Blue Ridge Building Services,A,M. Dunn,WIR-1004,Wire & Cable,10,134.3,151.63,151.14,1511.4,
INV-50463,2026-08-15,C1001,Blue Ridge Building Services,A,M. Dunn,LIG-1035,Lighting,5,45.87,60.61,60.91,304.55,
INV-50464,2026-07-31,C1063,Lorton HVAC Services,C,D. Brooks,HVA-1010,HVAC Equipment,1,1378.41,1748.24,1734.85,1734.85,
INV-50464,2026-07-31,C1063,Lorton HVAC Services,C,D. Brooks,HVA-1011,HVAC Equipment,6,620.35,806.71,806.83,4840.98,
INV-50464,2026-07-31,C1063,Lorton HVAC Services,C,D. Brooks,BRE-1018,Breakers & Panels,2,111.4,152.65,138.31,276.62,
INV-50465,2026-06-30,C1006,Blue Ridge Heating & Air,A,M. Dunn,LIG-1006,Lighting,3,17.96,23.46,23.68,71.04,
INV-50465,2026-06-30,C1006,Blue Ridge Heating & Air,A,M. Dunn,HVA-1015,HVAC Parts,2,173.58,204.49,205.28,410.56,
INV-50465,2026-06-30,C1006,Blue Ridge Heating & Air,A,M. Dunn,HVA-1007,HVAC Equipment,2,1114.79,1246.31,1236.93,2473.86,
INV-50465,2026-06-30,C1006,Blue Ridge Heating & Air,A,M. Dunn,CON-1008,Conduit & Fittings,77,3.76,4.66,4.67,359.59,
INV-50466,2026-09-11,C1010,Bull Run Electric,A,K. Foster,HVA-1025,HVAC Equipment,1,435.7,474.42,477.8,477.8,
INV-50466,2026-09-11,C1010,Bull Run Electric,A,K. Foster,HVA-1001,HVAC Parts,2,24.8,29.06,28.93,57.86,
INV-50466,2026-09-11,C1010,Bull Run Electric,A,K. Foster,WIR-1014,Wire & Cable,3,313.51,362.76,365.42,1096.26,
INV-50467,2026-07-15,C1097,Potomac HVAC Services,C,T. Chen,WIR-1035,Wire & Cable,11,83.22,115.8,116.41,1280.51,
INV-50467,2026-07-15,C1097,Potomac HVAC Services,C,T. Chen,LIG-1011,Lighting,4,19.03,29.38,29.2,116.8,
INV-50467,2026-07-15,C1097,Potomac HVAC Services,C,T. Chen,HVA-1033,HVAC Equipment,1,1194.8,1527.27,1517.44,1517.44,
INV-50467,2026-07-15,C1097,Potomac HVAC Services,C,T. Chen,WIR-1020,Wire & Cable,5,212.93,286.06,286.8,1434.0,
INV-50468,2026-08-08,C1032,Cardinal Energy Group,B,T. Chen,LIG-1008,Lighting,5,37.77,49.28,48.89,244.45,
INV-50468,2026-08-08,C1032,Cardinal Energy Group,B,T. Chen,LIG-1022,Lighting,5,13.9,18.6,18.53,92.65,
INV-50468,2026-08-08,C1032,Cardinal Energy Group,B,T. Chen,HVA-1032,HVAC Equipment,4,850.39,1010.49,1007.43,4029.72,
INV-50468,2026-08-08,C1032,Cardinal Energy Group,B,T. Chen,WIR-1028,Wire & Cable,2,76.0,97.66,97.02,194.04,
INV-50468,2026-08-08,C1032,Cardinal Energy Group,B,T. Chen,WIR-1010,Wire & Cable,8,416.68,509.46,509.42,4075.36,
INV-50469,2026-08-26,C1034,Cardinal Power Systems,B,K. Foster,LIG-1024,Lighting,9,41.61,56.47,56.1,504.9,
INV-50469,2026-08-26,C1034,Cardinal Power Systems,B,K. Foster,HVA-1033,HVAC Equipment,1,1194.8,1414.73,1411.76,1411.76,
INV-50469,2026-08-26,C1034,Cardinal Power Systems,B,K. Foster,HVA-1029,HVAC Parts,4,7.05,10.01,9.98,39.92,
INV-50470,2026-07-21,C1014,Bull Run Heating & Air,A,S. Evans,WIR-1025,Wire & Cable,22,108.67,125.11,117.87,2593.14,
INV-50470,2026-07-21,C1014,Bull Run Heating & Air,A,S. Evans,CON-1002,Conduit & Fittings,6,2.46,3.24,3.26,19.56,
INV-50470,2026-07-21,C1014,Bull Run Heating & Air,A,S. Evans,LIG-1023,Lighting,16,160.88,209.87,211.78,3388.48,
INV-50470,2026-07-21,C1014,Bull Run Heating & Air,A,S. Evans,CON-1018,Conduit & Fittings,22,4.8,6.39,6.37,140.14,
INV-50471,2026-08-23,C1076,Manassas HVAC Services,C,S. Evans,LIG-1003,Lighting,1,183.14,285.01,286.35,286.35,
INV-50471,2026-08-23,C1076,Manassas HVAC Services,C,S. Evans,HVA-1015,HVAC Equipment,5,646.24,803.5,798.78,3993.9,
INV-50471,2026-08-23,C1076,Manassas HVAC Services,C,S. Evans,WIR-1035,Wire & Cable,2,83.22,115.8,115.81,231.62,
INV-50471,2026-08-23,C1076,Manassas HVAC Services,C,S. Evans,BRE-1035,Breakers & Panels,1,97.51,141.22,140.09,140.09,
INV-50471,2026-08-23,C1076,Manassas HVAC Services,C,S. Evans,LIG-1026,Lighting,7,15.8,23.36,23.32,163.24,
INV-50472,2026-07-23,C1040,Chantilly Heating & Air,B,K. Foster,BRE-1007,Breakers & Panels,9,24.67,34.58,34.77,312.93,
INV-50472,2026-07-23,C1040,Chantilly Heating & Air,B,K. Foster,WIR-1009,Wire & Cable,5,329.33,431.75,430.95,2154.75,
INV-50472,2026-07-23,C1040,Chantilly Heating & Air,B,K. Foster,BRE-1015,Breakers & Panels,6,93.54,125.32,125.36,752.16,
INV-50472,2026-07-23,C1040,Chantilly Heating & Air,B,K. Foster,WIR-1024,Wire & Cable,9,274.36,350.42,353.57,3182.13,
INV-50473,2026-08-06,C1032,Cardinal Energy Group,B,T. Chen,BRE-1006,Breakers & Panels,3,18.77,25.36,25.23,75.69,
INV-50473,2026-08-06,C1032,Cardinal Energy Group,B,T. Chen,BRE-1034,Breakers & Panels,5,68.77,93.74,93.08,465.4,
INV-50473,2026-08-06,C1032,Cardinal Energy Group,B,T. Chen,HVA-1022,HVAC Parts,14,133.45,180.97,182.42,2553.88,
INV-50473,2026-08-06,C1032,Cardinal Energy Group,B,T. Chen,BRE-1004,Breakers & Panels,1,156.83,205.3,205.74,205.74,
INV-50473,2026-08-06,C1032,Cardinal Energy Group,B,T. Chen,HVA-1019,HVAC Parts,5,165.59,225.39,224.08,1120.4,
INV-50474,2026-09-08,C1019,Burke Electrical Co.,B,K. Foster,HVA-1026,HVAC Equipment,1,478.34,588.01,591.21,591.21,
INV-50474,2026-09-08,C1019,Burke Electrical Co.,B,K. Foster,WIR-1006,Wire & Cable,7,223.99,270.22,271.33,1899.31,
INV-50474,2026-09-08,C1019,Burke Electrical Co.,B,K. Foster,CON-1015,Conduit & Fittings,42,2.29,3.06,3.04,127.68,
INV-50475,2026-08-31,C1005,Blue Ridge Energy Group,A,M. Dunn,HVA-1013,HVAC Parts,6,12.39,14.87,14.81,88.86,
INV-50475,2026-08-31,C1005,Blue Ridge Energy Group,A,M. Dunn,CON-1015,Conduit & Fittings,4,2.29,2.78,2.78,11.12,
INV-50476,2026-07-16,C1091,Old Dominion Mechanical,C,D. Brooks,BRE-1025,Breakers & Panels,19,164.87,231.79,230.8,4385.2,
INV-50476,2026-07-16,C1091,Old Dominion Mechanical,C,D. Brooks,BRE-1002,Breakers & Panels,6,117.95,172.57,162.89,977.34,
INV-50476,2026-07-16,C1091,Old Dominion Mechanical,C,D. Brooks,WIR-1024,Wire & Cable,3,274.36,378.3,380.81,1142.43,
INV-50477,2026-09-03,C1105,Reston Heating & Air,C,K. Foster,HVA-1028,HVAC Equipment,2,685.83,878.65,883.74,1767.48,
INV-50477,2026-09-03,C1105,Reston Heating & Air,C,K. Foster,WIR-1035,Wire & Cable,1,83.22,115.8,116.26,116.26,
INV-50477,2026-09-03,C1105,Reston Heating & Air,C,K. Foster,LIG-1013,Lighting,2,9.5,13.96,13.86,27.72,
INV-50477,2026-09-03,C1105,Reston Heating & Air,C,K. Foster,LIG-1025,Lighting,1,11.2,16.83,16.71,16.71,
INV-50478,2026-07-09,C1018,Burke Electric,B,S. Evans,WIR-1007,Wire & Cable,17,157.76,197.99,185.15,3147.55,
INV-50478,2026-07-09,C1018,Burke Electric,B,S. Evans,BRE-1009,Breakers & Panels,5,29.59,39.28,39.02,195.1,
INV-50478,2026-07-09,C1018,Burke Electric,B,S. Evans,CON-1006,Conduit & Fittings,8,6.73,9.5,9.43,75.44,
INV-50479,2026-07-20,C1049,Dulles Heating & Air,B,K. Foster,LIG-1027,Lighting,7,15.54,21.38,21.19,148.33,
INV-50479,2026-07-20,C1049,Dulles Heating & Air,B,K. Foster,WIR-1016,Wire & Cable,8,87.34,107.19,107.09,856.72,
INV-50479,2026-07-20,C1049,Dulles Heating & Air,B,K. Foster,LIG-1015,Lighting,13,64.96,91.19,90.69,1178.97,
INV-50479,2026-07-20,C1049,Dulles Heating & Air,B,K. Foster,LIG-1024,Lighting,12,41.61,56.47,57.03,684.36,
INV-50479,2026-07-20,C1049,Dulles Heating & Air,B,K. Foster,CON-1000,Conduit & Fittings,1,23.85,32.38,32.51,32.51,
INV-50479,2026-07-20,C1049,Dulles Heating & Air,B,K. Foster,BRE-1020,Breakers & Panels,1,33.52,45.36,45.74,45.74,
INV-50480,2026-09-15,C1010,Bull Run Electric,A,K. Foster,CON-1030,Conduit & Fittings,6,42.26,56.18,55.89,335.34,
INV-50480,2026-09-15,C1010,Bull Run Electric,A,K. Foster,LIG-1023,Lighting,4,160.88,209.87,208.08,832.32,
INV-50481,2026-07-22,C1006,Blue Ridge Heating & Air,A,M. Dunn,CON-1027,Conduit & Fittings,9,53.89,70.66,70.73,636.57,
INV-50481,2026-07-22,C1006,Blue Ridge Heating & Air,A,M. Dunn,HVA-1019,HVAC Equipment,2,1148.15,1237.5,1243.65,2487.3,
INV-50481,2026-07-22,C1006,Blue Ridge Heating & Air,A,M. Dunn,BRE-1006,Breakers & Panels,1,18.77,23.06,23.05,23.05,
INV-50482,2026-08-10,C1010,Bull Run Electric,A,K. Foster,CON-1007,Conduit & Fittings,4,3.77,4.62,4.61,18.44,
INV-50482,2026-08-10,C1010,Bull Run Electric,A,K. Foster,CON-1003,Conduit & Fittings,14,2.25,3.01,3.0,42.0,
INV-50482,2026-08-10,C1010,Bull Run Electric,A,K. Foster,CON-1031,Conduit & Fittings,91,2.97,3.65,3.62,329.42,
INV-50482,2026-08-10,C1010,Bull Run Electric,A,K. Foster,WIR-1014,Wire & Cable,6,313.51,362.76,366.3,2197.8,
INV-50482,2026-08-10,C1010,Bull Run Electric,A,K. Foster,CON-1013,Conduit & Fittings,11,25.39,31.43,31.72,348.92,
INV-50483,2026-07-13,C1087,Occoquan Power Systems,C,K. Foster,CON-1011,Conduit & Fittings,6,4.24,6.39,6.44,38.64,
INV-50483,2026-07-13,C1087,Occoquan Power Systems,C,K. Foster,HVA-1031,HVAC Equipment,1,1021.28,1344.01,1332.53,1332.53,
INV-50483,2026-07-13,C1087,Occoquan Power Systems,C,K. Foster,WIR-1023,Wire & Cable,10,47.27,64.26,64.12,641.2,
INV-50484,2026-07-16,C1039,Chantilly HVAC Services,B,R. Alvarez,HVA-1026,HVAC Equipment,1,478.34,588.01,583.75,583.75,
INV-50484,2026-07-16,C1039,Chantilly HVAC Services,B,R. Alvarez,BRE-1007,Breakers & Panels,2,24.67,34.58,32.83,65.66,MGR
INV-50485,2026-09-11,C1067,Loudoun Energy Group,C,D. Brooks,HVA-1000,HVAC Parts,13,6.37,9.78,9.75,126.75,
INV-50485,2026-09-11,C1067,Loudoun Energy Group,C,D. Brooks,BRE-1014,Breakers & Panels,10,162.58,245.47,245.1,2451.0,
INV-50486,2026-08-04,C1082,Occoquan Building Services,C,D. Brooks,HVA-1021,HVAC Parts,18,221.97,331.33,330.66,5951.88,
INV-50486,2026-08-04,C1082,Occoquan Building Services,C,D. Brooks,LIG-1034,Lighting,24,44.13,63.04,63.35,1520.4,
INV-50486,2026-08-04,C1082,Occoquan Building Services,C,D. Brooks,HVA-1025,HVAC Equipment,2,435.7,563.38,568.97,1137.94,
INV-50486,2026-08-04,C1082,Occoquan Building Services,C,D. Brooks,BRE-1035,Breakers & Panels,2,97.51,141.22,141.47,282.94,
INV-50487,2026-08-05,C1018,Burke Electric,B,S. Evans,CON-1011,Conduit & Fittings,56,4.24,5.92,5.9,330.4,
INV-50487,2026-08-05,C1018,Burke Electric,B,S. Evans,HVA-1008,HVAC Parts,12,23.36,30.69,30.73,368.76,
INV-50487,2026-08-05,C1018,Burke Electric,B,S. Evans,BRE-1027,Breakers & Panels,6,48.96,63.82,63.29,379.74,
INV-50487,2026-08-05,C1018,Burke Electric,B,S. Evans,CON-1016,Conduit & Fittings,12,2.76,3.96,3.95,47.4,
INV-50488,2026-07-14,C1103,Reston Energy Group,C,S. Evans,CON-1018,Conduit & Fittings,18,4.8,7.59,7.58,136.44,
INV-50488,2026-07-14,C1103,Reston Energy Group,C,S. Evans,CON-1033,Conduit & Fittings,11,3.42,5.03,5.02,55.22,
INV-50488,2026-07-14,C1103,Reston Energy Group,C,S. Evans,CON-1027,Conduit & Fittings,10,53.89,83.9,83.77,837.7,
INV-50488,2026-07-14,C1103,Reston Energy Group,C,S. Evans,LIG-1022,Lighting,10,13.9,20.08,20.16,201.6,
INV-50489,2026-08-08,C1007,Bull Run Building Services,A,M. Dunn,LIG-1028,Lighting,14,42.41,53.1,53.54,749.56,
INV-50489,2026-08-08,C1007,Bull Run Building Services,A,M. Dunn,BRE-1010,Breakers & Panels,23,41.23,47.63,47.4,1090.2,
INV-50489,2026-08-08,C1007,Bull Run Building Services,A,M. Dunn,CON-1022,Conduit & Fittings,36,3.57,4.46,4.45,160.2,
INV-50489,2026-08-08,C1007,Bull Run Building Services,A,M. Dunn,BRE-1004,Breakers & Panels,2,156.83,186.64,186.6,373.2,
INV-50490,2026-08-29,C1003,Blue Ridge Electric,A,D. Brooks,CON-1027,Conduit & Fittings,8,53.89,70.66,71.26,570.08,
INV-50490,2026-08-29,C1003,Blue Ridge Electric,A,D. Brooks,LIG-1026,Lighting,9,15.8,19.67,19.6,176.4,
INV-50490,2026-08-29,C1003,Blue Ridge Electric,A,D. Brooks,BRE-1028,Breakers & Panels,2,83.36,96.84,87.73,175.46,
INV-50490,2026-08-29,C1003,Blue Ridge Electric,A,D. Brooks,HVA-1025,HVAC Equipment,1,435.7,474.42,473.83,473.83,
INV-50491,2026-07-23,C1016,Burke Building Services,B,K. Foster,LIG-1033,Lighting,5,27.69,38.57,38.29,191.45,
INV-50491,2026-07-23,C1016,Burke Building Services,B,K. Foster,HVA-1029,HVAC Parts,3,7.05,10.01,10.01,30.03,
INV-50492,2026-09-09,C1007,Bull Run Building Services,A,M. Dunn,CON-1014,Conduit & Fittings,12,6.03,7.99,8.02,96.24,
INV-50492,2026-09-09,C1007,Bull Run Building Services,A,M. Dunn,HVA-1032,HVAC Equipment,2,850.39,918.62,926.31,1852.62,
INV-50492,2026-09-09,C1007,Bull Run Building Services,A,M. Dunn,CON-1026,Conduit & Fittings,36,36.79,48.7,48.97,1762.92,
INV-50492,2026-09-09,C1007,Bull Run Building Services,A,M. Dunn,WIR-1020,Wire & Cable,7,212.93,240.9,239.09,1673.63,
INV-50492,2026-09-09,C1007,Bull Run Building Services,A,M. Dunn,WIR-1017,Wire & Cable,1,51.35,59.25,58.94,58.94,
INV-50492,2026-09-09,C1007,Bull Run Building Services,A,M. Dunn,WIR-1023,Wire & Cable,2,47.27,54.11,53.76,107.52,
INV-50493,2026-08-15,C1012,Bull Run Energy Group,A,D. Brooks,HVA-1018,HVAC Parts,9,116.07,143.82,144.36,1299.24,
INV-50493,2026-08-15,C1012,Bull Run Energy Group,A,D. Brooks,HVA-1015,HVAC Parts,5,173.58,204.49,206.51,1032.55,
INV-50493,2026-08-15,C1012,Bull Run Energy Group,A,D. Brooks,LIG-1023,Lighting,15,160.88,209.87,203.05,3045.75,MGR
INV-50493,2026-08-15,C1012,Bull Run Energy Group,A,D. Brooks,BRE-1021,Breakers & Panels,2,42.96,53.61,48.08,96.16,
INV-50493,2026-08-15,C1012,Bull Run Energy Group,A,D. Brooks,LIG-1002,Lighting,4,81.88,108.3,108.05,432.2,
INV-50493,2026-08-15,C1012,Bull Run Energy Group,A,D. Brooks,CON-1034,Conduit & Fittings,74,17.7,22.0,21.82,1614.68,
INV-50494,2026-07-28,C1009,Bull Run Contracting,A,M. Dunn,WIR-1033,Wire & Cable,5,54.3,63.73,63.39,316.95,
INV-50494,2026-07-28,C1009,Bull Run Contracting,A,M. Dunn,LIG-1033,Lighting,7,27.69,35.06,35.36,247.52,
INV-50494,2026-07-28,C1009,Bull Run Contracting,A,M. Dunn,WIR-1008,Wire & Cable,3,100.04,117.47,117.82,353.46,
INV-50495,2026-09-16,C1080,Mason Heating & Air,C,K. Foster,WIR-1018,Wire & Cable,4,47.93,67.87,67.95,271.8,
INV-50495,2026-09-16,C1080,Mason Heating & Air,C,K. Foster,WIR-1029,Wire & Cable,3,61.38,82.07,82.42,247.26,
INV-50495,2026-09-16,C1080,Mason Heating & Air,C,K. Foster,CON-1001,Conduit & Fittings,8,32.08,50.12,50.43,403.44,
INV-50495,2026-09-16,C1080,Mason Heating & Air,C,K. Foster,HVA-1022,HVAC Parts,10,133.45,195.37,193.74,1937.4,
INV-50496,2026-07-19,C1040,Chantilly Heating & Air,B,K. Foster,HVA-1035,HVAC Parts,8,33.23,43.77,43.61,348.88,
INV-50496,2026-07-19,C1040,Chantilly Heating & Air,B,K. Foster,HVA-1005,HVAC Parts,4,90.38,116.42,115.86,463.44,
INV-50497,2026-08-24,C1011,Bull Run Electrical Co.,A,D. Brooks,WIR-1004,Wire & Cable,11,134.3,151.63,143.94,1583.34,
INV-50497,2026-08-24,C1011,Bull Run Electrical Co.,A,D. Brooks,BRE-1003,Breakers & Panels,8,17.77,21.03,19.74,157.92,
INV-50498,2026-08-16,C1041,Chantilly Mechanical,B,S. Evans,HVA-1029,HVAC Equipment,1,706.2,863.89,856.72,856.72,
INV-50498,2026-08-16,C1041,Chantilly Mechanical,B,S. Evans,CON-1018,Conduit & Fittings,35,4.8,7.03,6.8,238.0,MGR
INV-50498,2026-08-16,C1041,Chantilly Mechanical,B,S. Evans,LIG-1015,Lighting,2,64.96,91.19,91.91,183.82,
INV-50498,2026-08-16,C1041,Chantilly Mechanical,B,S. Evans,BRE-1031,Breakers & Panels,3,33.11,42.91,42.49,127.47,
INV-50499,2026-07-03,C1011,Bull Run Electrical Co.,A,D. Brooks,HVA-1021,HVAC Equipment,2,2137.62,2253.05,2270.28,4540.56,
INV-50499,2026-07-03,C1011,Bull Run Electrical Co.,A,D. Brooks,HVA-1019,HVAC Equipment,2,1148.15,1237.5,1229.59,2459.18,
INV-50499,2026-07-03,C1011,Bull Run Electrical Co.,A,D. Brooks,CON-1022,Conduit & Fittings,37,3.57,4.46,4.42,163.54,
INV-50499,2026-07-03,C1011,Bull Run Electrical Co.,A,D. Brooks,LIG-1004,Lighting,4,64.29,78.95,78.35,313.4,
INV-50499,2026-07-03,C1011,Bull Run Electrical Co.,A,D. Brooks,WIR-1004,Wire & Cable,4,134.3,151.63,152.61,610.44,
INV-50500,2026-08-30,C1037,Chantilly Electrical Co.,B,D. Brooks,CON-1034,Conduit & Fittings,22,17.7,24.2,23.97,527.34,
INV-50500,2026-08-30,C1037,Chantilly Electrical Co.,B,D. Brooks,HVA-1005,HVAC Parts,14,90.38,116.42,110.99,1553.86,MGR
INV-50500,2026-08-30,C1037,Chantilly Electrical Co.,B,D. Brooks,LIG-1021,Lighting,26,183.41,262.94,264.44,6875.44,
INV-50501,2026-09-26,C1009,Bull Run Contracting,A,M. Dunn,CON-1021,Conduit & Fittings,14,8.73,11.74,11.8,165.2,
INV-50501,2026-09-26,C1009,Bull Run Contracting,A,M. Dunn,BRE-1013,Breakers & Panels,3,205.1,259.53,258.34,775.02,
INV-50501,2026-09-26,C1009,Bull Run Contracting,A,M. Dunn,HVA-1020,HVAC Equipment,3,953.96,997.79,1005.03,3015.09,
INV-50502,2026-08-21,C1107,Reston Power Systems,C,T. Chen,HVA-1020,HVAC Parts,6,6.84,10.52,10.03,60.18,MGR
INV-50502,2026-08-21,C1107,Reston Power Systems,C,T. Chen,HVA-1010,HVAC Equipment,2,1378.41,1748.24,1756.15,3512.3,
INV-50502,2026-08-21,C1107,Reston Power Systems,C,T. Chen,LIG-1018,Lighting,5,40.2,59.82,60.36,301.8,
INV-50503,2026-07-15,C1015,Bull Run Power Systems,A,R. Alvarez,BRE-1007,Breakers & Panels,6,24.67,31.43,31.47,188.82,
INV-50503,2026-07-15,C1015,Bull Run Power Systems,A,R. Alvarez,HVA-1023,HVAC Parts,5,188.12,243.52,241.67,1208.35,
INV-50503,2026-07-15,C1015,Bull Run Power Systems,A,R. Alvarez,BRE-1024,Breakers & Panels,2,23.6,27.53,27.5,55.0,
INV-50504,2026-09-09,C1006,Blue Ridge Heating & Air,A,M. Dunn,WIR-1031,Wire & Cable,10,333.43,388.52,389.8,3898.0,
INV-50504,2026-09-09,C1006,Blue Ridge Heating & Air,A,M. Dunn,HVA-1033,HVAC Equipment,1,1194.8,1286.12,1286.95,1286.95,
INV-50505,2026-07-07,C1001,Blue Ridge Building Services,A,M. Dunn,HVA-1033,HVAC Parts,1,37.29,43.79,43.85,43.85,
INV-50505,2026-07-07,C1001,Blue Ridge Building Services,A,M. Dunn,HVA-1002,HVAC Equipment,6,1734.3,1847.29,1742.21,10453.26,MGR
INV-50505,2026-07-07,C1001,Blue Ridge Building Services,A,M. Dunn,BRE-1023,Breakers & Panels,12,34.02,39.36,39.63,475.56,
INV-50506,2026-07-07,C1055,Leesburg Contracting,C,D. Brooks,CON-1013,Conduit & Fittings,62,25.39,37.33,37.24,2308.88,
INV-50506,2026-07-07,C1055,Leesburg Contracting,C,D. Brooks,CON-1022,Conduit & Fittings,8,3.57,5.29,5.32,42.56,
INV-50506,2026-07-07,C1055,Leesburg Contracting,C,D. Brooks,HVA-1019,HVAC Equipment,1,1148.15,1469.54,1459.5,1459.5,
INV-50506,2026-07-07,C1055,Leesburg Contracting,C,D. Brooks,LIG-1031,Lighting,7,46.98,72.51,73.22,512.54,
INV-50507,2026-07-27,C1003,Blue Ridge Electric,A,D. Brooks,HVA-1017,HVAC Equipment,1,2240.25,2432.9,2450.88,2450.88,
INV-50507,2026-07-27,C1003,Blue Ridge Electric,A,D. Brooks,WIR-1000,Wire & Cable,27,216.1,243.5,242.98,6560.46,
INV-50507,2026-07-27,C1003,Blue Ridge Electric,A,D. Brooks,LIG-1000,Lighting,6,11.27,13.74,13.85,83.1,
INV-50507,2026-07-27,C1003,Blue Ridge Electric,A,D. Brooks,WIR-1035,Wire & Cable,12,83.22,97.51,89.92,1079.04,
INV-50508,2026-07-30,C1010,Bull Run Electric,A,K. Foster,WIR-1034,Wire & Cable,8,60.49,70.27,70.89,567.12,
INV-50508,2026-07-30,C1010,Bull Run Electric,A,K. Foster,LIG-1005,Lighting,4,24.04,30.42,30.26,121.04,
INV-50508,2026-07-30,C1010,Bull Run Electric,A,K. Foster,CON-1002,Conduit & Fittings,45,2.46,3.24,3.23,145.35,
INV-50509,2026-08-01,C1064,Lorton Power Systems,C,S. Evans,LIG-1035,Lighting,6,45.87,71.97,72.66,435.96,
INV-50509,2026-08-01,C1064,Lorton Power Systems,C,S. Evans,CON-1019,Conduit & Fittings,11,3.49,5.15,4.8,52.8,VERBAL
INV-50509,2026-08-01,C1064,Lorton Power Systems,C,S. Evans,CON-1004,Conduit & Fittings,6,49.09,72.37,72.29,433.74,
INV-50510,2026-09-23,C1028,Capitol HVAC Services,B,S. Evans,HVA-1003,HVAC Parts,17,14.6,19.81,19.93,338.81,
INV-50510,2026-09-23,C1028,Capitol HVAC Services,B,S. Evans,BRE-1012,Breakers & Panels,7,33.82,45.94,43.4,303.8,
INV-50510,2026-09-23,C1028,Capitol HVAC Services,B,S. Evans,HVA-1008,HVAC Equipment,1,913.36,1094.51,1085.12,1085.12,
INV-50510,2026-09-23,C1028,Capitol HVAC Services,B,S. Evans,HVA-1005,HVAC Parts,4,90.38,116.42,115.32,461.28,
INV-50511,2026-09-12,C1011,Bull Run Electrical Co.,A,D. Brooks,CON-1006,Conduit & Fittings,4,6.73,8.64,8.61,34.44,
INV-50511,2026-09-12,C1011,Bull Run Electrical Co.,A,D. Brooks,BRE-1018,Breakers & Panels,3,111.4,128.54,127.43,382.29,
INV-50511,2026-09-12,C1011,Bull Run Electrical Co.,A,D. Brooks,LIG-1026,Lighting,4,15.8,19.67,19.57,78.28,
INV-50512,2026-09-13,C1079,Mason Energy Group,C,D. Brooks,BRE-1013,Breakers & Panels,13,205.1,308.19,277.95,3613.35,
INV-50512,2026-09-13,C1079,Mason Energy Group,C,D. Brooks,HVA-1021,HVAC Equipment,1,2137.62,2675.49,2651.24,2651.24,
INV-50512,2026-09-13,C1079,Mason Energy Group,C,D. Brooks,HVA-1004,HVAC Parts,2,16.08,23.33,23.51,47.02,
INV-50512,2026-09-13,C1079,Mason Energy Group,C,D. Brooks,LIG-1012,Lighting,11,28.4,40.86,41.21,453.31,
INV-50512,2026-09-13,C1079,Mason Energy Group,C,D. Brooks,HVA-1025,HVAC Equipment,1,435.7,563.38,558.25,558.25,
INV-50513,2026-09-14,C1037,Chantilly Electrical Co.,B,D. Brooks,LIG-1022,Lighting,16,13.9,18.6,18.63,298.08,
INV-50513,2026-09-14,C1037,Chantilly Electrical Co.,B,D. Brooks,LIG-1024,Lighting,6,41.61,56.47,54.77,328.62,MGR
INV-50513,2026-09-14,C1037,Chantilly Electrical Co.,B,D. Brooks,CON-1033,Conduit & Fittings,26,3.42,4.66,4.68,121.68,
INV-50514,2026-08-08,C1005,Blue Ridge Energy Group,A,M. Dunn,LIG-1002,Lighting,4,81.88,108.3,109.0,436.0,
INV-50514,2026-08-08,C1005,Blue Ridge Energy Group,A,M. Dunn,HVA-1017,HVAC Equipment,1,2240.25,2432.9,2451.36,2451.36,
INV-50514,2026-08-08,C1005,Blue Ridge Energy Group,A,M. Dunn,HVA-1015,HVAC Parts,18,173.58,204.49,205.47,3698.46,
INV-50514,2026-08-08,C1005,Blue Ridge Energy Group,A,M. Dunn,WIR-1005,Wire & Cable,15,392.51,436.93,413.54,6203.1,MGR
INV-50514,2026-08-08,C1005,Blue Ridge Energy Group,A,M. Dunn,HVA-1035,HVAC Equipment,1,1183.06,1277.44,1277.19,1277.19,
INV-50515,2026-09-16,C1118,Shenandoah Heating & Air,C,R. Alvarez,HVA-1030,HVAC Parts,10,7.81,11.67,11.78,117.8,
INV-50515,2026-09-16,C1118,Shenandoah Heating & Air,C,R. Alvarez,HVA-1024,HVAC Parts,5,167.27,257.43,258.93,1294.65,
INV-50515,2026-09-16,C1118,Shenandoah Heating & Air,C,R. Alvarez,BRE-1025,Breakers & Panels,3,164.87,231.79,229.76,689.28,
INV-50515,2026-09-16,C1118,Shenandoah Heating & Air,C,R. Alvarez,WIR-1021,Wire & Cable,3,162.13,222.85,223.87,671.61,
INV-50516,2026-07-14,C1013,Bull Run HVAC Services,A,D. Brooks,CON-1000,Conduit & Fittings,11,23.85,29.44,29.64,326.04,
INV-50516,2026-07-14,C1013,Bull Run HVAC Services,A,D. Brooks,WIR-1025,Wire & Cable,12,108.67,125.11,117.59,1411.08,
INV-50517,2026-08-30,C1017,Burke Contracting,B,K. Foster,HVA-1034,HVAC Equipment,1,1666.74,1994.46,2002.35,2002.35,
INV-50517,2026-08-30,C1017,Burke Contracting,B,K. Foster,CON-1006,Conduit & Fittings,3,6.73,9.5,9.56,28.68,
INV-50517,2026-08-30,C1017,Burke Contracting,B,K. Foster,WIR-1008,Wire & Cable,12,100.04,129.22,128.62,1543.44,
INV-50518,2026-07-09,C1012,Bull Run Energy Group,A,D. Brooks,HVA-1022,HVAC Equipment,1,465.16,488.86,489.73,489.73,
INV-50518,2026-07-09,C1012,Bull Run Energy Group,A,D. Brooks,LIG-1017,Lighting,13,36.9,44.1,44.03,572.39,
INV-50518,2026-07-09,C1012,Bull Run Energy Group,A,D. Brooks,HVA-1017,HVAC Parts,17,13.44,17.18,17.08,290.36,
INV-50518,2026-07-09,C1012,Bull Run Energy Group,A,D. Brooks,LIG-1017,Lighting,12,36.9,44.1,44.0,528.0,
INV-50518,2026-07-09,C1012,Bull Run Energy Group,A,D. Brooks,WIR-1003,Wire & Cable,3,52.37,58.81,52.66,157.98,
INV-50519,2026-08-31,C1003,Blue Ridge Electric,A,D. Brooks,HVA-1003,HVAC Parts,3,14.6,18.01,18.07,54.21,
INV-50519,2026-08-31,C1003,Blue Ridge Electric,A,D. Brooks,WIR-1018,Wire & Cable,1,47.93,57.15,52.7,52.7,
INV-50519,2026-08-31,C1003,Blue Ridge Electric,A,D. Brooks,HVA-1009,HVAC Parts,2,7.94,9.44,9.52,19.04,
INV-50520,2026-07-17,C1008,Bull Run Comfort Systems,A,D. Brooks,HVA-1009,HVAC Parts,2,7.94,9.44,9.41,18.82,
INV-50520,2026-07-17,C1008,Bull Run Comfort Systems,A,D. Brooks,LIG-1024,Lighting,1,41.61,51.34,51.05,51.05,
INV-50520,2026-07-17,C1008,Bull Run Comfort Systems,A,D. Brooks,LIG-1002,Lighting,1,81.88,108.3,108.8,108.8,
INV-50521,2026-09-21,C1041,Chantilly Mechanical,B,S. Evans,BRE-1030,Breakers & Panels,6,12.43,15.91,15.76,94.56,
INV-50521,2026-09-21,C1041,Chantilly Mechanical,B,S. Evans,BRE-1029,Breakers & Panels,9,100.96,135.16,134.12,1207.08,
INV-50521,2026-09-21,C1041,Chantilly Mechanical,B,S. Evans,CON-1013,Conduit & Fittings,16,25.39,34.58,34.53,552.48,
INV-50521,2026-09-21,C1041,Chantilly Mechanical,B,S. Evans,WIR-1002,Wire & Cable,5,152.66,196.76,175.73,878.65,
INV-50522,2026-07-15,C1041,Chantilly Mechanical,B,S. Evans,HVA-1018,HVAC Parts,7,116.07,158.21,159.05,1113.35,
INV-50522,2026-07-15,C1041,Chantilly Mechanical,B,S. Evans,HVA-1031,HVAC Equipment,2,1021.28,1244.98,1256.63,2513.26,
INV-50522,2026-07-15,C1041,Chantilly Mechanical,B,S. Evans,BRE-1003,Breakers & Panels,4,17.77,23.14,23.1,92.4,
INV-50523,2026-07-09,C1056,Leesburg Electric,C,K. Foster,BRE-1004,Breakers & Panels,4,156.83,221.63,222.36,889.44,
INV-50523,2026-07-09,C1056,Leesburg Electric,C,K. Foster,LIG-1008,Lighting,7,37.77,53.2,53.43,374.01,
INV-50523,2026-07-09,C1056,Leesburg Electric,C,K. Foster,CON-1019,Conduit & Fittings,17,3.49,5.15,5.14,87.38,
INV-50523,2026-07-09,C1056,Leesburg Electric,C,K. Foster,WIR-1007,Wire & Cable,3,157.76,213.74,212.89,638.67,
INV-50524,2026-07-06,C1001,Blue Ridge Building Services,A,M. Dunn,HVA-1034,HVAC Parts,5,21.98,27.16,27.25,136.25,
INV-50524,2026-07-06,C1001,Blue Ridge Building Services,A,M. Dunn,BRE-1035,Breakers & Panels,7,97.51,118.92,118.96,832.72,
INV-50524,2026-07-06,C1001,Blue Ridge Building Services,A,M. Dunn,HVA-1024,HVAC Equipment,1,2463.08,2710.2,2732.24,2732.24,
INV-50525,2026-08-26,C1027,Capitol Electrical Co.,B,T. Chen,WIR-1028,Wire & Cable,25,76.0,97.66,98.2,2455.0,
INV-50525,2026-08-26,C1027,Capitol Electrical Co.,B,T. Chen,LIG-1028,Lighting,19,42.41,58.41,57.87,1099.53,
INV-50525,2026-08-26,C1027,Capitol Electrical Co.,B,T. Chen,BRE-1007,Breakers & Panels,15,24.67,34.58,34.58,518.7,
INV-50526,2026-09-05,C1035,Chantilly Contracting,B,S. Evans,LIG-1035,Lighting,25,45.87,66.67,66.35,1658.75,
INV-50526,2026-09-05,C1035,Chantilly Contracting,B,S. Evans,BRE-1022,Breakers & Panels,3,51.87,72.05,71.53,214.59,
INV-50526,2026-09-05,C1035,Chantilly Contracting,B,S. Evans,CON-1026,Conduit & Fittings,3,36.79,53.57,53.91,161.73,
INV-50526,2026-09-05,C1035,Chantilly Contracting,B,S. Evans,HVA-1005,HVAC Parts,13,90.38,116.42,116.43,1513.59,
INV-50527,2026-07-20,C1057,Leesburg Energy Group,C,S. Evans,BRE-1015,Breakers & Panels,6,93.54,135.29,134.69,808.14,
INV-50527,2026-07-20,C1057,Leesburg Energy Group,C,S. Evans,LIG-1026,Lighting,9,15.8,23.36,23.25,209.25,
INV-50527,2026-07-20,C1057,Leesburg Energy Group,C,S. Evans,CON-1001,Conduit & Fittings,19,32.08,50.12,50.38,957.22,
INV-50528,2026-08-17,C1014,Bull Run Heating & Air,A,S. Evans,WIR-1014,Wire & Cable,11,313.51,362.76,336.34,3699.74,
INV-50528,2026-08-17,C1014,Bull Run Heating & Air,A,S. Evans,CON-1016,Conduit & Fittings,30,2.76,3.6,3.58,107.4,
INV-50528,2026-08-17,C1014,Bull Run Heating & Air,A,S. Evans,WIR-1010,Wire & Cable,3,416.68,463.14,423.09,1269.27,
INV-50528,2026-08-17,C1014,Bull Run Heating & Air,A,S. Evans,HVA-1003,HVAC Equipment,1,767.04,801.61,801.32,801.32,
INV-50528,2026-08-17,C1014,Bull Run Heating & Air,A,S. Evans,LIG-1009,Lighting,9,103.74,126.18,126.43,1137.87,
INV-50528,2026-08-17,C1014,Bull Run Heating & Air,A,S. Evans,BRE-1009,Breakers & Panels,13,29.59,35.71,33.0,429.0,
INV-50529,2026-08-06,C1034,Cardinal Power Systems,B,K. Foster,BRE-1032,Breakers & Panels,10,49.92,67.29,67.82,678.2,
INV-50529,2026-08-06,C1034,Cardinal Power Systems,B,K. Foster,HVA-1016,HVAC Parts,6,11.14,15.78,15.81,94.86,
INV-50529,2026-08-06,C1034,Cardinal Power Systems,B,K. Foster,BRE-1014,Breakers & Panels,7,162.58,227.38,225.96,1581.72,
INV-50529,2026-08-06,C1034,Cardinal Power Systems,B,K. Foster,HVA-1006,HVAC Equipment,1,495.45,601.59,603.77,603.77,
INV-50530,2026-09-17,C1076,Manassas HVAC Services,C,S. Evans,WIR-1012,Wire & Cable,4,133.61,176.25,164.49,657.96,VERBAL
INV-50530,2026-09-17,C1076,Manassas HVAC Services,C,S. Evans,LIG-1022,Lighting,27,13.9,20.08,20.19,545.13,
INV-50530,2026-09-17,C1076,Manassas HVAC Services,C,S. Evans,BRE-1012,Breakers & Panels,14,33.82,49.6,49.76,696.64,
INV-50530,2026-09-17,C1076,Manassas HVAC Services,C,S. Evans,HVA-1020,HVAC Equipment,5,953.96,1184.88,1183.35,5916.75,
INV-50531,2026-08-16,C1002,Blue Ridge Comfort Systems,A,S. Evans,CON-1008,Conduit & Fittings,18,3.76,4.66,4.66,83.88,
INV-50531,2026-08-16,C1002,Blue Ridge Comfort Systems,A,S. Evans,WIR-1001,Wire & Cable,8,67.02,73.7,73.22,585.76,
INV-50531,2026-08-16,C1002,Blue Ridge Comfort Systems,A,S. Evans,HVA-1018,HVAC Equipment,1,798.66,872.34,864.09,864.09,
INV-50531,2026-08-16,C1002,Blue Ridge Comfort Systems,A,S. Evans,CON-1034,Conduit & Fittings,7,17.7,22.0,22.0,154.0,
INV-50532,2026-09-23,C1007,Bull Run Building Services,A,M. Dunn,LIG-1025,Lighting,5,11.2,14.18,14.04,70.2,
INV-50532,2026-09-23,C1007,Bull Run Building Services,A,M. Dunn,HVA-1019,HVAC Equipment,2,1148.15,1237.5,1243.07,2486.14,
INV-50532,2026-09-23,C1007,Bull Run Building Services,A,M. Dunn,LIG-1028,Lighting,3,42.41,53.1,52.95,158.85,
INV-50532,2026-09-23,C1007,Bull Run Building Services,A,M. Dunn,BRE-1012,Breakers & Panels,1,33.82,41.77,42.13,42.13,
INV-50533,2026-09-24,C1007,Bull Run Building Services,A,M. Dunn,LIG-1003,Lighting,5,183.14,240.01,241.28,1206.4,
INV-50533,2026-09-24,C1007,Bull Run Building Services,A,M. Dunn,HVA-1008,HVAC Parts,4,23.36,27.9,27.63,110.52,
INV-50534,2026-07-18,C1035,Chantilly Contracting,B,S. Evans,WIR-1011,Wire & Cable,7,126.22,154.44,146.45,1025.15,
INV-50534,2026-07-18,C1035,Chantilly Contracting,B,S. Evans,LIG-1018,Lighting,4,40.2,55.41,55.18,220.72,
INV-50534,2026-07-18,C1035,Chantilly Contracting,B,S. Evans,BRE-1027,Breakers & Panels,1,48.96,63.82,63.52,63.52,
INV-50534,2026-07-18,C1035,Chantilly Contracting,B,S. Evans,CON-1024,Conduit & Fittings,14,3.43,5.18,5.2,72.8,
INV-50534,2026-07-18,C1035,Chantilly Contracting,B,S. Evans,HVA-1008,HVAC Equipment,1,913.36,1094.51,1086.13,1086.13,
INV-50535,2026-07-24,C1079,Mason Energy Group,C,D. Brooks,LIG-1001,Lighting,4,30.22,43.32,43.43,173.72,
INV-50535,2026-07-24,C1079,Mason Energy Group,C,D. Brooks,CON-1002,Conduit & Fittings,16,2.46,3.85,3.85,61.6,
INV-50535,2026-07-24,C1079,Mason Energy Group,C,D. Brooks,HVA-1006,HVAC Parts,5,55.33,81.04,81.79,408.95,
INV-50535,2026-07-24,C1079,Mason Energy Group,C,D. Brooks,CON-1020,Conduit & Fittings,4,32.14,48.78,48.47,193.88,
INV-50536,2026-07-04,C1082,Occoquan Building Services,C,D. Brooks,LIG-1030,Lighting,4,127.4,188.87,190.76,763.04,
INV-50536,2026-07-04,C1082,Occoquan Building Services,C,D. Brooks,HVA-1029,HVAC Equipment,1,706.2,932.61,884.7,884.7,VERBAL
INV-50536,2026-07-04,C1082,Occoquan Building Services,C,D. Brooks,HVA-1008,HVAC Parts,1,23.36,33.13,33.06,33.06,
INV-50536,2026-07-04,C1082,Occoquan Building Services,C,D. Brooks,WIR-1007,Wire & Cable,9,157.76,213.74,213.14,1918.26,
INV-50536,2026-07-04,C1082,Occoquan Building Services,C,D. Brooks,HVA-1020,HVAC Equipment,1,953.96,1184.88,1191.23,1191.23,
INV-50537,2026-08-12,C1090,Old Dominion Electric,C,K. Foster,LIG-1019,Lighting,19,22.4,32.58,32.34,614.46,
INV-50537,2026-08-12,C1090,Old Dominion Electric,C,K. Foster,BRE-1032,Breakers & Panels,13,49.92,72.65,72.18,938.34,
INV-50537,2026-08-12,C1090,Old Dominion Electric,C,K. Foster,WIR-1004,Wire & Cable,13,134.3,180.06,173.07,2249.91,MGR
INV-50538,2026-09-25,C1094,Piedmont Mechanical,C,T. Chen,LIG-1016,Lighting,39,90.5,131.36,131.65,5134.35,
INV-50538,2026-09-25,C1094,Piedmont Mechanical,C,T. Chen,BRE-1016,Breakers & Panels,3,22.89,32.45,32.7,98.1,
INV-50538,2026-09-25,C1094,Piedmont Mechanical,C,T. Chen,CON-1025,Conduit & Fittings,4,8.4,12.75,12.72,50.88,
INV-50538,2026-09-25,C1094,Piedmont Mechanical,C,T. Chen,WIR-1002,Wire & Cable,13,152.66,212.41,214.32,2786.16,
INV-50539,2026-09-21,C1055,Leesburg Contracting,C,D. Brooks,HVA-1021,HVAC Equipment,1,2137.62,2675.49,2676.25,2676.25,
INV-50539,2026-09-21,C1055,Leesburg Contracting,C,D. Brooks,WIR-1020,Wire & Cable,4,212.93,286.06,258.75,1035.0,
INV-50540,2026-07-29,C1042,Chantilly Power Systems,B,T. Chen,HVA-1034,HVAC Parts,5,21.98,29.88,29.7,148.5,
INV-50540,2026-07-29,C1042,Chantilly Power Systems,B,T. Chen,LIG-1009,Lighting,5,103.74,138.8,130.22,651.1,MGR
INV-50540,2026-07-29,C1042,Chantilly Power Systems,B,T. Chen,BRE-1010,Breakers & Panels,6,41.23,52.4,51.94,311.64,
INV-50540,2026-07-29,C1042,Chantilly Power Systems,B,T. Chen,CON-1019,Conduit & Fittings,14,3.49,4.77,4.8,67.2,
INV-50541,2026-09-17,C1002,Blue Ridge Comfort Systems,A,S. Evans,BRE-1017,Breakers & Panels,2,33.16,42.02,42.4,84.8,
INV-50541,2026-09-17,C1002,Blue Ridge Comfort Systems,A,S. Evans,WIR-1016,Wire & Cable,8,87.34,97.45,87.78,702.24,
INV-50541,2026-09-17,C1002,Blue Ridge Comfort Systems,A,S. Evans,BRE-1026,Breakers & Panels,26,12.67,14.91,14.83,385.58,
INV-50541,2026-09-17,C1002,Blue Ridge Comfort Systems,A,S. Evans,HVA-1019,HVAC Equipment,1,1148.15,1237.5,1233.94,1233.94,
INV-50541,2026-09-17,C1002,Blue Ridge Comfort Systems,A,S. Evans,WIR-1010,Wire & Cable,6,416.68,463.14,460.18,2761.08,
INV-50542,2026-08-09,C1111,Ridgeline HVAC Services,C,M. Dunn,CON-1026,Conduit & Fittings,21,36.79,57.83,57.95,1216.95,
INV-50542,2026-08-09,C1111,Ridgeline HVAC Services,C,M. Dunn,BRE-1029,Breakers & Panels,5,100.96,145.91,145.02,725.1,
INV-50542,2026-08-09,C1111,Ridgeline HVAC Services,C,M. Dunn,CON-1028,Conduit & Fittings,18,8.95,14.51,14.4,259.2,
INV-50542,2026-08-09,C1111,Ridgeline HVAC Services,C,M. Dunn,LIG-1006,Lighting,23,17.96,27.86,27.92,642.16,
INV-50543,2026-09-08,C1010,Bull Run Electric,A,K. Foster,BRE-1003,Breakers & Panels,24,17.77,21.03,20.98,503.52,
INV-50543,2026-09-08,C1010,Bull Run Electric,A,K. Foster,BRE-1035,Breakers & Panels,5,97.51,118.92,118.03,590.15,
INV-50543,2026-09-08,C1010,Bull Run Electric,A,K. Foster,BRE-1018,Breakers & Panels,12,111.4,128.54,128.54,1542.48,
INV-50544,2026-08-03,C1001,Blue Ridge Building Services,A,M. Dunn,BRE-1016,Breakers & Panels,4,22.89,27.33,27.59,110.36,
INV-50544,2026-08-03,C1001,Blue Ridge Building Services,A,M. Dunn,HVA-1013,HVAC Equipment,1,1860.42,2014.86,2029.56,2029.56,
INV-50544,2026-08-03,C1001,Blue Ridge Building Services,A,M. Dunn,HVA-1023,HVAC Equipment,2,1062.71,1129.42,1120.16,2240.32,
INV-50544,2026-08-03,C1001,Blue Ridge Building Services,A,M. Dunn,HVA-1026,HVAC Parts,2,7.14,8.42,8.4,16.8,
INV-50545,2026-07-19,C1100,Reston Contracting,C,K. Foster,BRE-1005,Breakers & Panels,9,159.52,228.3,228.58,2057.22,
INV-50545,2026-07-19,C1100,Reston Contracting,C,K. Foster,LIG-1013,Lighting,4,9.5,13.96,13.85,55.4,
INV-50545,2026-07-19,C1100,Reston Contracting,C,K. Foster,HVA-1008,HVAC Parts,1,23.36,33.13,32.87,32.87,
INV-50545,2026-07-19,C1100,Reston Contracting,C,K. Foster,WIR-1030,Wire & Cable,3,123.15,164.76,165.9,497.7,
INV-50545,2026-07-19,C1100,Reston Contracting,C,K. Foster,LIG-1016,Lighting,15,90.5,131.36,131.26,1968.9,
INV-50545,2026-07-19,C1100,Reston Contracting,C,K. Foster,WIR-1015,Wire & Cable,11,35.17,47.22,47.38,521.18,
INV-50546,2026-09-22,C1065,Loudoun Building Services,C,T. Chen,HVA-1013,HVAC Equipment,1,1860.42,2392.65,2373.0,2373.0,
INV-50546,2026-09-22,C1065,Loudoun Building Services,C,T. Chen,HVA-1018,HVAC Parts,2,116.07,170.79,172.35,344.7,
INV-50547,2026-09-06,C1013,Bull Run HVAC Services,A,D. Brooks,LIG-1021,Lighting,9,183.41,239.04,238.22,2143.98,
INV-50547,2026-09-06,C1013,Bull Run HVAC Services,A,D. Brooks,WIR-1004,Wire & Cable,7,134.3,151.63,150.26,1051.82,
INV-50547,2026-09-06,C1013,Bull Run HVAC Services,A,D. Brooks,HVA-1008,HVAC Equipment,2,913.36,995.01,1001.88,2003.76,
INV-50547,2026-09-06,C1013,Bull Run HVAC Services,A,D. Brooks,CON-1024,Conduit & Fittings,12,3.43,4.71,4.7,56.4,
INV-50548,2026-08-09,C1010,Bull Run Electric,A,K. Foster,HVA-1001,HVAC Equipment,1,1321.74,1471.69,1483.5,1483.5,
INV-50548,2026-08-09,C1010,Bull Run Electric,A,K. Foster,BRE-1008,Breakers & Panels,10,67.45,78.7,77.99,779.9,
INV-50548,2026-08-09,C1010,Bull Run Electric,A,K. Foster,BRE-1023,Breakers & Panels,11,34.02,39.36,39.4,433.4,
INV-50548,2026-08-09,C1010,Bull Run Electric,A,K. Foster,BRE-1007,Breakers & Panels,11,24.67,31.43,31.17,342.87,
INV-50548,2026-08-09,C1010,Bull Run Electric,A,K. Foster,HVA-1010,HVAC Equipment,1,1378.41,1472.2,1483.34,1483.34,
INV-50549,2026-07-06,C1048,Dulles HVAC Services,B,R. Alvarez,HVA-1030,HVAC Equipment,1,1433.65,1692.99,1683.69,1683.69,
INV-50549,2026-07-06,C1048,Dulles HVAC Services,B,R. Alvarez,WIR-1021,Wire & Cable,5,162.13,206.43,205.7,1028.5,
INV-50549,2026-07-06,C1048,Dulles HVAC Services,B,R. Alvarez,LIG-1032,Lighting,19,22.45,32.7,32.85,624.15,
INV-50550,2026-09-14,C1076,Manassas HVAC Services,C,S. Evans,CON-1030,Conduit & Fittings,110,42.26,66.71,66.14,7275.4,
INV-50550,2026-09-14,C1076,Manassas HVAC Services,C,S. Evans,BRE-1011,Breakers & Panels,4,108.7,159.32,160.52,642.08,
INV-50550,2026-09-14,C1076,Manassas HVAC Services,C,S. Evans,HVA-1013,HVAC Equipment,3,1860.42,2392.65,2371.65,7114.95,
INV-50551,2026-07-01,C1092,Old Dominion Power Systems,C,R. Alvarez,WIR-1023,Wire & Cable,72,47.27,64.26,63.96,4605.12,
INV-50551,2026-07-01,C1092,Old Dominion Power Systems,C,R. Alvarez,WIR-1000,Wire & Cable,16,216.1,289.15,274.91,4398.56,VERBAL
INV-50551,2026-07-01,C1092,Old Dominion Power Systems,C,R. Alvarez,HVA-1015,HVAC Parts,15,173.58,242.83,241.02,3615.3,
INV-50551,2026-07-01,C1092,Old Dominion Power Systems,C,R. Alvarez,LIG-1011,Lighting,18,19.03,29.38,29.46,530.28,
INV-50552,2026-08-15,C1031,Cardinal Comfort Systems,B,T. Chen,HVA-1008,HVAC Parts,1,23.36,30.69,30.69,30.69,
INV-50552,2026-08-15,C1031,Cardinal Comfort Systems,B,T. Chen,WIR-1021,Wire & Cable,8,162.13,206.43,205.72,1645.76,
INV-50553,2026-09-03,C1049,Dulles Heating & Air,B,K. Foster,HVA-1020,HVAC Parts,13,6.84,9.74,9.74,126.62,
INV-50553,2026-09-03,C1049,Dulles Heating & Air,B,K. Foster,WIR-1028,Wire & Cable,21,76.0,97.66,90.9,1908.9,MGR
INV-50554,2026-09-06,C1038,Chantilly Energy Group,B,S. Evans,WIR-1005,Wire & Cable,13,392.51,480.62,483.15,6280.95,
INV-50554,2026-09-06,C1038,Chantilly Energy Group,B,S. Evans,WIR-1011,Wire & Cable,26,126.22,154.44,154.8,4024.8,
INV-50554,2026-09-06,C1038,Chantilly Energy Group,B,S. Evans,HVA-1027,HVAC Parts,7,66.45,87.88,87.81,614.67,
INV-50555,2026-09-01,C1015,Bull Run Power Systems,A,R. Alvarez,HVA-1002,HVAC Parts,11,33.4,39.58,39.29,432.19,
INV-50555,2026-09-01,C1015,Bull Run Power Systems,A,R. Alvarez,CON-1032,Conduit & Fittings,15,22.74,29.79,29.84,447.6,
INV-50555,2026-09-01,C1015,Bull Run Power Systems,A,R. Alvarez,BRE-1020,Breakers & Panels,9,33.52,41.24,41.19,370.71,
INV-50555,2026-09-01,C1015,Bull Run Power Systems,A,R. Alvarez,HVA-1019,HVAC Equipment,1,1148.15,1237.5,1228.22,1228.22,
INV-50556,2026-09-16,C1048,Dulles HVAC Services,B,R. Alvarez,WIR-1022,Wire & Cable,15,83.06,108.21,108.39,1625.85,
INV-50556,2026-09-16,C1048,Dulles HVAC Services,B,R. Alvarez,HVA-1025,HVAC Parts,5,66.1,94.27,93.89,469.45,
INV-50556,2026-09-16,C1048,Dulles HVAC Services,B,R. Alvarez,HVA-1015,HVAC Parts,7,173.58,224.94,226.6,1586.2,
INV-50556,2026-09-16,C1048,Dulles HVAC Services,B,R. Alvarez,HVA-1000,HVAC Equipment,2,402.96,495.6,497.04,994.08,
INV-50557,2026-07-21,C1081,Mason Power Systems,C,M. Dunn,HVA-1003,HVAC Equipment,1,767.04,951.91,956.91,956.91,
INV-50557,2026-07-21,C1081,Mason Power Systems,C,M. Dunn,HVA-1003,HVAC Equipment,1,767.04,951.91,954.62,954.62,
INV-50557,2026-07-21,C1081,Mason Power Systems,C,M. Dunn,HVA-1032,HVAC Parts,3,40.36,59.24,59.58,178.74,
INV-50557,2026-07-21,C1081,Mason Power Systems,C,M. Dunn,CON-1021,Conduit & Fittings,32,8.73,13.95,13.97,447.04,
INV-50557,2026-07-21,C1081,Mason Power Systems,C,M. Dunn,WIR-1034,Wire & Cable,7,60.49,83.45,84.03,588.21,
INV-50558,2026-06-30,C1015,Bull Run Power Systems,A,R. Alvarez,WIR-1029,Wire & Cable,2,61.38,69.11,68.53,137.06,
INV-50558,2026-06-30,C1015,Bull Run Power Systems,A,R. Alvarez,CON-1032,Conduit & Fittings,35,22.74,29.79,29.94,1047.9,
INV-50558,2026-06-30,C1015,Bull Run Power Systems,A,R. Alvarez,CON-1013,Conduit & Fittings,4,25.39,31.43,31.38,125.52,
INV-50559,2026-09-14,C1019,Burke Electrical Co.,B,K. Foster,CON-1031,Conduit & Fittings,33,2.97,4.01,4.0,132.0,
INV-50559,2026-09-14,C1019,Burke Electrical Co.,B,K. Foster,WIR-1027,Wire & Cable,17,43.54,54.71,54.35,923.95,
INV-50559,2026-09-14,C1019,Burke Electrical Co.,B,K. Foster,BRE-1032,Breakers & Panels,1,49.92,67.29,66.64,66.64,
INV-50559,2026-09-14,C1019,Burke Electrical Co.,B,K. Foster,CON-1009,Conduit & Fittings,11,17.71,25.11,24.94,274.34,
INV-50559,2026-09-14,C1019,Burke Electrical Co.,B,K. Foster,WIR-1030,Wire & Cable,8,123.15,152.62,152.8,1222.4,
INV-50560,2026-07-12,C1039,Chantilly HVAC Services,B,R. Alvarez,HVA-1034,HVAC Equipment,2,1666.74,1994.46,1977.13,3954.26,
INV-50560,2026-07-12,C1039,Chantilly HVAC Services,B,R. Alvarez,CON-1027,Conduit & Fittings,42,53.89,77.72,77.42,3251.64,
INV-50560,2026-07-12,C1039,Chantilly HVAC Services,B,R. Alvarez,CON-1001,Conduit & Fittings,8,32.08,46.43,46.32,370.56,
INV-50560,2026-07-12,C1039,Chantilly HVAC Services,B,R. Alvarez,LIG-1001,Lighting,5,30.22,40.13,40.42,202.1,
INV-50561,2026-09-20,C1037,Chantilly Electrical Co.,B,D. Brooks,BRE-1033,Breakers & Panels,8,20.29,26.53,26.28,210.24,
INV-50561,2026-09-20,C1037,Chantilly Electrical Co.,B,D. Brooks,BRE-1030,Breakers & Panels,4,12.43,15.91,16.03,64.12,
INV-50561,2026-09-20,C1037,Chantilly Electrical Co.,B,D. Brooks,HVA-1018,HVAC Parts,5,116.07,158.21,159.66,798.3,
INV-50561,2026-09-20,C1037,Chantilly Electrical Co.,B,D. Brooks,HVA-1004,HVAC Parts,18,16.08,21.61,21.48,386.64,
INV-50562,2026-07-03,C1049,Dulles Heating & Air,B,K. Foster,WIR-1010,Wire & Cable,1,416.68,509.46,508.36,508.36,
INV-50562,2026-07-03,C1049,Dulles Heating & Air,B,K. Foster,BRE-1023,Breakers & Panels,16,34.02,43.3,43.13,690.08,
INV-50562,2026-07-03,C1049,Dulles Heating & Air,B,K. Foster,HVA-1019,HVAC Parts,1,165.59,225.39,226.7,226.7,
INV-50562,2026-07-03,C1049,Dulles Heating & Air,B,K. Foster,LIG-1016,Lighting,3,90.5,121.68,122.15,366.45,
INV-50563,2026-08-21,C1095,Potomac Electric,C,S. Evans,CON-1018,Conduit & Fittings,14,4.8,7.59,7.57,105.98,
INV-50563,2026-08-21,C1095,Potomac Electric,C,S. Evans,BRE-1021,Breakers & Panels,2,42.96,63.66,63.48,126.96,
INV-50563,2026-08-21,C1095,Potomac Electric,C,S. Evans,CON-1006,Conduit & Fittings,8,6.73,10.26,10.35,82.8,
INV-50564,2026-07-14,C1013,Bull Run HVAC Services,A,D. Brooks,BRE-1023,Breakers & Panels,3,34.02,39.36,39.31,117.93,
INV-50564,2026-07-14,C1013,Bull Run HVAC Services,A,D. Brooks,BRE-1018,Breakers & Panels,20,111.4,128.54,121.12,2422.4,VERBAL
INV-50565,2026-08-24,C1013,Bull Run HVAC Services,A,D. Brooks,WIR-1020,Wire & Cable,8,212.93,240.9,220.24,1761.92,
INV-50565,2026-08-24,C1013,Bull Run HVAC Services,A,D. Brooks,CON-1001,Conduit & Fittings,19,32.08,42.21,42.23,802.37,
INV-50565,2026-08-24,C1013,Bull Run HVAC Services,A,D. Brooks,BRE-1003,Breakers & Panels,27,17.77,21.03,18.77,506.79,
INV-50566,2026-08-29,C1010,Bull Run Electric,A,K. Foster,BRE-1014,Breakers & Panels,4,162.58,206.71,205.7,822.8,
INV-50566,2026-08-29,C1010,Bull Run Electric,A,K. Foster,HVA-1008,HVAC Parts,11,23.36,27.9,27.86,306.46,
INV-50566,2026-08-29,C1010,Bull Run Electric,A,K. Foster,CON-1022,Conduit & Fittings,9,3.57,4.46,4.5,40.5,
INV-50566,2026-08-29,C1010,Bull Run Electric,A,K. Foster,WIR-1026,Wire & Cable,7,42.97,50.31,50.63,354.41,
INV-50567,2026-07-02,C1047,Dulles Energy Group,B,T. Chen,LIG-1032,Lighting,4,22.45,32.7,33.0,132.0,
INV-50567,2026-07-02,C1047,Dulles Energy Group,B,T. Chen,WIR-1032,Wire & Cable,3,294.58,367.28,365.14,1095.42,
INV-50567,2026-07-02,C1047,Dulles Energy Group,B,T. Chen,CON-1012,Conduit & Fittings,20,12.67,17.91,17.9,358.0,
INV-50568,2026-06-29,C1006,Blue Ridge Heating & Air,A,M. Dunn,HVA-1023,HVAC Equipment,1,1062.71,1129.42,1123.88,1123.88,
INV-50568,2026-06-29,C1006,Blue Ridge Heating & Air,A,M. Dunn,HVA-1034,HVAC Equipment,1,1666.74,1813.14,1829.0,1829.0,
INV-50568,2026-06-29,C1006,Blue Ridge Heating & Air,A,M. Dunn,LIG-1005,Lighting,1,24.04,30.42,30.46,30.46,
INV-50568,2026-06-29,C1006,Blue Ridge Heating & Air,A,M. Dunn,HVA-1035,HVAC Equipment,1,1183.06,1277.44,1289.21,1289.21,
INV-50568,2026-06-29,C1006,Blue Ridge Heating & Air,A,M. Dunn,CON-1008,Conduit & Fittings,85,3.76,4.66,4.69,398.65,
INV-50568,2026-06-29,C1006,Blue Ridge Heating & Air,A,M. Dunn,BRE-1032,Breakers & Panels,5,49.92,61.18,60.63,303.15,
INV-50569,2026-08-29,C1008,Bull Run Comfort Systems,A,D. Brooks,LIG-1035,Lighting,7,45.87,60.61,60.64,424.48,
INV-50569,2026-08-29,C1008,Bull Run Comfort Systems,A,D. Brooks,WIR-1021,Wire & Cable,1,162.13,187.66,170.43,170.43,
INV-50569,2026-08-29,C1008,Bull Run Comfort Systems,A,D. Brooks,LIG-1017,Lighting,10,36.9,44.1,44.1,441.0,
INV-50569,2026-08-29,C1008,Bull Run Comfort Systems,A,D. Brooks,CON-1013,Conduit & Fittings,5,25.39,31.43,31.3,156.5,
INV-50570,2026-07-20,C1031,Cardinal Comfort Systems,B,T. Chen,CON-1018,Conduit & Fittings,11,4.8,7.03,7.05,77.55,
INV-50570,2026-07-20,C1031,Cardinal Comfort Systems,B,T. Chen,LIG-1034,Lighting,1,44.13,58.4,58.9,58.9,
INV-50570,2026-07-20,C1031,Cardinal Comfort Systems,B,T. Chen,HVA-1007,HVAC Equipment,1,1114.79,1370.94,1370.04,1370.04,
INV-50570,2026-07-20,C1031,Cardinal Comfort Systems,B,T. Chen,WIR-1008,Wire & Cable,10,100.04,129.22,129.21,1292.1,
INV-50570,2026-07-20,C1031,Cardinal Comfort Systems,B,T. Chen,HVA-1023,HVAC Parts,3,188.12,267.87,266.79,800.37,
INV-50570,2026-07-20,C1031,Cardinal Comfort Systems,B,T. Chen,LIG-1019,Lighting,5,22.4,30.18,28.38,141.9,MGR
INV-50571,2026-08-28,C1048,Dulles HVAC Services,B,R. Alvarez,WIR-1024,Wire & Cable,2,274.36,350.42,352.37,704.74,
INV-50571,2026-08-28,C1048,Dulles HVAC Services,B,R. Alvarez,WIR-1022,Wire & Cable,6,83.06,108.21,108.51,651.06,
INV-50571,2026-08-28,C1048,Dulles HVAC Services,B,R. Alvarez,CON-1006,Conduit & Fittings,13,6.73,9.5,9.49,123.37,
INV-50571,2026-08-28,C1048,Dulles HVAC Services,B,R. Alvarez,LIG-1001,Lighting,12,30.22,40.13,40.02,480.24,
INV-50572,2026-07-15,C1009,Bull Run Contracting,A,M. Dunn,WIR-1013,Wire & Cable,16,317.33,363.13,366.63,5866.08,
INV-50572,2026-07-15,C1009,Bull Run Contracting,A,M. Dunn,HVA-1035,HVAC Parts,5,33.23,39.79,40.05,200.25,
INV-50572,2026-07-15,C1009,Bull Run Contracting,A,M. Dunn,CON-1032,Conduit & Fittings,10,22.74,29.79,29.55,295.5,
INV-50572,2026-07-15,C1009,Bull Run Contracting,A,M. Dunn,BRE-1009,Breakers & Panels,3,29.59,35.71,33.26,99.78,MGR
INV-50572,2026-07-15,C1009,Bull Run Contracting,A,M. Dunn,WIR-1014,Wire & Cable,1,313.51,362.76,360.07,360.07,
INV-50573,2026-08-11,C1045,Dulles Contracting,B,S. Evans,HVA-1005,HVAC Parts,1,90.38,116.42,116.52,116.52,
INV-50573,2026-08-11,C1045,Dulles Contracting,B,S. Evans,CON-1035,Conduit & Fittings,40,50.27,75.84,75.76,3030.4,
INV-50573,2026-08-11,C1045,Dulles Contracting,B,S. Evans,HVA-1019,HVAC Equipment,1,1148.15,1361.25,1366.99,1366.99,
INV-50573,2026-08-11,C1045,Dulles Contracting,B,S. Evans,BRE-1029,Breakers & Panels,15,100.96,135.16,121.69,1825.35,VERBAL
INV-50574,2026-08-09,C1016,Burke Building Services,B,K. Foster,WIR-1024,Wire & Cable,20,274.36,350.42,349.25,6985.0,
INV-50574,2026-08-09,C1016,Burke Building Services,B,K. Foster,BRE-1020,Breakers & Panels,29,33.52,45.36,45.03,1305.87,
INV-50574,2026-08-09,C1016,Burke Building Services,B,K. Foster,HVA-1005,HVAC Parts,1,90.38,116.42,116.75,116.75,
INV-50574,2026-08-09,C1016,Burke Building Services,B,K. Foster,BRE-1007,Breakers & Panels,16,24.67,34.58,34.43,550.88,
INV-50574,2026-08-09,C1016,Burke Building Services,B,K. Foster,LIG-1025,Lighting,4,11.2,15.59,15.6,62.4,
INV-50575,2026-09-16,C1008,Bull Run Comfort Systems,A,D. Brooks,CON-1013,Conduit & Fittings,22,25.39,31.43,31.34,689.48,
INV-50575,2026-09-16,C1008,Bull Run Comfort Systems,A,D. Brooks,BRE-1035,Breakers & Panels,4,97.51,118.92,107.16,428.64,
INV-50575,2026-09-16,C1008,Bull Run Comfort Systems,A,D. Brooks,HVA-1006,HVAC Equipment,3,495.45,546.9,547.42,1642.26,
INV-50575,2026-09-16,C1008,Bull Run Comfort Systems,A,D. Brooks,CON-1000,Conduit & Fittings,10,23.85,29.44,29.47,294.7,
INV-50576,2026-09-01,C1014,Bull Run Heating & Air,A,S. Evans,LIG-1016,Lighting,8,90.5,110.62,109.8,878.4,
INV-50576,2026-09-01,C1014,Bull Run Heating & Air,A,S. Evans,BRE-1028,Breakers & Panels,1,83.36,96.84,97.46,97.46,
INV-50576,2026-09-01,C1014,Bull Run Heating & Air,A,S. Evans,WIR-1018,Wire & Cable,9,47.93,57.15,56.81,511.29,
INV-50577,2026-07-18,C1048,Dulles HVAC Services,B,R. Alvarez,BRE-1017,Breakers & Panels,1,33.16,46.23,46.24,46.24,
INV-50577,2026-07-18,C1048,Dulles HVAC Services,B,R. Alvarez,WIR-1032,Wire & Cable,9,294.58,367.28,364.23,3278.07,
INV-50577,2026-07-18,C1048,Dulles HVAC Services,B,R. Alvarez,HVA-1000,HVAC Parts,2,6.37,9.06,9.13,18.26,
INV-50577,2026-07-18,C1048,Dulles HVAC Services,B,R. Alvarez,LIG-1008,Lighting,3,37.77,49.28,48.81,146.43,
INV-50577,2026-07-18,C1048,Dulles HVAC Services,B,R. Alvarez,CON-1033,Conduit & Fittings,14,3.42,4.66,4.67,65.38,
INV-50577,2026-07-18,C1048,Dulles HVAC Services,B,R. Alvarez,WIR-1022,Wire & Cable,5,83.06,108.21,109.24,546.2,
INV-50578,2026-06-30,C1117,Shenandoah HVAC Services,C,S. Evans,WIR-1015,Wire & Cable,5,35.17,47.22,46.94,234.7,
INV-50578,2026-06-30,C1117,Shenandoah HVAC Services,C,S. Evans,WIR-1007,Wire & Cable,3,157.76,213.74,213.69,641.07,
INV-50578,2026-06-30,C1117,Shenandoah HVAC Services,C,S. Evans,HVA-1015,HVAC Parts,28,173.58,242.83,245.23,6866.44,
INV-50578,2026-06-30,C1117,Shenandoah HVAC Services,C,S. Evans,BRE-1031,Breakers & Panels,8,33.11,46.32,43.6,348.8,
INV-50579,2026-08-09,C1006,Blue Ridge Heating & Air,A,M. Dunn,CON-1017,Conduit & Fittings,20,21.97,29.48,29.49,589.8,
INV-50579,2026-08-09,C1006,Blue Ridge Heating & Air,A,M. Dunn,HVA-1000,HVAC Parts,4,6.37,8.23,8.25,33.0,
INV-50579,2026-08-09,C1006,Blue Ridge Heating & Air,A,M. Dunn,LIG-1030,Lighting,26,127.4,159.05,159.7,4152.2,
INV-50579,2026-08-09,C1006,Blue Ridge Heating & Air,A,M. Dunn,LIG-1034,Lighting,10,44.13,53.09,52.87,528.7,
INV-50579,2026-08-09,C1006,Blue Ridge Heating & Air,A,M. Dunn,BRE-1015,Breakers & Panels,11,93.54,113.93,114.04,1254.44,
INV-50580,2026-09-15,C1014,Bull Run Heating & Air,A,S. Evans,LIG-1007,Lighting,13,114.08,135.54,134.46,1747.98,
INV-50580,2026-09-15,C1014,Bull Run Heating & Air,A,S. Evans,BRE-1021,Breakers & Panels,8,42.96,53.61,53.2,425.6,
INV-50580,2026-09-15,C1014,Bull Run Heating & Air,A,S. Evans,WIR-1011,Wire & Cable,3,126.22,140.4,141.33,423.99,
INV-50580,2026-09-15,C1014,Bull Run Heating & Air,A,S. Evans,WIR-1028,Wire & Cable,8,76.0,88.78,88.86,710.88,
INV-50581,2026-07-07,C1035,Chantilly Contracting,B,S. Evans,WIR-1004,Wire & Cable,3,134.3,166.8,166.21,498.63,
INV-50581,2026-07-07,C1035,Chantilly Contracting,B,S. Evans,LIG-1022,Lighting,2,13.9,18.6,18.69,37.38,
INV-50582,2026-08-27,C1024,Burke Power Systems,B,D. Brooks,LIG-1034,Lighting,9,44.13,58.4,58.29,524.61,
INV-50582,2026-08-27,C1024,Burke Power Systems,B,D. Brooks,HVA-1001,HVAC Parts,3,24.8,31.97,31.68,95.04,
INV-50582,2026-08-27,C1024,Burke Power Systems,B,D. Brooks,CON-1025,Conduit & Fittings,5,8.4,11.81,11.72,58.6,
INV-50582,2026-08-27,C1024,Burke Power Systems,B,D. Brooks,BRE-1010,Breakers & Panels,3,41.23,52.4,52.81,158.43,
INV-50583,2026-08-19,C1043,Dulles Building Services,B,T. Chen,HVA-1019,HVAC Parts,5,165.59,225.39,224.39,1121.95,
INV-50583,2026-08-19,C1043,Dulles Building Services,B,T. Chen,BRE-1014,Breakers & Panels,3,162.58,227.38,228.86,686.58,
INV-50583,2026-08-19,C1043,Dulles Building Services,B,T. Chen,HVA-1029,HVAC Parts,4,7.05,10.01,10.07,40.28,
INV-50583,2026-08-19,C1043,Dulles Building Services,B,T. Chen,CON-1030,Conduit & Fittings,17,42.26,61.79,61.24,1041.08,
INV-50584,2026-09-21,C1052,Fairfax Mechanical,C,D. Brooks,LIG-1025,Lighting,8,11.2,16.83,16.75,134.0,
INV-50584,2026-09-21,C1052,Fairfax Mechanical,C,D. Brooks,BRE-1008,Breakers & Panels,6,67.45,93.46,93.52,561.12,
INV-50584,2026-09-21,C1052,Fairfax Mechanical,C,D. Brooks,HVA-1027,HVAC Equipment,1,2166.2,2824.05,2600.86,2600.86,MGR
INV-50585,2026-07-24,C1030,Capitol Power Systems,B,M. Dunn,HVA-1034,HVAC Parts,12,21.98,29.88,29.71,356.52,
INV-50585,2026-07-24,C1030,Capitol Power Systems,B,M. Dunn,HVA-1019,HVAC Equipment,1,1148.15,1361.25,1365.38,1365.38,
INV-50585,2026-07-24,C1030,Capitol Power Systems,B,M. Dunn,BRE-1020,Breakers & Panels,3,33.52,45.36,45.67,137.01,
INV-50586,2026-07-07,C1046,Dulles Electrical Co.,B,K. Foster,CON-1029,Conduit & Fittings,7,15.74,21.28,21.13,147.91,
INV-50586,2026-07-07,C1046,Dulles Electrical Co.,B,K. Foster,HVA-1022,HVAC Equipment,1,465.16,537.74,537.38,537.38,
INV-50587,2026-07-16,C1090,Old Dominion Electric,C,K. Foster,LIG-1002,Lighting,4,81.88,128.61,127.43,509.72,
INV-50587,2026-07-16,C1090,Old Dominion Electric,C,K. Foster,CON-1022,Conduit & Fittings,16,3.57,5.29,5.34,85.44,
INV-50587,2026-07-16,C1090,Old Dominion Electric,C,K. Foster,WIR-1020,Wire & Cable,7,212.93,286.06,286.75,2007.25,
INV-50588,2026-07-15,C1010,Bull Run Electric,A,K. Foster,LIG-1020,Lighting,6,23.46,28.31,28.08,168.48,
INV-50588,2026-07-15,C1010,Bull Run Electric,A,K. Foster,LIG-1014,Lighting,20,9.82,12.59,12.7,254.0,
INV-50588,2026-07-15,C1010,Bull Run Electric,A,K. Foster,HVA-1014,HVAC Equipment,1,1053.64,1107.8,1113.91,1113.91,
INV-50588,2026-07-15,C1010,Bull Run Electric,A,K. Foster,LIG-1010,Lighting,5,87.43,105.7,106.01,530.05,
INV-50588,2026-07-15,C1010,Bull Run Electric,A,K. Foster,CON-1011,Conduit & Fittings,16,4.24,5.38,5.38,86.08,
INV-50589,2026-07-09,C1010,Bull Run Electric,A,K. Foster,WIR-1025,Wire & Cable,1,108.67,125.11,124.95,124.95,
INV-50589,2026-07-09,C1010,Bull Run Electric,A,K. Foster,HVA-1025,HVAC Parts,1,66.1,85.7,85.33,85.33,
INV-50589,2026-07-09,C1010,Bull Run Electric,A,K. Foster,LIG-1028,Lighting,4,42.41,53.1,53.37,213.48,
INV-50590,2026-09-25,C1094,Piedmont Mechanical,C,T. Chen,HVA-1028,HVAC Parts,4,6.16,9.12,9.15,36.6,
INV-50590,2026-09-25,C1094,Piedmont Mechanical,C,T. Chen,BRE-1035,Breakers & Panels,7,97.51,141.22,141.1,987.7,
INV-50590,2026-09-25,C1094,Piedmont Mechanical,C,T. Chen,BRE-1017,Breakers & Panels,2,33.16,49.9,49.58,99.16,
INV-50591,2026-09-03,C1043,Dulles Building Services,B,T. Chen,CON-1035,Conduit & Fittings,7,50.27,75.84,76.37,534.59,
INV-50591,2026-09-03,C1043,Dulles Building Services,B,T. Chen,CON-1018,Conduit & Fittings,24,4.8,7.03,6.97,167.28,
INV-50591,2026-09-03,C1043,Dulles Building Services,B,T. Chen,LIG-1032,Lighting,7,22.45,32.7,33.0,231.0,
INV-50591,2026-09-03,C1043,Dulles Building Services,B,T. Chen,CON-1001,Conduit & Fittings,9,32.08,46.43,46.21,415.89,
INV-50591,2026-09-03,C1043,Dulles Building Services,B,T. Chen,CON-1026,Conduit & Fittings,56,36.79,53.57,53.05,2970.8,
INV-50592,2026-09-01,C1086,Occoquan Mechanical,C,S. Evans,WIR-1005,Wire & Cable,7,392.51,518.85,519.71,3637.97,
INV-50592,2026-09-01,C1086,Occoquan Mechanical,C,S. Evans,CON-1023,Conduit & Fittings,39,53.8,79.63,74.18,2893.02,MGR
INV-50592,2026-09-01,C1086,Occoquan Mechanical,C,S. Evans,BRE-1022,Breakers & Panels,7,51.87,77.78,71.45,500.15,
INV-50592,2026-09-01,C1086,Occoquan Mechanical,C,S. Evans,WIR-1030,Wire & Cable,16,123.15,164.76,149.08,2385.28,VERBAL
INV-50593,2026-08-09,C1019,Burke Electrical Co.,B,K. Foster,HVA-1020,HVAC Equipment,2,953.96,1097.57,1087.05,2174.1,
INV-50593,2026-08-09,C1019,Burke Electrical Co.,B,K. Foster,CON-1030,Conduit & Fittings,15,42.26,61.79,61.45,921.75,
INV-50593,2026-08-09,C1019,Burke Electrical Co.,B,K. Foster,WIR-1020,Wire & Cable,6,212.93,264.99,263.42,1580.52,
INV-50593,2026-08-09,C1019,Burke Electrical Co.,B,K. Foster,LIG-1001,Lighting,19,30.22,40.13,40.28,765.32,
INV-50594,2026-07-13,C1015,Bull Run Power Systems,A,R. Alvarez,HVA-1009,HVAC Parts,2,7.94,9.44,9.48,18.96,
INV-50594,2026-07-13,C1015,Bull Run Power Systems,A,R. Alvarez,HVA-1022,HVAC Parts,15,133.45,164.52,163.67,2455.05,
INV-50595,2026-06-29,C1008,Bull Run Comfort Systems,A,D. Brooks,HVA-1020,HVAC Parts,13,6.84,8.86,8.88,115.44,
INV-50595,2026-06-29,C1008,Bull Run Comfort Systems,A,D. Brooks,HVA-1026,HVAC Parts,4,7.14,8.42,8.42,33.68,
INV-50595,2026-06-29,C1008,Bull Run Comfort Systems,A,D. Brooks,BRE-1025,Breakers & Panels,8,164.87,195.19,194.16,1553.28,
INV-50595,2026-06-29,C1008,Bull Run Comfort Systems,A,D. Brooks,BRE-1027,Breakers & Panels,1,48.96,58.02,58.13,58.13,
INV-50596,2026-07-18,C1079,Mason Energy Group,C,D. Brooks,WIR-1024,Wire & Cable,7,274.36,378.3,379.75,2658.25,
INV-50596,2026-07-18,C1079,Mason Energy Group,C,D. Brooks,CON-1025,Conduit & Fittings,10,8.4,12.75,12.8,128.0,
INV-50596,2026-07-18,C1079,Mason Energy Group,C,D. Brooks,WIR-1029,Wire & Cable,11,61.38,82.07,73.25,805.75,
INV-50596,2026-07-18,C1079,Mason Energy Group,C,D. Brooks,BRE-1014,Breakers & Panels,6,162.58,245.47,244.35,1466.1,
INV-50596,2026-07-18,C1079,Mason Energy Group,C,D. Brooks,WIR-1027,Wire & Cable,18,43.54,59.06,58.78,1058.04,
INV-50596,2026-07-18,C1079,Mason Energy Group,C,D. Brooks,LIG-1003,Lighting,5,183.14,285.01,283.46,1417.3,
INV-50597,2026-07-12,C1005,Blue Ridge Energy Group,A,M. Dunn,HVA-1010,HVAC Equipment,1,1378.41,1472.2,1484.63,1484.63,
INV-50597,2026-07-12,C1005,Blue Ridge Energy Group,A,M. Dunn,BRE-1000,Breakers & Panels,2,42.31,52.94,53.12,106.24,
INV-50597,2026-07-12,C1005,Blue Ridge Energy Group,A,M. Dunn,HVA-1035,HVAC Equipment,1,1183.06,1277.44,1287.55,1287.55,
INV-50597,2026-07-12,C1005,Blue Ridge Energy Group,A,M. Dunn,WIR-1000,Wire & Cable,47,216.1,243.5,245.28,11528.16,
INV-50597,2026-07-12,C1005,Blue Ridge Energy Group,A,M. Dunn,CON-1003,Conduit & Fittings,22,2.25,3.01,3.01,66.22,
INV-50598,2026-07-20,C1074,Manassas Electrical Co.,C,M. Dunn,BRE-1013,Breakers & Panels,3,205.1,308.19,310.92,932.76,
INV-50598,2026-07-20,C1074,Manassas Electrical Co.,C,M. Dunn,LIG-1007,Lighting,13,114.08,160.95,162.0,2106.0,
INV-50598,2026-07-20,C1074,Manassas Electrical Co.,C,M. Dunn,WIR-1032,Wire & Cable,10,294.58,396.49,394.88,3948.8,
INV-50598,2026-07-20,C1074,Manassas Electrical Co.,C,M. Dunn,LIG-1012,Lighting,5,28.4,40.86,41.06,205.3,
INV-50599,2026-07-10,C1107,Reston Power Systems,C,T. Chen,WIR-1032,Wire & Cable,5,294.58,396.49,392.77,1963.85,
INV-50599,2026-07-10,C1107,Reston Power Systems,C,T. Chen,LIG-1011,Lighting,16,19.03,29.38,29.16,466.56,
INV-50600,2026-08-23,C1024,Burke Power Systems,B,D. Brooks,HVA-1034,HVAC Parts,2,21.98,29.88,29.94,59.88,
INV-50600,2026-08-23,C1024,Burke Power Systems,B,D. Brooks,HVA-1029,HVAC Parts,4,7.05,10.01,10.11,40.44,
INV-50600,2026-08-23,C1024,Burke Power Systems,B,D. Brooks,LIG-1005,Lighting,9,24.04,33.46,33.72,303.48,
INV-50600,2026-08-23,C1024,Burke Power Systems,B,D. Brooks,HVA-1011,HVAC Parts,4,8.86,12.66,12.71,50.84,
INV-50601,2026-08-23,C1113,Shenandoah Building Services,C,S. Evans,BRE-1000,Breakers & Panels,3,42.31,62.86,62.53,187.59,
INV-50601,2026-08-23,C1113,Shenandoah Building Services,C,S. Evans,CON-1009,Conduit & Fittings,17,17.71,27.1,27.29,463.93,
INV-50602,2026-08-25,C1008,Bull Run Comfort Systems,A,D. Brooks,HVA-1015,HVAC Parts,5,173.58,204.49,203.95,1019.75,
INV-50602,2026-08-25,C1008,Bull Run Comfort Systems,A,D. Brooks,WIR-1031,Wire & Cable,19,333.43,388.52,368.49,7001.31,
INV-50602,2026-08-25,C1008,Bull Run Comfort Systems,A,D. Brooks,HVA-1018,HVAC Parts,3,116.07,143.82,143.96,431.88,
INV-50603,2026-07-19,C1031,Cardinal Comfort Systems,B,T. Chen,HVA-1014,HVAC Parts,4,114.93,156.02,155.56,622.24,
INV-50603,2026-07-19,C1031,Cardinal Comfort Systems,B,T. Chen,CON-1012,Conduit & Fittings,42,12.67,17.91,17.76,745.92,
INV-50604,2026-08-13,C1027,Capitol Electrical Co.,B,T. Chen,HVA-1030,HVAC Equipment,2,1433.65,1692.99,1679.21,3358.42,
INV-50604,2026-08-13,C1027,Capitol Electrical Co.,B,T. Chen,LIG-1005,Lighting,19,24.04,33.46,33.38,634.22,
INV-50604,2026-08-13,C1027,Capitol Electrical Co.,B,T. Chen,LIG-1016,Lighting,13,90.5,121.68,122.63,1594.19,
INV-50604,2026-08-13,C1027,Capitol Electrical Co.,B,T. Chen,HVA-1021,HVAC Equipment,4,2137.62,2478.35,2480.37,9921.48,
INV-50605,2026-09-19,C1044,Dulles Comfort Systems,B,K. Foster,LIG-1023,Lighting,12,160.88,230.86,229.43,2753.16,
INV-50605,2026-09-19,C1044,Dulles Comfort Systems,B,K. Foster,HVA-1003,HVAC Equipment,1,767.04,881.77,886.83,886.83,
INV-50605,2026-09-19,C1044,Dulles Comfort Systems,B,K. Foster,WIR-1033,Wire & Cable,5,54.3,70.1,70.09,350.45,
INV-50605,2026-09-19,C1044,Dulles Comfort Systems,B,K. Foster,BRE-1000,Breakers & Panels,10,42.31,58.23,57.84,578.4,
INV-50606,2026-09-10,C1080,Mason Heating & Air,C,K. Foster,LIG-1000,Lighting,4,11.27,16.31,16.25,65.0,
INV-50606,2026-09-10,C1080,Mason Heating & Air,C,K. Foster,LIG-1035,Lighting,6,45.87,71.97,71.33,427.98,
INV-50606,2026-09-10,C1080,Mason Heating & Air,C,K. Foster,BRE-1021,Breakers & Panels,6,42.96,63.66,63.36,380.16,
INV-50606,2026-09-10,C1080,Mason Heating & Air,C,K. Foster,WIR-1004,Wire & Cable,13,134.3,180.06,181.2,2355.6,
INV-50606,2026-09-10,C1080,Mason Heating & Air,C,K. Foster,HVA-1021,HVAC Equipment,1,2137.62,2675.49,2692.1,2692.1,
INV-50606,2026-09-10,C1080,Mason Heating & Air,C,K. Foster,LIG-1034,Lighting,23,44.13,63.04,62.84,1445.32,
INV-50607,2026-08-18,C1023,Burke Mechanical,B,D. Brooks,HVA-1033,HVAC Equipment,1,1194.8,1414.73,1424.46,1424.46,
INV-50607,2026-08-18,C1023,Burke Mechanical,B,D. Brooks,BRE-1004,Breakers & Panels,4,156.83,205.3,203.59,814.36,
INV-50607,2026-08-18,C1023,Burke Mechanical,B,D. Brooks,HVA-1021,HVAC Equipment,1,2137.62,2478.35,2492.7,2492.7,
INV-50608,2026-08-22,C1089,Old Dominion Comfort Systems,C,R. Alvarez,BRE-1005,Breakers & Panels,7,159.52,228.3,226.43,1585.01,
INV-50608,2026-08-22,C1089,Old Dominion Comfort Systems,C,R. Alvarez,CON-1023,Conduit & Fittings,57,53.8,79.63,80.25,4574.25,
INV-50608,2026-08-22,C1089,Old Dominion Comfort Systems,C,R. Alvarez,CON-1006,Conduit & Fittings,28,6.73,10.26,10.18,285.04,
INV-50608,2026-08-22,C1089,Old Dominion Comfort Systems,C,R. Alvarez,HVA-1017,HVAC Equipment,5,2240.25,2889.06,2883.88,14419.4,
INV-50609,2026-07-19,C1054,Leesburg Building Services,C,R. Alvarez,BRE-1031,Breakers & Panels,12,33.11,46.32,46.08,552.96,
INV-50609,2026-07-19,C1054,Leesburg Building Services,C,R. Alvarez,CON-1031,Conduit & Fittings,14,2.97,4.33,4.32,60.48,
INV-50609,2026-07-19,C1054,Leesburg Building Services,C,R. Alvarez,HVA-1007,HVAC Equipment,1,1114.79,1480.0,1472.96,1472.96,
INV-50609,2026-07-19,C1054,Leesburg Building Services,C,R. Alvarez,HVA-1011,HVAC Equipment,1,620.35,806.71,800.01,800.01,
INV-50609,2026-07-19,C1054,Leesburg Building Services,C,R. Alvarez,WIR-1001,Wire & Cable,38,67.02,87.51,86.74,3296.12,
INV-50610,2026-07-30,C1014,Bull Run Heating & Air,A,S. Evans,HVA-1027,HVAC Equipment,3,2166.2,2378.14,2370.58,7111.74,
INV-50610,2026-07-30,C1014,Bull Run Heating & Air,A,S. Evans,LIG-1035,Lighting,9,45.87,60.61,60.7,546.3,
INV-50610,2026-07-30,C1014,Bull Run Heating & Air,A,S. Evans,LIG-1013,Lighting,2,9.5,11.76,11.69,23.38,
INV-50611,2026-07-21,C1048,Dulles HVAC Services,B,R. Alvarez,LIG-1000,Lighting,17,11.27,15.11,14.39,244.63,
INV-50611,2026-07-21,C1048,Dulles HVAC Services,B,R. Alvarez,CON-1025,Conduit & Fittings,17,8.4,11.81,11.43,194.31,MGR
INV-50611,2026-07-21,C1048,Dulles HVAC Services,B,R. Alvarez,HVA-1010,HVAC Parts,14,26.77,34.79,34.53,483.42,
INV-50611,2026-07-21,C1048,Dulles HVAC Services,B,R. Alvarez,BRE-1021,Breakers & Panels,6,42.96,58.97,59.25,355.5,
INV-50611,2026-07-21,C1048,Dulles HVAC Services,B,R. Alvarez,HVA-1004,HVAC Equipment,1,1034.98,1265.17,1268.3,1268.3,
INV-50612,2026-08-06,C1011,Bull Run Electrical Co.,A,D. Brooks,HVA-1028,HVAC Parts,4,6.16,7.68,7.72,30.88,
INV-50612,2026-08-06,C1011,Bull Run Electrical Co.,A,D. Brooks,HVA-1015,HVAC Parts,10,173.58,204.49,203.38,2033.8,
INV-50612,2026-08-06,C1011,Bull Run Electrical Co.,A,D. Brooks,HVA-1023,HVAC Parts,3,188.12,243.52,244.47,733.41,
INV-50612,2026-08-06,C1011,Bull Run Electrical Co.,A,D. Brooks,LIG-1000,Lighting,7,11.27,13.74,13.88,97.16,
INV-50612,2026-08-06,C1011,Bull Run Electrical Co.,A,D. Brooks,BRE-1022,Breakers & Panels,10,51.87,65.5,65.65,656.5,
INV-50612,2026-08-06,C1011,Bull Run Electrical Co.,A,D. Brooks,WIR-1011,Wire & Cable,7,126.22,140.4,139.02,973.14,
INV-50613,2026-09-10,C1106,Reston Mechanical,C,S. Evans,LIG-1001,Lighting,28,30.22,43.32,43.32,1212.96,
INV-50613,2026-09-10,C1106,Reston Mechanical,C,S. Evans,HVA-1011,HVAC Parts,2,8.86,13.67,13.71,27.42,
INV-50613,2026-09-10,C1106,Reston Mechanical,C,S. Evans,BRE-1011,Breakers & Panels,9,108.7,159.32,146.46,1318.14,
INV-50614,2026-08-18,C1037,Chantilly Electrical Co.,B,D. Brooks,LIG-1020,Lighting,1,23.46,31.14,30.89,30.89,
INV-50614,2026-08-18,C1037,Chantilly Electrical Co.,B,D. Brooks,HVA-1019,HVAC Equipment,1,1148.15,1361.25,1362.31,1362.31,
INV-50614,2026-08-18,C1037,Chantilly Electrical Co.,B,D. Brooks,HVA-1032,HVAC Parts,3,40.36,54.88,54.47,163.41,
INV-50614,2026-08-18,C1037,Chantilly Electrical Co.,B,D. Brooks,BRE-1014,Breakers & Panels,5,162.58,227.38,210.98,1054.9,
INV-50615,2026-07-26,C1059,Leesburg Mechanical,C,K. Foster,BRE-1034,Breakers & Panels,15,68.77,101.19,102.09,1531.35,
INV-50615,2026-07-26,C1059,Leesburg Mechanical,C,K. Foster,HVA-1003,HVAC Equipment,3,767.04,951.91,944.51,2833.53,
INV-50615,2026-07-26,C1059,Leesburg Mechanical,C,K. Foster,BRE-1030,Breakers & Panels,32,12.43,17.18,17.22,551.04,
INV-50615,2026-07-26,C1059,Leesburg Mechanical,C,K. Foster,BRE-1025,Breakers & Panels,9,164.87,231.79,233.44,2100.96,
INV-50615,2026-07-26,C1059,Leesburg Mechanical,C,K. Foster,BRE-1025,Breakers & Panels,6,164.87,231.79,232.62,1395.72,
INV-50616,2026-07-21,C1039,Chantilly HVAC Services,B,R. Alvarez,CON-1026,Conduit & Fittings,36,36.79,53.57,53.57,1928.52,
INV-50616,2026-07-21,C1039,Chantilly HVAC Services,B,R. Alvarez,LIG-1022,Lighting,8,13.9,18.6,18.68,149.44,
INV-50616,2026-07-21,C1039,Chantilly HVAC Services,B,R. Alvarez,CON-1014,Conduit & Fittings,65,6.03,8.79,8.86,575.9,
INV-50616,2026-07-21,C1039,Chantilly HVAC Services,B,R. Alvarez,WIR-1016,Wire & Cable,24,87.34,107.19,107.47,2579.28,
INV-50617,2026-07-06,C1050,Fairfax Comfort Systems,B,R. Alvarez,HVA-1002,HVAC Equipment,1,1734.3,2032.02,2044.38,2044.38,
INV-50617,2026-07-06,C1050,Fairfax Comfort Systems,B,R. Alvarez,LIG-1032,Lighting,3,22.45,32.7,32.46,97.38,
INV-50617,2026-07-06,C1050,Fairfax Comfort Systems,B,R. Alvarez,BRE-1003,Breakers & Panels,18,17.77,23.14,23.29,419.22,
INV-50617,2026-07-06,C1050,Fairfax Comfort Systems,B,R. Alvarez,WIR-1033,Wire & Cable,28,54.3,70.1,69.96,1958.88,
INV-50618,2026-07-29,C1031,Cardinal Comfort Systems,B,T. Chen,WIR-1031,Wire & Cable,7,333.43,427.37,425.16,2976.12,
INV-50618,2026-07-29,C1031,Cardinal Comfort Systems,B,T. Chen,BRE-1001,Breakers & Panels,7,38.81,49.97,50.46,353.22,
INV-50618,2026-07-29,C1031,Cardinal Comfort Systems,B,T. Chen,HVA-1002,HVAC Equipment,1,1734.3,2032.02,2045.71,2045.71,
INV-50619,2026-09-10,C1096,Potomac Energy Group,C,K. Foster,HVA-1021,HVAC Parts,1,221.97,331.33,330.88,330.88,
INV-50619,2026-09-10,C1096,Potomac Energy Group,C,K. Foster,WIR-1010,Wire & Cable,13,416.68,549.98,550.51,7156.63,
INV-50619,2026-09-10,C1096,Potomac Energy Group,C,K. Foster,HVA-1007,HVAC Parts,5,201.93,283.59,284.3,1421.5,
INV-50619,2026-09-10,C1096,Potomac Energy Group,C,K. Foster,WIR-1022,Wire & Cable,9,83.06,116.82,117.42,1056.78,
INV-50619,2026-09-10,C1096,Potomac Energy Group,C,K. Foster,HVA-1033,HVAC Equipment,1,1194.8,1527.27,1520.86,1520.86,
INV-50620,2026-08-10,C1021,Burke HVAC Services,B,M. Dunn,WIR-1021,Wire & Cable,6,162.13,206.43,207.42,1244.52,
INV-50620,2026-08-10,C1021,Burke HVAC Services,B,M. Dunn,HVA-1026,HVAC Parts,3,7.14,9.26,9.18,27.54,
INV-50620,2026-08-10,C1021,Burke HVAC Services,B,M. Dunn,LIG-1008,Lighting,9,37.77,49.28,48.99,440.91,
INV-50620,2026-08-10,C1021,Burke HVAC Services,B,M. Dunn,WIR-1029,Wire & Cable,1,61.38,76.02,75.58,75.58,
INV-50621,2026-07-02,C1017,Burke Contracting,B,K. Foster,CON-1026,Conduit & Fittings,5,36.79,53.57,53.41,267.05,
INV-50621,2026-07-02,C1017,Burke Contracting,B,K. Foster,BRE-1007,Breakers & Panels,11,24.67,34.58,34.73,382.03,
INV-50621,2026-07-02,C1017,Burke Contracting,B,K. Foster,CON-1034,Conduit & Fittings,12,17.7,24.2,24.19,290.28,
INV-50621,2026-07-02,C1017,Burke Contracting,B,K. Foster,WIR-1005,Wire & Cable,8,392.51,480.62,476.91,3815.28,
INV-50621,2026-07-02,C1017,Burke Contracting,B,K. Foster,BRE-1010,Breakers & Panels,5,41.23,52.4,52.05,260.25,
INV-50621,2026-07-02,C1017,Burke Contracting,B,K. Foster,CON-1006,Conduit & Fittings,62,6.73,9.5,9.43,584.66,
INV-50622,2026-08-11,C1044,Dulles Comfort Systems,B,K. Foster,BRE-1015,Breakers & Panels,18,93.54,125.32,125.3,2255.4,
INV-50622,2026-08-11,C1044,Dulles Comfort Systems,B,K. Foster,CON-1022,Conduit & Fittings,11,3.57,4.9,4.93,54.23,
INV-50622,2026-08-11,C1044,Dulles Comfort Systems,B,K. Foster,HVA-1012,HVAC Equipment,1,922.14,1084.86,1090.12,1090.12,
INV-50623,2026-06-29,C1002,Blue Ridge Comfort Systems,A,S. Evans,HVA-1019,HVAC Parts,1,165.59,204.9,203.16,203.16,
INV-50623,2026-06-29,C1002,Blue Ridge Comfort Systems,A,S. Evans,WIR-1030,Wire & Cable,6,123.15,138.74,124.6,747.6,
INV-50623,2026-06-29,C1002,Blue Ridge Comfort Systems,A,S. Evans,WIR-1011,Wire & Cable,10,126.22,140.4,128.58,1285.8,
INV-50623,2026-06-29,C1002,Blue Ridge Comfort Systems,A,S. Evans,HVA-1020,HVAC Equipment,2,953.96,997.79,996.5,1993.0,
INV-50623,2026-06-29,C1002,Blue Ridge Comfort Systems,A,S. Evans,HVA-1028,HVAC Parts,4,6.16,7.68,7.64,30.56,
INV-50623,2026-06-29,C1002,Blue Ridge Comfort Systems,A,S. Evans,LIG-1004,Lighting,3,64.29,78.95,79.01,237.03,
INV-50624,2026-08-02,C1006,Blue Ridge Heating & Air,A,M. Dunn,HVA-1009,HVAC Parts,3,7.94,9.44,9.35,28.05,
INV-50624,2026-08-02,C1006,Blue Ridge Heating & Air,A,M. Dunn,WIR-1007,Wire & Cable,6,157.76,179.99,179.62,1077.72,
INV-50624,2026-08-02,C1006,Blue Ridge Heating & Air,A,M. Dunn,HVA-1010,HVAC Equipment,2,1378.41,1472.2,1462.42,2924.84,
INV-50624,2026-08-02,C1006,Blue Ridge Heating & Air,A,M. Dunn,HVA-1020,HVAC Equipment,2,953.96,997.79,998.58,1997.16,
INV-50625,2026-07-21,C1039,Chantilly HVAC Services,B,R. Alvarez,WIR-1025,Wire & Cable,24,108.67,137.62,137.97,3311.28,
INV-50625,2026-07-21,C1039,Chantilly HVAC Services,B,R. Alvarez,LIG-1000,Lighting,5,11.27,15.11,15.18,75.9,
INV-50625,2026-07-21,C1039,Chantilly HVAC Services,B,R. Alvarez,BRE-1003,Breakers & Panels,6,17.77,23.14,23.07,138.42,
INV-50625,2026-07-21,C1039,Chantilly HVAC Services,B,R. Alvarez,HVA-1018,HVAC Equipment,1,798.66,959.57,952.43,952.43,
INV-50625,2026-07-21,C1039,Chantilly HVAC Services,B,R. Alvarez,HVA-1002,HVAC Equipment,1,1734.3,2032.02,2048.87,2048.87,
INV-50625,2026-07-21,C1039,Chantilly HVAC Services,B,R. Alvarez,CON-1003,Conduit & Fittings,18,2.25,3.31,3.29,59.22,
INV-50626,2026-09-04,C1058,Leesburg Heating & Air,C,D. Brooks,HVA-1029,HVAC Parts,2,7.05,10.8,10.91,21.82,
INV-50626,2026-09-04,C1058,Leesburg Heating & Air,C,D. Brooks,HVA-1030,HVAC Parts,1,7.81,11.67,11.68,11.68,
INV-50626,2026-09-04,C1058,Leesburg Heating & Air,C,D. Brooks,HVA-1000,HVAC Parts,4,6.37,9.78,9.7,38.8,
INV-50627,2026-07-24,C1014,Bull Run Heating & Air,A,S. Evans,BRE-1035,Breakers & Panels,4,97.51,118.92,120.06,480.24,
INV-50627,2026-07-24,C1014,Bull Run Heating & Air,A,S. Evans,WIR-1027,Wire & Cable,3,43.54,49.74,44.62,133.86,
INV-50627,2026-07-24,C1014,Bull Run Heating & Air,A,S. Evans,BRE-1024,Breakers & Panels,8,23.6,27.53,25.92,207.36,
INV-50627,2026-07-24,C1014,Bull Run Heating & Air,A,S. Evans,WIR-1023,Wire & Cable,4,47.27,54.11,53.81,215.24,
INV-50628,2026-08-17,C1020,Burke Energy Group,B,S. Evans,WIR-1030,Wire & Cable,14,123.15,152.62,137.82,1929.48,
INV-50628,2026-08-17,C1020,Burke Energy Group,B,S. Evans,HVA-1029,HVAC Parts,6,7.05,10.01,10.03,60.18,
INV-50628,2026-08-17,C1020,Burke Energy Group,B,S. Evans,WIR-1001,Wire & Cable,5,67.02,81.07,76.91,384.55,
INV-50628,2026-08-17,C1020,Burke Energy Group,B,S. Evans,HVA-1010,HVAC Equipment,1,1378.41,1619.42,1632.28,1632.28,
INV-50628,2026-08-17,C1020,Burke Energy Group,B,S. Evans,CON-1006,Conduit & Fittings,14,6.73,9.5,9.52,133.28,
INV-50629,2026-07-01,C1006,Blue Ridge Heating & Air,A,M. Dunn,LIG-1001,Lighting,4,30.22,36.48,36.79,147.16,
INV-50629,2026-07-01,C1006,Blue Ridge Heating & Air,A,M. Dunn,HVA-1028,HVAC Equipment,1,685.83,739.92,735.7,735.7,
INV-50629,2026-07-01,C1006,Blue Ridge Heating & Air,A,M. Dunn,BRE-1027,Breakers & Panels,16,48.96,58.02,58.22,931.52,
INV-50630,2026-09-15,C1007,Bull Run Building Services,A,M. Dunn,WIR-1009,Wire & Cable,7,329.33,392.5,394.99,2764.93,
INV-50630,2026-09-15,C1007,Bull Run Building Services,A,M. Dunn,BRE-1005,Breakers & Panels,5,159.52,192.26,192.85,964.25,
INV-50630,2026-09-15,C1007,Bull Run Building Services,A,M. Dunn,BRE-1014,Breakers & Panels,1,162.58,206.71,207.87,207.87,
INV-50630,2026-09-15,C1007,Bull Run Building Services,A,M. Dunn,CON-1019,Conduit & Fittings,58,3.49,4.34,4.33,251.14,
INV-50631,2026-07-20,C1008,Bull Run Comfort Systems,A,D. Brooks,BRE-1027,Breakers & Panels,10,48.96,58.02,58.22,582.2,
INV-50631,2026-07-20,C1008,Bull Run Comfort Systems,A,D. Brooks,CON-1030,Conduit & Fittings,13,42.26,56.18,55.68,723.84,
INV-50632,2026-07-19,C1009,Bull Run Contracting,A,M. Dunn,HVA-1022,HVAC Parts,1,133.45,164.52,165.21,165.21,
INV-50632,2026-07-19,C1009,Bull Run Contracting,A,M. Dunn,LIG-1028,Lighting,1,42.41,53.1,53.04,53.04,
INV-50633,2026-09-16,C1011,Bull Run Electrical Co.,A,D. Brooks,HVA-1002,HVAC Equipment,1,1734.3,1847.29,1830.16,1830.16,
INV-50633,2026-09-16,C1011,Bull Run Electrical Co.,A,D. Brooks,HVA-1004,HVAC Equipment,3,1034.98,1150.15,1154.28,3462.84,
INV-50633,2026-09-16,C1011,Bull Run Electrical Co.,A,D. Brooks,BRE-1006,Breakers & Panels,1,18.77,23.06,23.05,23.05,
INV-50633,2026-09-16,C1011,Bull Run Electrical Co.,A,D. Brooks,BRE-1031,Breakers & Panels,9,33.11,39.01,35.25,317.25,
INV-50633,2026-09-16,C1011,Bull Run Electrical Co.,A,D. Brooks,CON-1012,Conduit & Fittings,42,12.67,16.28,16.29,684.18,
INV-50633,2026-09-16,C1011,Bull Run Electrical Co.,A,D. Brooks,HVA-1029,HVAC Equipment,1,706.2,785.35,779.33,779.33,
INV-50634,2026-07-03,C1015,Bull Run Power Systems,A,R. Alvarez,CON-1030,Conduit & Fittings,10,42.26,56.18,55.83,558.3,
INV-50634,2026-07-03,C1015,Bull Run Power Systems,A,R. Alvarez,WIR-1032,Wire & Cable,5,294.58,333.89,335.07,1675.35,
INV-50634,2026-07-03,C1015,Bull Run Power Systems,A,R. Alvarez,WIR-1005,Wire & Cable,14,392.51,436.93,438.88,6144.32,
INV-50635,2026-09-01,C1039,Chantilly HVAC Services,B,R. Alvarez,CON-1008,Conduit & Fittings,34,3.76,5.12,5.08,172.72,
INV-50635,2026-09-01,C1039,Chantilly HVAC Services,B,R. Alvarez,LIG-1022,Lighting,8,13.9,18.6,17.92,143.36,MGR
INV-50635,2026-09-01,C1039,Chantilly HVAC Services,B,R. Alvarez,HVA-1012,HVAC Parts,2,26.33,33.84,33.8,67.6,
INV-50635,2026-09-01,C1039,Chantilly HVAC Services,B,R. Alvarez,BRE-1034,Breakers & Panels,6,68.77,93.74,93.9,563.4,
INV-50635,2026-09-01,C1039,Chantilly HVAC Services,B,R. Alvarez,BRE-1020,Breakers & Panels,4,33.52,45.36,45.02,180.08,
INV-50635,2026-09-01,C1039,Chantilly HVAC Services,B,R. Alvarez,HVA-1004,HVAC Parts,2,16.08,21.61,21.5,43.0,
INV-50636,2026-08-26,C1043,Dulles Building Services,B,T. Chen,LIG-1000,Lighting,12,11.27,15.11,15.09,181.08,
INV-50636,2026-08-26,C1043,Dulles Building Services,B,T. Chen,CON-1028,Conduit & Fittings,6,8.95,13.44,13.45,80.7,
INV-50636,2026-08-26,C1043,Dulles Building Services,B,T. Chen,HVA-1029,HVAC Parts,6,7.05,10.01,10.06,60.36,
INV-50637,2026-09-18,C1063,Lorton HVAC Services,C,D. Brooks,WIR-1024,Wire & Cable,3,274.36,378.3,355.75,1067.25,VERBAL
INV-50637,2026-09-18,C1063,Lorton HVAC Services,C,D. Brooks,LIG-1034,Lighting,2,44.13,63.04,63.53,127.06,
INV-50637,2026-09-18,C1063,Lorton HVAC Services,C,D. Brooks,BRE-1035,Breakers & Panels,7,97.51,141.22,126.48,885.36,
INV-50637,2026-09-18,C1063,Lorton HVAC Services,C,D. Brooks,BRE-1004,Breakers & Panels,2,156.83,221.63,207.89,415.78,
INV-50637,2026-09-18,C1063,Lorton HVAC Services,C,D. Brooks,HVA-1025,HVAC Equipment,2,435.7,563.38,564.79,1129.58,
INV-50638,2026-08-06,C1042,Chantilly Power Systems,B,T. Chen,CON-1009,Conduit & Fittings,5,17.71,25.11,23.81,119.05,MGR
INV-50638,2026-08-06,C1042,Chantilly Power Systems,B,T. Chen,WIR-1001,Wire & Cable,7,67.02,81.07,80.5,563.5,
INV-50638,2026-08-06,C1042,Chantilly Power Systems,B,T. Chen,LIG-1034,Lighting,34,44.13,58.4,58.94,2003.96,
INV-50638,2026-08-06,C1042,Chantilly Power Systems,B,T. Chen,WIR-1002,Wire & Cable,10,152.66,196.76,182.94,1829.4,VERBAL
INV-50638,2026-08-06,C1042,Chantilly Power Systems,B,T. Chen,LIG-1018,Lighting,3,40.2,55.41,54.89,164.67,
INV-50638,2026-08-06,C1042,Chantilly Power Systems,B,T. Chen,HVA-1003,HVAC Equipment,1,767.04,881.77,888.54,888.54,
INV-50639,2026-08-12,C1025,Capitol Building Services,B,R. Alvarez,HVA-1019,HVAC Equipment,4,1148.15,1361.25,1373.23,5492.92,
INV-50639,2026-08-12,C1025,Capitol Building Services,B,R. Alvarez,WIR-1017,Wire & Cable,6,51.35,65.17,65.26,391.56,
INV-50639,2026-08-12,C1025,Capitol Building Services,B,R. Alvarez,LIG-1002,Lighting,6,81.88,119.13,119.08,714.48,
INV-50639,2026-08-12,C1025,Capitol Building Services,B,R. Alvarez,HVA-1004,HVAC Equipment,1,1034.98,1265.17,1273.88,1273.88,
INV-50639,2026-08-12,C1025,Capitol Building Services,B,R. Alvarez,HVA-1026,HVAC Parts,5,7.14,9.26,9.33,46.65,
INV-50639,2026-08-12,C1025,Capitol Building Services,B,R. Alvarez,LIG-1023,Lighting,14,160.88,230.86,231.22,3237.08,
INV-50640,2026-07-29,C1118,Shenandoah Heating & Air,C,R. Alvarez,CON-1014,Conduit & Fittings,17,6.03,9.49,9.42,160.14,
INV-50640,2026-07-29,C1118,Shenandoah Heating & Air,C,R. Alvarez,HVA-1034,HVAC Parts,12,21.98,32.25,31.97,383.64,
INV-50640,2026-07-29,C1118,Shenandoah Heating & Air,C,R. Alvarez,LIG-1000,Lighting,18,11.27,16.31,16.39,295.02,
INV-50641,2026-07-10,C1013,Bull Run HVAC Services,A,D. Brooks,BRE-1014,Breakers & Panels,6,162.58,206.71,205.11,1230.66,
INV-50641,2026-07-10,C1013,Bull Run HVAC Services,A,D. Brooks,LIG-1034,Lighting,96,44.13,53.09,53.16,5103.36,
INV-50642,2026-07-16,C1039,Chantilly HVAC Services,B,R. Alvarez,WIR-1030,Wire & Cable,10,123.15,152.62,153.99,1539.9,
INV-50642,2026-07-16,C1039,Chantilly HVAC Services,B,R. Alvarez,HVA-1001,HVAC Parts,16,24.8,31.97,32.14,514.24,
INV-50642,2026-07-16,C1039,Chantilly HVAC Services,B,R. Alvarez,WIR-1022,Wire & Cable,4,83.06,108.21,107.45,429.8,
INV-50643,2026-08-21,C1008,Bull Run Comfort Systems,A,D. Brooks,WIR-1021,Wire & Cable,5,162.13,187.66,168.01,840.05,
INV-50643,2026-08-21,C1008,Bull Run Comfort Systems,A,D. Brooks,CON-1033,Conduit & Fittings,19,3.42,4.24,4.07,77.33,MGR
INV-50643,2026-08-21,C1008,Bull Run Comfort Systems,A,D. Brooks,HVA-1019,HVAC Parts,1,165.59,204.9,203.27,203.27,
INV-50643,2026-08-21,C1008,Bull Run Comfort Systems,A,D. Brooks,BRE-1029,Breakers & Panels,2,100.96,122.87,122.04,244.08,
INV-50643,2026-08-21,C1008,Bull Run Comfort Systems,A,D. Brooks,CON-1012,Conduit & Fittings,30,12.67,16.28,16.42,492.6,
INV-50643,2026-08-21,C1008,Bull Run Comfort Systems,A,D. Brooks,HVA-1035,HVAC Parts,3,33.23,39.79,40.12,120.36,
INV-50644,2026-07-06,C1033,Cardinal HVAC Services,B,D. Brooks,WIR-1029,Wire & Cable,6,61.38,76.02,76.59,459.54,
INV-50644,2026-07-06,C1033,Cardinal HVAC Services,B,D. Brooks,CON-1016,Conduit & Fittings,11,2.76,3.96,3.99,43.89,
INV-50644,2026-07-06,C1033,Cardinal HVAC Services,B,D. Brooks,WIR-1025,Wire & Cable,4,108.67,137.62,136.76,547.04,
INV-50645,2026-08-02,C1019,Burke Electrical Co.,B,K. Foster,CON-1024,Conduit & Fittings,32,3.43,5.18,5.21,166.72,
INV-50645,2026-08-02,C1019,Burke Electrical Co.,B,K. Foster,HVA-1022,HVAC Parts,11,133.45,180.97,179.39,1973.29,
INV-50645,2026-08-02,C1019,Burke Electrical Co.,B,K. Foster,HVA-1002,HVAC Equipment,3,1734.3,2032.02,2042.1,6126.3,
INV-50646,2026-06-30,C1018,Burke Electric,B,S. Evans,HVA-1018,HVAC Equipment,1,798.66,959.57,965.92,965.92,
INV-50646,2026-06-30,C1018,Burke Electric,B,S. Evans,CON-1033,Conduit & Fittings,35,3.42,4.66,4.67,163.45,
INV-50647,2026-09-02,C1004,Blue Ridge Electrical Co.,A,T. Chen,WIR-1002,Wire & Cable,2,152.66,178.87,179.11,358.22,
INV-50647,2026-09-02,C1004,Blue Ridge Electrical Co.,A,T. Chen,HVA-1013,HVAC Parts,5,12.39,14.87,14.8,74.0,
INV-50647,2026-09-02,C1004,Blue Ridge Electrical Co.,A,T. Chen,WIR-1011,Wire & Cable,19,126.22,140.4,140.93,2677.67,
INV-50647,2026-09-02,C1004,Blue Ridge Electrical Co.,A,T. Chen,HVA-1003,HVAC Parts,5,14.6,18.01,18.14,90.7,
INV-50647,2026-09-02,C1004,Blue Ridge Electrical Co.,A,T. Chen,BRE-1000,Breakers & Panels,12,42.31,52.94,52.92,635.04,
INV-50647,2026-09-02,C1004,Blue Ridge Electrical Co.,A,T. Chen,HVA-1011,HVAC Parts,6,8.86,11.51,11.61,69.66,
INV-50648,2026-08-05,C1109,Ridgeline Electric,C,R. Alvarez,CON-1010,Conduit & Fittings,56,12.81,18.55,17.6,985.6,MGR
INV-50648,2026-08-05,C1109,Ridgeline Electric,C,R. Alvarez,CON-1025,Conduit & Fittings,15,8.4,12.75,12.72,190.8,
INV-50648,2026-08-05,C1109,Ridgeline Electric,C,R. Alvarez,BRE-1022,Breakers & Panels,16,51.87,77.78,77.33,1237.28,
INV-50648,2026-08-05,C1109,Ridgeline Electric,C,R. Alvarez,HVA-1028,HVAC Equipment,1,685.83,878.65,884.25,884.25,
INV-50648,2026-08-05,C1109,Ridgeline Electric,C,R. Alvarez,HVA-1016,HVAC Equipment,1,1182.28,1473.3,1472.27,1472.27,
INV-50649,2026-07-12,C1037,Chantilly Electrical Co.,B,D. Brooks,HVA-1021,HVAC Equipment,1,2137.62,2478.35,2480.55,2480.55,
INV-50649,2026-07-12,C1037,Chantilly Electrical Co.,B,D. Brooks,BRE-1020,Breakers & Panels,1,33.52,45.36,45.58,45.58,
INV-50649,2026-07-12,C1037,Chantilly Electrical Co.,B,D. Brooks,CON-1020,Conduit & Fittings,11,32.14,45.19,45.5,500.5,
INV-50650,2026-07-07,C1012,Bull Run Energy Group,A,D. Brooks,CON-1002,Conduit & Fittings,11,2.46,3.24,3.22,35.42,
INV-50650,2026-07-07,C1012,Bull Run Energy Group,A,D. Brooks,CON-1011,Conduit & Fittings,29,4.24,5.38,5.38,156.02,
INV-50650,2026-07-07,C1012,Bull Run Energy Group,A,D. Brooks,CON-1034,Conduit & Fittings,38,17.7,22.0,22.18,842.84,
INV-50650,2026-07-07,C1012,Bull Run Energy Group,A,D. Brooks,BRE-1023,Breakers & Panels,5,34.02,39.36,39.66,198.3,
INV-50650,2026-07-07,C1012,Bull Run Energy Group,A,D. Brooks,BRE-1016,Breakers & Panels,87,22.89,27.33,27.08,2355.96,
INV-50650,2026-07-07,C1012,Bull Run Energy Group,A,D. Brooks,CON-1033,Conduit & Fittings,108,3.42,4.24,3.98,429.84,MGR
INV-50651,2026-07-20,C1036,Chantilly Electric,B,R. Alvarez,HVA-1016,HVAC Equipment,1,1182.28,1364.74,1373.47,1373.47,
INV-50651,2026-07-20,C1036,Chantilly Electric,B,R. Alvarez,BRE-1035,Breakers & Panels,2,97.51,130.81,129.86,259.72,
INV-50651,2026-07-20,C1036,Chantilly Electric,B,R. Alvarez,HVA-1001,HVAC Parts,5,24.8,31.97,31.99,159.95,
INV-50651,2026-07-20,C1036,Chantilly Electric,B,R. Alvarez,BRE-1015,Breakers & Panels,3,93.54,125.32,124.45,373.35,
INV-50651,2026-07-20,C1036,Chantilly Electric,B,R. Alvarez,HVA-1035,HVAC Equipment,1,1183.06,1405.18,1401.2,1401.2,
INV-50652,2026-06-30,C1033,Cardinal HVAC Services,B,D. Brooks,HVA-1003,HVAC Equipment,1,767.04,881.77,881.63,881.63,
INV-50652,2026-06-30,C1033,Cardinal HVAC Services,B,D. Brooks,HVA-1017,HVAC Parts,4,13.44,18.89,18.95,75.8,
INV-50652,2026-06-30,C1033,Cardinal HVAC Services,B,D. Brooks,HVA-1015,HVAC Equipment,1,646.24,744.3,740.44,740.44,
INV-50652,2026-06-30,C1033,Cardinal HVAC Services,B,D. Brooks,LIG-1011,Lighting,52,19.03,27.22,27.32,1420.64,
INV-50652,2026-06-30,C1033,Cardinal HVAC Services,B,D. Brooks,BRE-1001,Breakers & Panels,8,38.81,49.97,49.63,397.04,
INV-50653,2026-08-21,C1037,Chantilly Electrical Co.,B,D. Brooks,HVA-1020,HVAC Equipment,2,953.96,1097.57,1087.75,2175.5,
INV-50653,2026-08-21,C1037,Chantilly Electrical Co.,B,D. Brooks,HVA-1032,HVAC Parts,2,40.36,54.88,54.92,109.84,
INV-50653,2026-08-21,C1037,Chantilly Electrical Co.,B,D. Brooks,LIG-1013,Lighting,26,9.5,12.94,12.94,336.44,
INV-50654,2026-09-02,C1067,Loudoun Energy Group,C,D. Brooks,BRE-1002,Breakers & Panels,5,117.95,172.57,173.38,866.9,
INV-50654,2026-09-02,C1067,Loudoun Energy Group,C,D. Brooks,CON-1028,Conduit & Fittings,5,8.95,14.51,14.52,72.6,
INV-50654,2026-09-02,C1067,Loudoun Energy Group,C,D. Brooks,BRE-1012,Breakers & Panels,37,33.82,49.6,49.85,1844.45,
INV-50654,2026-09-02,C1067,Loudoun Energy Group,C,D. Brooks,WIR-1013,Wire & Cable,6,317.33,431.21,399.79,2398.74,
INV-50654,2026-09-02,C1067,Loudoun Energy Group,C,D. Brooks,HVA-1025,HVAC Equipment,1,435.7,563.38,558.25,558.25,
INV-50655,2026-07-22,C1084,Occoquan Electrical Co.,C,R. Alvarez,CON-1025,Conduit & Fittings,14,8.4,12.75,12.79,179.06,
INV-50655,2026-07-22,C1084,Occoquan Electrical Co.,C,R. Alvarez,WIR-1020,Wire & Cable,4,212.93,286.06,287.67,1150.68,
INV-50655,2026-07-22,C1084,Occoquan Electrical Co.,C,R. Alvarez,HVA-1000,HVAC Equipment,1,402.96,535.02,533.84,533.84,
INV-50656,2026-09-10,C1112,Ridgeline Heating & Air,C,S. Evans,WIR-1024,Wire & Cable,12,274.36,378.3,339.23,4070.76,
INV-50656,2026-09-10,C1112,Ridgeline Heating & Air,C,S. Evans,HVA-1002,HVAC Parts,4,33.4,47.0,46.9,187.6,
INV-50656,2026-09-10,C1112,Ridgeline Heating & Air,C,S. Evans,HVA-1009,HVAC Equipment,1,1188.73,1573.7,1560.89,1560.89,
INV-50656,2026-09-10,C1112,Ridgeline Heating & Air,C,S. Evans,LIG-1026,Lighting,3,15.8,23.36,23.14,69.42,
INV-50657,2026-07-04,C1006,Blue Ridge Heating & Air,A,M. Dunn,WIR-1032,Wire & Cable,3,294.58,333.89,333.43,1000.29,
INV-50657,2026-07-04,C1006,Blue Ridge Heating & Air,A,M. Dunn,BRE-1012,Breakers & Panels,1,33.82,41.77,41.49,41.49,
INV-50657,2026-07-04,C1006,Blue Ridge Heating & Air,A,M. Dunn,HVA-1001,HVAC Equipment,1,1321.74,1471.69,1485.25,1485.25,
INV-50657,2026-07-04,C1006,Blue Ridge Heating & Air,A,M. Dunn,HVA-1029,HVAC Equipment,3,706.2,785.35,786.68,2360.04,
INV-50658,2026-08-03,C1035,Chantilly Contracting,B,S. Evans,HVA-1013,HVAC Equipment,1,1860.42,2216.35,2207.57,2207.57,
INV-50658,2026-08-03,C1035,Chantilly Contracting,B,S. Evans,WIR-1014,Wire & Cable,3,313.51,399.04,402.61,1207.83,
INV-50658,2026-08-03,C1035,Chantilly Contracting,B,S. Evans,HVA-1000,HVAC Equipment,1,402.96,495.6,494.32,494.32,
INV-50658,2026-08-03,C1035,Chantilly Contracting,B,S. Evans,CON-1017,Conduit & Fittings,28,21.97,32.43,32.4,907.2,
INV-50658,2026-08-03,C1035,Chantilly Contracting,B,S. Evans,CON-1007,Conduit & Fittings,31,3.77,5.08,5.05,156.55,
INV-50659,2026-08-30,C1100,Reston Contracting,C,K. Foster,HVA-1033,HVAC Parts,7,37.29,52.0,51.53,360.71,
INV-50659,2026-08-30,C1100,Reston Contracting,C,K. Foster,LIG-1034,Lighting,8,44.13,63.04,63.06,504.48,
INV-50659,2026-08-30,C1100,Reston Contracting,C,K. Foster,WIR-1021,Wire & Cable,1,162.13,222.85,221.45,221.45,
INV-50660,2026-07-31,C1002,Blue Ridge Comfort Systems,A,S. Evans,CON-1021,Conduit & Fittings,3,8.73,11.74,11.84,35.52,
INV-50660,2026-07-31,C1002,Blue Ridge Comfort Systems,A,S. Evans,HVA-1022,HVAC Parts,2,133.45,164.52,163.22,326.44,
INV-50660,2026-07-31,C1002,Blue Ridge Comfort Systems,A,S. Evans,WIR-1021,Wire & Cable,9,162.13,187.66,187.34,1686.06,
INV-50660,2026-07-31,C1002,Blue Ridge Comfort Systems,A,S. Evans,LIG-1005,Lighting,20,24.04,30.42,29.4,588.0,
INV-50661,2026-07-11,C1009,Bull Run Contracting,A,M. Dunn,CON-1032,Conduit & Fittings,45,22.74,29.79,29.97,1348.65,
INV-50661,2026-07-11,C1009,Bull Run Contracting,A,M. Dunn,HVA-1004,HVAC Parts,2,16.08,19.65,18.81,37.62,MGR
INV-50661,2026-07-11,C1009,Bull Run Contracting,A,M. Dunn,HVA-1032,HVAC Equipment,1,850.39,918.62,925.9,925.9,
INV-50661,2026-07-11,C1009,Bull Run Contracting,A,M. Dunn,HVA-1025,HVAC Equipment,19,435.7,474.42,470.38,8937.22,
INV-50662,2026-08-12,C1032,Cardinal Energy Group,B,T. Chen,LIG-1007,Lighting,17,114.08,149.09,150.1,2551.7,
INV-50662,2026-08-12,C1032,Cardinal Energy Group,B,T. Chen,WIR-1010,Wire & Cable,6,416.68,509.46,513.34,3080.04,
INV-50662,2026-08-12,C1032,Cardinal Energy Group,B,T. Chen,WIR-1003,Wire & Cable,6,52.37,64.69,64.21,385.26,
INV-50662,2026-08-12,C1032,Cardinal Energy Group,B,T. Chen,HVA-1033,HVAC Parts,22,37.29,48.17,47.79,1051.38,
INV-50663,2026-07-05,C1056,Leesburg Electric,C,K. Foster,LIG-1033,Lighting,7,27.69,41.64,42.03,294.21,
INV-50663,2026-07-05,C1056,Leesburg Electric,C,K. Foster,WIR-1028,Wire & Cable,3,76.0,105.43,104.79,314.37,
INV-50663,2026-07-05,C1056,Leesburg Electric,C,K. Foster,BRE-1000,Breakers & Panels,1,42.31,62.86,62.47,62.47,
INV-50663,2026-07-05,C1056,Leesburg Electric,C,K. Foster,HVA-1017,HVAC Parts,3,13.44,20.4,20.6,61.8,
INV-50663,2026-07-05,C1056,Leesburg Electric,C,K. Foster,WIR-1032,Wire & Cable,5,294.58,396.49,377.5,1887.5,MGR
INV-50664,2026-07-22,C1016,Burke Building Services,B,K. Foster,HVA-1017,HVAC Parts,4,13.44,18.89,19.06,76.24,
INV-50664,2026-07-22,C1016,Burke Building Services,B,K. Foster,BRE-1000,Breakers & Panels,14,42.31,58.23,57.97,811.58,
INV-50664,2026-07-22,C1016,Burke Building Services,B,K. Foster,HVA-1005,HVAC Parts,3,90.38,116.42,117.04,351.12,
INV-50665,2026-09-11,C1007,Bull Run Building Services,A,M. Dunn,HVA-1018,HVAC Equipment,5,798.66,872.34,870.57,4352.85,
INV-50665,2026-09-11,C1007,Bull Run Building Services,A,M. Dunn,LIG-1023,Lighting,4,160.88,209.87,208.74,834.96,
INV-50665,2026-09-11,C1007,Bull Run Building Services,A,M. Dunn,CON-1010,Conduit & Fittings,26,12.81,15.62,15.76,409.76,
INV-50665,2026-09-11,C1007,Bull Run Building Services,A,M. Dunn,HVA-1019,HVAC Parts,5,165.59,204.9,206.26,1031.3,
INV-50666,2026-09-10,C1034,Cardinal Power Systems,B,K. Foster,WIR-1017,Wire & Cable,16,51.35,65.17,65.03,1040.48,
INV-50666,2026-09-10,C1034,Cardinal Power Systems,B,K. Foster,HVA-1015,HVAC Equipment,1,646.24,744.3,737.62,737.62,
INV-50666,2026-09-10,C1034,Cardinal Power Systems,B,K. Foster,BRE-1016,Breakers & Panels,13,22.89,30.06,29.81,387.53,
INV-50666,2026-09-10,C1034,Cardinal Power Systems,B,K. Foster,LIG-1013,Lighting,8,9.5,12.94,12.84,102.72,
INV-50667,2026-07-09,C1037,Chantilly Electrical Co.,B,D. Brooks,HVA-1017,HVAC Parts,3,13.44,18.89,18.79,56.37,
INV-50667,2026-07-09,C1037,Chantilly Electrical Co.,B,D. Brooks,HVA-1017,HVAC Parts,4,13.44,18.89,18.7,74.8,
INV-50667,2026-07-09,C1037,Chantilly Electrical Co.,B,D. Brooks,LIG-1022,Lighting,2,13.9,18.6,18.69,37.38,
INV-50667,2026-07-09,C1037,Chantilly Electrical Co.,B,D. Brooks,BRE-1000,Breakers & Panels,1,42.31,58.23,58.31,58.31,
INV-50667,2026-07-09,C1037,Chantilly Electrical Co.,B,D. Brooks,HVA-1034,HVAC Parts,3,21.98,29.88,29.7,89.1,
INV-50668,2026-07-03,C1009,Bull Run Contracting,A,M. Dunn,LIG-1023,Lighting,3,160.88,209.87,209.81,629.43,
INV-50668,2026-07-03,C1009,Bull Run Contracting,A,M. Dunn,HVA-1023,HVAC Equipment,4,1062.71,1129.42,1122.25,4489.0,
INV-50668,2026-07-03,C1009,Bull Run Contracting,A,M. Dunn,HVA-1015,HVAC Parts,2,173.58,204.49,204.8,409.6,
INV-50668,2026-07-03,C1009,Bull Run Contracting,A,M. Dunn,LIG-1030,Lighting,4,127.4,159.05,160.02,640.08,
INV-50668,2026-07-03,C1009,Bull Run Contracting,A,M. Dunn,WIR-1011,Wire & Cable,16,126.22,140.4,141.39,2262.24,
INV-50669,2026-07-18,C1048,Dulles HVAC Services,B,R. Alvarez,LIG-1033,Lighting,6,27.69,38.57,38.8,232.8,
INV-50669,2026-07-18,C1048,Dulles HVAC Services,B,R. Alvarez,LIG-1026,Lighting,2,15.8,21.64,21.66,43.32,
INV-50669,2026-07-18,C1048,Dulles HVAC Services,B,R. Alvarez,CON-1028,Conduit & Fittings,81,8.95,13.44,13.54,1096.74,
INV-50669,2026-07-18,C1048,Dulles HVAC Services,B,R. Alvarez,CON-1005,Conduit & Fittings,9,4.97,7.09,7.09,63.81,
INV-50670,2026-08-27,C1007,Bull Run Building Services,A,M. Dunn,LIG-1001,Lighting,6,30.22,36.48,36.64,219.84,
INV-50670,2026-08-27,C1007,Bull Run Building Services,A,M. Dunn,HVA-1004,HVAC Equipment,1,1034.98,1150.15,1151.24,1151.24,
INV-50670,2026-08-27,C1007,Bull Run Building Services,A,M. Dunn,CON-1004,Conduit & Fittings,31,49.09,60.94,60.47,1874.57,
INV-50670,2026-08-27,C1007,Bull Run Building Services,A,M. Dunn,HVA-1002,HVAC Parts,5,33.4,39.58,39.45,197.25,
INV-50671,2026-07-03,C1008,Bull Run Comfort Systems,A,D. Brooks,BRE-1005,Breakers & Panels,4,159.52,192.26,171.86,687.44,
INV-50671,2026-07-03,C1008,Bull Run Comfort Systems,A,D. Brooks,WIR-1014,Wire & Cable,2,313.51,362.76,363.19,726.38,
INV-50671,2026-07-03,C1008,Bull Run Comfort Systems,A,D. Brooks,CON-1003,Conduit & Fittings,18,2.25,3.01,3.01,54.18,
INV-50671,2026-07-03,C1008,Bull Run Comfort Systems,A,D. Brooks,WIR-1012,Wire & Cable,4,133.61,148.42,149.26,597.04,
INV-50671,2026-07-03,C1008,Bull Run Comfort Systems,A,D. Brooks,LIG-1003,Lighting,23,183.14,240.01,237.83,5470.09,
INV-50672,2026-09-15,C1031,Cardinal Comfort Systems,B,T. Chen,WIR-1010,Wire & Cable,14,416.68,509.46,505.07,7070.98,
INV-50672,2026-09-15,C1031,Cardinal Comfort Systems,B,T. Chen,HVA-1026,HVAC Parts,4,7.14,9.26,9.17,36.68,
INV-50672,2026-09-15,C1031,Cardinal Comfort Systems,B,T. Chen,HVA-1029,HVAC Equipment,1,706.2,863.89,868.46,868.46,
INV-50672,2026-09-15,C1031,Cardinal Comfort Systems,B,T. Chen,CON-1024,Conduit & Fittings,9,3.43,5.18,5.18,46.62,
INV-50672,2026-09-15,C1031,Cardinal Comfort Systems,B,T. Chen,HVA-1020,HVAC Equipment,3,953.96,1097.57,1064.51,3193.53,VERBAL
INV-50672,2026-09-15,C1031,Cardinal Comfort Systems,B,T. Chen,HVA-1004,HVAC Equipment,1,1034.98,1265.17,1269.92,1269.92,
INV-50673,2026-07-01,C1005,Blue Ridge Energy Group,A,M. Dunn,HVA-1017,HVAC Parts,11,13.44,17.18,17.18,188.98,
INV-50673,2026-07-01,C1005,Blue Ridge Energy Group,A,M. Dunn,HVA-1022,HVAC Equipment,9,465.16,488.86,491.19,4420.71,
INV-50673,2026-07-01,C1005,Blue Ridge Energy Group,A,M. Dunn,CON-1019,Conduit & Fittings,11,3.49,4.34,4.02,44.22,MGR
INV-50674,2026-08-31,C1006,Blue Ridge Heating & Air,A,M. Dunn,BRE-1018,Breakers & Panels,3,111.4,128.54,128.61,385.83,
INV-50674,2026-08-31,C1006,Blue Ridge Heating & Air,A,M. Dunn,WIR-1027,Wire & Cable,6,43.54,49.74,49.63,297.78,
INV-50674,2026-08-31,C1006,Blue Ridge Heating & Air,A,M. Dunn,CON-1012,Conduit & Fittings,23,12.67,16.28,16.26,373.98,
INV-50674,2026-08-31,C1006,Blue Ridge Heating & Air,A,M. Dunn,HVA-1014,HVAC Parts,2,114.93,141.83,141.33,282.66,
INV-50675,2026-09-11,C1005,Blue Ridge Energy Group,A,M. Dunn,HVA-1023,HVAC Equipment,1,1062.71,1129.42,1118.66,1118.66,
INV-50675,2026-09-11,C1005,Blue Ridge Energy Group,A,M. Dunn,LIG-1026,Lighting,3,15.8,19.67,19.75,59.25,
INV-50675,2026-09-11,C1005,Blue Ridge Energy Group,A,M. Dunn,BRE-1025,Breakers & Panels,5,164.87,195.19,193.42,967.1,
INV-50676,2026-09-08,C1037,Chantilly Electrical Co.,B,D. Brooks,CON-1025,Conduit & Fittings,82,8.4,11.81,11.0,902.0,MGR
INV-50676,2026-09-08,C1037,Chantilly Electrical Co.,B,D. Brooks,BRE-1001,Breakers & Panels,8,38.81,49.97,49.99,399.92,
INV-50676,2026-09-08,C1037,Chantilly Electrical Co.,B,D. Brooks,HVA-1022,HVAC Parts,2,133.45,180.97,179.85,359.7,
INV-50676,2026-09-08,C1037,Chantilly Electrical Co.,B,D. Brooks,LIG-1017,Lighting,4,36.9,48.51,48.83,195.32,
INV-50676,2026-09-08,C1037,Chantilly Electrical Co.,B,D. Brooks,CON-1020,Conduit & Fittings,12,32.14,45.19,45.35,544.2,
INV-50677,2026-07-14,C1006,Blue Ridge Heating & Air,A,M. Dunn,CON-1027,Conduit & Fittings,10,53.89,70.66,71.05,710.5,
INV-50677,2026-07-14,C1006,Blue Ridge Heating & Air,A,M. Dunn,LIG-1005,Lighting,5,24.04,30.42,30.37,151.85,
INV-50677,2026-07-14,C1006,Blue Ridge Heating & Air,A,M. Dunn,HVA-1002,HVAC Equipment,6,1734.3,1847.29,1831.49,10988.94,
INV-50677,2026-07-14,C1006,Blue Ridge Heating & Air,A,M. Dunn,HVA-1027,HVAC Parts,3,66.45,79.89,79.54,238.62,
INV-50677,2026-07-14,C1006,Blue Ridge Heating & Air,A,M. Dunn,HVA-1005,HVAC Equipment,2,1913.09,2066.49,2086.9,4173.8,
INV-50678,2026-08-06,C1009,Bull Run Contracting,A,M. Dunn,HVA-1017,HVAC Equipment,2,2240.25,2432.9,2433.56,4867.12,
INV-50678,2026-08-06,C1009,Bull Run Contracting,A,M. Dunn,LIG-1006,Lighting,4,17.96,23.46,23.65,94.6,
INV-50678,2026-08-06,C1009,Bull Run Contracting,A,M. Dunn,HVA-1025,HVAC Parts,2,66.1,85.7,86.02,172.04,
INV-50679,2026-07-10,C1007,Bull Run Building Services,A,M. Dunn,CON-1025,Conduit & Fittings,12,8.4,10.74,10.69,128.28,
INV-50679,2026-07-10,C1007,Bull Run Building Services,A,M. Dunn,HVA-1003,HVAC Equipment,1,767.04,801.61,806.31,806.31,
INV-50679,2026-07-10,C1007,Bull Run Building Services,A,M. Dunn,WIR-1032,Wire & Cable,3,294.58,333.89,331.4,994.2,
INV-50679,2026-07-10,C1007,Bull Run Building Services,A,M. Dunn,WIR-1030,Wire & Cable,3,123.15,138.74,138.01,414.03,
INV-50680,2026-08-15,C1101,Reston Electric,C,R. Alvarez,CON-1014,Conduit & Fittings,9,6.03,9.49,9.57,86.13,
INV-50680,2026-08-15,C1101,Reston Electric,C,R. Alvarez,HVA-1029,HVAC Equipment,6,706.2,932.61,929.47,5576.82,
INV-50680,2026-08-15,C1101,Reston Electric,C,R. Alvarez,WIR-1035,Wire & Cable,1,83.22,115.8,116.82,116.82,
INV-50680,2026-08-15,C1101,Reston Electric,C,R. Alvarez,LIG-1032,Lighting,7,22.45,35.3,35.57,248.99,
INV-50681,2026-07-16,C1114,Shenandoah Contracting,C,K. Foster,HVA-1008,HVAC Equipment,1,913.36,1181.57,1181.28,1181.28,
INV-50681,2026-07-16,C1114,Shenandoah Contracting,C,K. Foster,BRE-1030,Breakers & Panels,12,12.43,17.18,17.25,207.0,
INV-50681,2026-07-16,C1114,Shenandoah Contracting,C,K. Foster,HVA-1001,HVAC Equipment,1,1321.74,1747.63,1753.41,1753.41,
INV-50681,2026-07-16,C1114,Shenandoah Contracting,C,K. Foster,WIR-1017,Wire & Cable,10,51.35,70.36,70.96,709.6,
INV-50681,2026-07-16,C1114,Shenandoah Contracting,C,K. Foster,CON-1007,Conduit & Fittings,14,3.77,5.48,5.46,76.44,
INV-50681,2026-07-16,C1114,Shenandoah Contracting,C,K. Foster,WIR-1009,Wire & Cable,2,329.33,466.09,466.94,933.88,
INV-50682,2026-08-30,C1032,Cardinal Energy Group,B,T. Chen,LIG-1010,Lighting,5,87.43,116.27,117.07,585.35,
INV-50682,2026-08-30,C1032,Cardinal Energy Group,B,T. Chen,LIG-1006,Lighting,7,17.96,25.81,25.92,181.44,
INV-50682,2026-08-30,C1032,Cardinal Energy Group,B,T. Chen,BRE-1020,Breakers & Panels,6,33.52,45.36,45.13,270.78,
INV-50682,2026-08-30,C1032,Cardinal Energy Group,B,T. Chen,WIR-1007,Wire & Cable,7,157.76,197.99,196.97,1378.79,
INV-50683,2026-08-26,C1091,Old Dominion Mechanical,C,D. Brooks,HVA-1021,HVAC Equipment,2,2137.62,2675.49,2694.55,5389.1,
INV-50683,2026-08-26,C1091,Old Dominion Mechanical,C,D. Brooks,CON-1033,Conduit & Fittings,50,3.42,5.03,4.99,249.5,
INV-50683,2026-08-26,C1091,Old Dominion Mechanical,C,D. Brooks,WIR-1013,Wire & Cable,6,317.33,431.21,433.63,2601.78,
INV-50683,2026-08-26,C1091,Old Dominion Mechanical,C,D. Brooks,LIG-1014,Lighting,4,9.82,14.95,14.9,59.6,
INV-50684,2026-07-04,C1013,Bull Run HVAC Services,A,D. Brooks,HVA-1032,HVAC Equipment,1,850.39,918.62,913.95,913.95,
INV-50684,2026-07-04,C1013,Bull Run HVAC Services,A,D. Brooks,CON-1023,Conduit & Fittings,41,53.8,67.06,67.73,2776.93,
INV-50684,2026-07-04,C1013,Bull Run HVAC Services,A,D. Brooks,WIR-1017,Wire & Cable,17,51.35,59.25,59.2,1006.4,
INV-50684,2026-07-04,C1013,Bull Run HVAC Services,A,D. Brooks,CON-1011,Conduit & Fittings,23,4.24,5.38,5.42,124.66,
INV-50684,2026-07-04,C1013,Bull Run HVAC Services,A,D. Brooks,LIG-1023,Lighting,5,160.88,209.87,211.52,1057.6,
INV-50684,2026-07-04,C1013,Bull Run HVAC Services,A,D. Brooks,HVA-1031,HVAC Equipment,1,1021.28,1131.8,1136.71,1136.71,
INV-50685,2026-07-09,C1047,Dulles Energy Group,B,T. Chen,HVA-1017,HVAC Parts,8,13.44,18.89,19.06,152.48,
INV-50685,2026-07-09,C1047,Dulles Energy Group,B,T. Chen,BRE-1031,Breakers & Panels,1,33.11,42.91,43.17,43.17,
INV-50685,2026-07-09,C1047,Dulles Energy Group,B,T. Chen,HVA-1029,HVAC Parts,4,7.05,10.01,10.03,40.12,
INV-50686,2026-09-18,C1005,Blue Ridge Energy Group,A,M. Dunn,LIG-1018,Lighting,1,40.2,50.38,50.36,50.36,
INV-50686,2026-09-18,C1005,Blue Ridge Energy Group,A,M. Dunn,CON-1014,Conduit & Fittings,7,6.03,7.99,8.03,56.21,
INV-50686,2026-09-18,C1005,Blue Ridge Energy Group,A,M. Dunn,BRE-1009,Breakers & Panels,4,29.59,35.71,35.65,142.6,
INV-50687,2026-06-30,C1035,Chantilly Contracting,B,S. Evans,CON-1019,Conduit & Fittings,43,3.49,4.77,4.79,205.97,
INV-50687,2026-06-30,C1035,Chantilly Contracting,B,S. Evans,BRE-1023,Breakers & Panels,1,34.02,43.3,43.22,43.22,
INV-50687,2026-06-30,C1035,Chantilly Contracting,B,S. Evans,HVA-1008,HVAC Parts,1,23.36,30.69,30.99,30.99,
INV-50687,2026-06-30,C1035,Chantilly Contracting,B,S. Evans,WIR-1022,Wire & Cable,25,83.06,108.21,107.41,2685.25,
INV-50687,2026-06-30,C1035,Chantilly Contracting,B,S. Evans,LIG-1014,Lighting,1,9.82,13.85,13.79,13.79,
INV-50688,2026-07-25,C1001,Blue Ridge Building Services,A,M. Dunn,CON-1020,Conduit & Fittings,20,32.14,41.08,40.68,813.6,
INV-50688,2026-07-25,C1001,Blue Ridge Building Services,A,M. Dunn,WIR-1015,Wire & Cable,9,35.17,39.77,39.95,359.55,
INV-50688,2026-07-25,C1001,Blue Ridge Building Services,A,M. Dunn,CON-1006,Conduit & Fittings,4,6.73,8.64,8.65,34.6,
INV-50688,2026-07-25,C1001,Blue Ridge Building Services,A,M. Dunn,WIR-1005,Wire & Cable,9,392.51,436.93,436.12,3925.08,
INV-50689,2026-09-26,C1049,Dulles Heating & Air,B,K. Foster,CON-1022,Conduit & Fittings,82,3.57,4.9,4.91,402.62,
INV-50689,2026-09-26,C1049,Dulles Heating & Air,B,K. Foster,BRE-1018,Breakers & Panels,4,111.4,141.4,140.17,560.68,
INV-50689,2026-09-26,C1049,Dulles Heating & Air,B,K. Foster,WIR-1015,Wire & Cable,9,35.17,43.74,44.16,397.44,
INV-50689,2026-09-26,C1049,Dulles Heating & Air,B,K. Foster,BRE-1012,Breakers & Panels,2,33.82,45.94,45.96,91.92,
INV-50690,2026-08-28,C1031,Cardinal Comfort Systems,B,T. Chen,BRE-1016,Breakers & Panels,1,22.89,30.06,30.19,30.19,
INV-50690,2026-08-28,C1031,Cardinal Comfort Systems,B,T. Chen,WIR-1012,Wire & Cable,4,133.61,163.27,161.67,646.68,
INV-50690,2026-08-28,C1031,Cardinal Comfort Systems,B,T. Chen,WIR-1016,Wire & Cable,10,87.34,107.19,107.0,1070.0,
INV-50691,2026-09-16,C1018,Burke Electric,B,S. Evans,WIR-1027,Wire & Cable,6,43.54,54.71,49.78,298.68,
INV-50691,2026-09-16,C1018,Burke Electric,B,S. Evans,HVA-1006,HVAC Parts,2,55.33,75.07,75.61,151.22,
INV-50691,2026-09-16,C1018,Burke Electric,B,S. Evans,CON-1016,Conduit & Fittings,6,2.76,3.96,3.98,23.88,
INV-50692,2026-07-10,C1002,Blue Ridge Comfort Systems,A,S. Evans,HVA-1014,HVAC Parts,3,114.93,141.83,140.98,422.94,
INV-50692,2026-07-10,C1002,Blue Ridge Comfort Systems,A,S. Evans,LIG-1024,Lighting,6,41.61,51.34,51.12,306.72,
INV-50692,2026-07-10,C1002,Blue Ridge Comfort Systems,A,S. Evans,BRE-1005,Breakers & Panels,3,159.52,192.26,194.14,582.42,
INV-50692,2026-07-10,C1002,Blue Ridge Comfort Systems,A,S. Evans,LIG-1025,Lighting,49,11.2,14.18,14.12,691.88,
INV-50692,2026-07-10,C1002,Blue Ridge Comfort Systems,A,S. Evans,BRE-1029,Breakers & Panels,1,100.96,122.87,111.1,111.1,
INV-50693,2026-07-22,C1014,Bull Run Heating & Air,A,S. Evans,CON-1016,Conduit & Fittings,16,2.76,3.6,3.57,57.12,
INV-50693,2026-07-22,C1014,Bull Run Heating & Air,A,S. Evans,HVA-1027,HVAC Parts,6,66.45,79.89,79.15,474.9,
INV-50694,2026-07-30,C1083,Occoquan Electric,C,M. Dunn,LIG-1031,Lighting,3,46.98,72.51,71.92,215.76,
INV-50694,2026-07-30,C1083,Occoquan Electric,C,M. Dunn,WIR-1019,Wire & Cable,7,116.68,163.6,163.0,1141.0,
INV-50694,2026-07-30,C1083,Occoquan Electric,C,M. Dunn,BRE-1013,Breakers & Panels,15,205.1,308.19,311.2,4668.0,
INV-50694,2026-07-30,C1083,Occoquan Electric,C,M. Dunn,CON-1014,Conduit & Fittings,18,6.03,9.49,9.4,169.2,
INV-50695,2026-07-15,C1009,Bull Run Contracting,A,M. Dunn,HVA-1018,HVAC Equipment,1,798.66,872.34,875.21,875.21,
INV-50695,2026-07-15,C1009,Bull Run Contracting,A,M. Dunn,CON-1000,Conduit & Fittings,20,23.85,29.44,29.65,593.0,
INV-50695,2026-07-15,C1009,Bull Run Contracting,A,M. Dunn,HVA-1016,HVAC Parts,10,11.14,14.34,14.27,142.7,
INV-50696,2026-09-23,C1016,Burke Building Services,B,K. Foster,HVA-1000,HVAC Parts,17,6.37,9.06,9.12,155.04,
INV-50696,2026-09-23,C1016,Burke Building Services,B,K. Foster,BRE-1009,Breakers & Panels,7,29.59,39.28,39.34,275.38,
INV-50696,2026-09-23,C1016,Burke Building Services,B,K. Foster,LIG-1027,Lighting,10,15.54,21.38,21.33,213.3,
INV-50696,2026-09-23,C1016,Burke Building Services,B,K. Foster,BRE-1005,Breakers & Panels,9,159.52,211.48,210.47,1894.23,
INV-50696,2026-09-23,C1016,Burke Building Services,B,K. Foster,HVA-1001,HVAC Equipment,3,1321.74,1618.86,1630.26,4890.78,
INV-50697,2026-08-14,C1096,Potomac Energy Group,C,K. Foster,BRE-1004,Breakers & Panels,2,156.83,221.63,219.77,439.54,
INV-50697,2026-08-14,C1096,Potomac Energy Group,C,K. Foster,CON-1033,Conduit & Fittings,11,3.42,5.03,5.07,55.77,
INV-50697,2026-08-14,C1096,Potomac Energy Group,C,K. Foster,LIG-1011,Lighting,7,19.03,29.38,29.14,203.98,
INV-50697,2026-08-14,C1096,Potomac Energy Group,C,K. Foster,HVA-1012,HVAC Equipment,3,922.14,1171.15,1176.16,3528.48,
INV-50698,2026-07-07,C1084,Occoquan Electrical Co.,C,R. Alvarez,WIR-1034,Wire & Cable,2,60.49,83.45,83.5,167.0,
INV-50698,2026-07-07,C1084,Occoquan Electrical Co.,C,R. Alvarez,LIG-1030,Lighting,17,127.4,188.87,189.97,3229.49,
INV-50698,2026-07-07,C1084,Occoquan Electrical Co.,C,R. Alvarez,HVA-1014,HVAC Equipment,3,1053.64,1315.51,1323.16,3969.48,
INV-50698,2026-07-07,C1084,Occoquan Electrical Co.,C,R. Alvarez,WIR-1034,Wire & Cable,7,60.49,83.45,82.71,578.97,
INV-50699,2026-09-12,C1038,Chantilly Energy Group,B,S. Evans,WIR-1019,Wire & Cable,21,116.68,151.54,152.06,3193.26,
INV-50699,2026-09-12,C1038,Chantilly Energy Group,B,S. Evans,CON-1009,Conduit & Fittings,19,17.71,25.11,25.24,479.56,
INV-50699,2026-09-12,C1038,Chantilly Energy Group,B,S. Evans,HVA-1004,HVAC Parts,8,16.08,21.61,21.4,171.2,
INV-50699,2026-09-12,C1038,Chantilly Energy Group,B,S. Evans,LIG-1032,Lighting,7,22.45,32.7,32.78,229.46,
INV-50700,2026-08-12,C1004,Blue Ridge Electrical Co.,A,T. Chen,CON-1004,Conduit & Fittings,32,49.09,60.94,60.87,1947.84,
INV-50700,2026-08-12,C1004,Blue Ridge Electrical Co.,A,T. Chen,HVA-1030,HVAC Equipment,5,1433.65,1539.08,1550.48,7752.4,
INV-50700,2026-08-12,C1004,Blue Ridge Electrical Co.,A,T. Chen,HVA-1010,HVAC Equipment,1,1378.41,1472.2,1486.2,1486.2,
INV-50700,2026-08-12,C1004,Blue Ridge Electrical Co.,A,T. Chen,HVA-1007,HVAC Parts,2,201.93,238.82,240.0,480.0,
INV-50701,2026-09-14,C1061,Lorton Contracting,C,K. Foster,BRE-1011,Breakers & Panels,5,108.7,159.32,158.09,790.45,
INV-50701,2026-09-14,C1061,Lorton Contracting,C,K. Foster,HVA-1022,HVAC Equipment,6,465.16,580.52,580.54,3483.24,
INV-50702,2026-07-13,C1074,Manassas Electrical Co.,C,M. Dunn,WIR-1028,Wire & Cable,9,76.0,105.43,105.78,952.02,
INV-50702,2026-07-13,C1074,Manassas Electrical Co.,C,M. Dunn,HVA-1011,HVAC Parts,4,8.86,13.67,13.74,54.96,
INV-50702,2026-07-13,C1074,Manassas Electrical Co.,C,M. Dunn,LIG-1030,Lighting,5,127.4,188.87,189.16,945.8,
INV-50702,2026-07-13,C1074,Manassas Electrical Co.,C,M. Dunn,BRE-1024,Breakers & Panels,4,23.6,32.69,32.39,129.56,
INV-50702,2026-07-13,C1074,Manassas Electrical Co.,C,M. Dunn,HVA-1025,HVAC Parts,5,66.1,101.77,98.21,491.05,
INV-50702,2026-07-13,C1074,Manassas Electrical Co.,C,M. Dunn,BRE-1006,Breakers & Panels,20,18.77,27.38,27.25,545.0,
INV-50703,2026-07-06,C1084,Occoquan Electrical Co.,C,R. Alvarez,WIR-1025,Wire & Cable,11,108.67,148.57,148.02,1628.22,
INV-50703,2026-07-06,C1084,Occoquan Electrical Co.,C,R. Alvarez,HVA-1028,HVAC Equipment,3,685.83,878.65,878.64,2635.92,
INV-50703,2026-07-06,C1084,Occoquan Electrical Co.,C,R. Alvarez,BRE-1018,Breakers & Panels,4,111.4,152.65,151.81,607.24,
INV-50703,2026-07-06,C1084,Occoquan Electrical Co.,C,R. Alvarez,LIG-1010,Lighting,7,87.43,125.52,125.53,878.71,
INV-50703,2026-07-06,C1084,Occoquan Electrical Co.,C,R. Alvarez,HVA-1033,HVAC Equipment,1,1194.8,1527.27,1529.53,1529.53,
INV-50704,2026-09-17,C1003,Blue Ridge Electric,A,D. Brooks,HVA-1001,HVAC Equipment,2,1321.74,1471.69,1466.66,2933.32,
INV-50704,2026-09-17,C1003,Blue Ridge Electric,A,D. Brooks,CON-1016,Conduit & Fittings,39,2.76,3.6,3.59,140.01,
INV-50705,2026-06-29,C1025,Capitol Building Services,B,R. Alvarez,HVA-1030,HVAC Equipment,1,1433.65,1692.99,1694.76,1694.76,
INV-50705,2026-06-29,C1025,Capitol Building Services,B,R. Alvarez,CON-1006,Conduit & Fittings,11,6.73,9.5,9.45,103.95,
INV-50705,2026-06-29,C1025,Capitol Building Services,B,R. Alvarez,HVA-1001,HVAC Equipment,3,1321.74,1618.86,1632.85,4898.55,
INV-50706,2026-08-16,C1099,Reston Comfort Systems,C,K. Foster,CON-1008,Conduit & Fittings,10,3.76,5.53,5.49,54.9,
INV-50706,2026-08-16,C1099,Reston Comfort Systems,C,K. Foster,HVA-1003,HVAC Parts,8,14.6,21.38,21.43,171.44,
INV-50706,2026-08-16,C1099,Reston Comfort Systems,C,K. Foster,LIG-1015,Lighting,2,64.96,98.44,97.89,195.78,
INV-50706,2026-08-16,C1099,Reston Comfort Systems,C,K. Foster,WIR-1009,Wire & Cable,4,329.33,466.09,468.9,1875.6,
INV-50706,2026-08-16,C1099,Reston Comfort Systems,C,K. Foster,CON-1001,Conduit & Fittings,19,32.08,50.12,49.8,946.2,
INV-50706,2026-08-16,C1099,Reston Comfort Systems,C,K. Foster,HVA-1010,HVAC Parts,8,26.77,37.55,37.8,302.4,
INV-50707,2026-08-13,C1002,Blue Ridge Comfort Systems,A,S. Evans,WIR-1005,Wire & Cable,2,392.51,436.93,406.82,813.64,
INV-50707,2026-08-13,C1002,Blue Ridge Comfort Systems,A,S. Evans,BRE-1019,Breakers & Panels,4,66.96,79.14,72.19,288.76,
INV-50707,2026-08-13,C1002,Blue Ridge Comfort Systems,A,S. Evans,CON-1019,Conduit & Fittings,29,3.49,4.34,4.32,125.28,
INV-50708,2026-09-18,C1095,Potomac Electric,C,S. Evans,BRE-1004,Breakers & Panels,13,156.83,221.63,221.82,2883.66,
INV-50708,2026-09-18,C1095,Potomac Electric,C,S. Evans,WIR-1011,Wire & Cable,8,126.22,166.72,166.42,1331.36,
INV-50709,2026-09-06,C1014,Bull Run Heating & Air,A,S. Evans,BRE-1000,Breakers & Panels,6,42.31,52.94,53.0,318.0,
INV-50709,2026-09-06,C1014,Bull Run Heating & Air,A,S. Evans,HVA-1029,HVAC Parts,1,7.05,9.1,9.02,9.02,
INV-50709,2026-09-06,C1014,Bull Run Heating & Air,A,S. Evans,HVA-1000,HVAC Equipment,2,402.96,450.54,448.4,896.8,
INV-50709,2026-09-06,C1014,Bull Run Heating & Air,A,S. Evans,HVA-1021,HVAC Parts,2,221.97,279.02,276.44,552.88,
INV-50709,2026-09-06,C1014,Bull Run Heating & Air,A,S. Evans,BRE-1023,Breakers & Panels,5,34.02,39.36,39.23,196.15,
INV-50709,2026-09-06,C1014,Bull Run Heating & Air,A,S. Evans,CON-1034,Conduit & Fittings,26,17.7,22.0,22.16,576.16,
INV-50710,2026-09-18,C1019,Burke Electrical Co.,B,K. Foster,HVA-1023,HVAC Parts,2,188.12,267.87,267.48,534.96,
INV-50710,2026-09-18,C1019,Burke Electrical Co.,B,K. Foster,HVA-1035,HVAC Equipment,1,1183.06,1405.18,1412.29,1412.29,
INV-50710,2026-09-18,C1019,Burke Electrical Co.,B,K. Foster,CON-1027,Conduit & Fittings,19,53.89,77.72,78.36,1488.84,
INV-50710,2026-09-18,C1019,Burke Electrical Co.,B,K. Foster,WIR-1015,Wire & Cable,7,35.17,43.74,43.95,307.65,
INV-50710,2026-09-18,C1019,Burke Electrical Co.,B,K. Foster,CON-1023,Conduit & Fittings,13,53.8,73.76,73.9,960.7,
INV-50711,2026-07-20,C1004,Blue Ridge Electrical Co.,A,T. Chen,LIG-1000,Lighting,10,11.27,13.74,13.86,138.6,
INV-50711,2026-07-20,C1004,Blue Ridge Electrical Co.,A,T. Chen,CON-1022,Conduit & Fittings,68,3.57,4.46,4.45,302.6,
INV-50711,2026-07-20,C1004,Blue Ridge Electrical Co.,A,T. Chen,HVA-1000,HVAC Equipment,5,402.96,450.54,447.83,2239.15,
INV-50711,2026-07-20,C1004,Blue Ridge Electrical Co.,A,T. Chen,HVA-1024,HVAC Parts,1,167.27,216.78,217.68,217.68,
INV-50711,2026-07-20,C1004,Blue Ridge Electrical Co.,A,T. Chen,BRE-1028,Breakers & Panels,10,83.36,96.84,97.0,970.0,
INV-50712,2026-08-09,C1091,Old Dominion Mechanical,C,D. Brooks,HVA-1001,HVAC Equipment,1,1321.74,1747.63,1747.26,1747.26,
INV-50712,2026-08-09,C1091,Old Dominion Mechanical,C,D. Brooks,CON-1013,Conduit & Fittings,35,25.39,37.33,37.45,1310.75,
INV-50712,2026-08-09,C1091,Old Dominion Mechanical,C,D. Brooks,BRE-1016,Breakers & Panels,4,22.89,32.45,29.31,117.24,
INV-50712,2026-08-09,C1091,Old Dominion Mechanical,C,D. Brooks,BRE-1007,Breakers & Panels,6,24.67,37.33,34.91,209.46,
INV-50712,2026-08-09,C1091,Old Dominion Mechanical,C,D. Brooks,HVA-1002,HVAC Parts,4,33.4,47.0,47.27,189.08,
INV-50712,2026-08-09,C1091,Old Dominion Mechanical,C,D. Brooks,BRE-1005,Breakers & Panels,1,159.52,228.3,227.1,227.1,
INV-50713,2026-07-09,C1074,Manassas Electrical Co.,C,M. Dunn,HVA-1019,HVAC Parts,2,165.59,243.31,241.95,483.9,
INV-50713,2026-07-09,C1074,Manassas Electrical Co.,C,M. Dunn,HVA-1020,HVAC Parts,3,6.84,10.52,10.61,31.83,
INV-50714,2026-08-01,C1065,Loudoun Building Services,C,T. Chen,BRE-1012,Breakers & Panels,5,33.82,49.6,49.67,248.35,
INV-50714,2026-08-01,C1065,Loudoun Building Services,C,T. Chen,HVA-1020,HVAC Parts,5,6.84,10.52,10.5,52.5,
INV-50714,2026-08-01,C1065,Loudoun Building Services,C,T. Chen,BRE-1016,Breakers & Panels,3,22.89,32.45,32.72,98.16,
INV-50714,2026-08-01,C1065,Loudoun Building Services,C,T. Chen,HVA-1028,HVAC Equipment,3,685.83,878.65,886.69,2660.07,
INV-50715,2026-09-04,C1014,Bull Run Heating & Air,A,S. Evans,BRE-1016,Breakers & Panels,7,22.89,27.33,24.83,173.81,
INV-50715,2026-09-04,C1014,Bull Run Heating & Air,A,S. Evans,BRE-1024,Breakers & Panels,3,23.6,27.53,24.56,73.68,
INV-50715,2026-09-04,C1014,Bull Run Heating & Air,A,S. Evans,HVA-1027,HVAC Parts,2,66.45,79.89,79.15,158.3,
INV-50716,2026-07-01,C1029,Capitol Mechanical,B,M. Dunn,LIG-1031,Lighting,18,46.98,67.17,64.81,1166.58,MGR
INV-50716,2026-07-01,C1029,Capitol Mechanical,B,M. Dunn,BRE-1016,Breakers & Panels,10,22.89,30.06,30.25,302.5,
INV-50716,2026-07-01,C1029,Capitol Mechanical,B,M. Dunn,HVA-1009,HVAC Equipment,1,1188.73,1457.75,1456.33,1456.33,
INV-50716,2026-07-01,C1029,Capitol Mechanical,B,M. Dunn,CON-1003,Conduit & Fittings,7,2.25,3.31,3.34,23.38,
INV-50717,2026-09-14,C1032,Cardinal Energy Group,B,T. Chen,HVA-1016,HVAC Equipment,2,1182.28,1364.74,1364.61,2729.22,
INV-50717,2026-09-14,C1032,Cardinal Energy Group,B,T. Chen,HVA-1020,HVAC Parts,3,6.84,9.74,9.71,29.13,
INV-50717,2026-09-14,C1032,Cardinal Energy Group,B,T. Chen,BRE-1010,Breakers & Panels,8,41.23,52.4,52.54,420.32,
INV-50717,2026-09-14,C1032,Cardinal Energy Group,B,T. Chen,HVA-1001,HVAC Parts,4,24.8,31.97,32.0,128.0,
INV-50718,2026-07-08,C1013,Bull Run HVAC Services,A,D. Brooks,HVA-1024,HVAC Equipment,1,2463.08,2710.2,2730.97,2730.97,
INV-50718,2026-07-08,C1013,Bull Run HVAC Services,A,D. Brooks,HVA-1029,HVAC Equipment,1,706.2,785.35,780.12,780.12,
INV-50718,2026-07-08,C1013,Bull Run HVAC Services,A,D. Brooks,LIG-1022,Lighting,5,13.9,16.91,16.84,84.2,
INV-50719,2026-09-12,C1011,Bull Run Electrical Co.,A,D. Brooks,WIR-1022,Wire & Cable,8,83.06,98.38,97.66,781.28,
INV-50719,2026-09-12,C1011,Bull Run Electrical Co.,A,D. Brooks,LIG-1002,Lighting,27,81.88,108.3,108.96,2941.92,
INV-50719,2026-09-12,C1011,Bull Run Electrical Co.,A,D. Brooks,HVA-1031,HVAC Parts,10,45.05,55.73,56.11,561.1,
INV-50719,2026-09-12,C1011,Bull Run Electrical Co.,A,D. Brooks,HVA-1002,HVAC Equipment,1,1734.3,1847.29,1862.66,1862.66,
INV-50719,2026-09-12,C1011,Bull Run Electrical Co.,A,D. Brooks,LIG-1004,Lighting,11,64.29,78.95,79.11,870.21,
INV-50720,2026-08-15,C1022,Burke Heating & Air,B,T. Chen,HVA-1033,HVAC Equipment,4,1194.8,1414.73,1425.7,5702.8,
INV-50720,2026-08-15,C1022,Burke Heating & Air,B,T. Chen,HVA-1017,HVAC Parts,9,13.44,18.89,19.05,171.45,
INV-50720,2026-08-15,C1022,Burke Heating & Air,B,T. Chen,WIR-1023,Wire & Cable,6,47.27,59.52,59.77,358.62,
INV-50721,2026-07-08,C1021,Burke HVAC Services,B,M. Dunn,CON-1000,Conduit & Fittings,8,23.85,32.38,32.54,260.32,
INV-50721,2026-07-08,C1021,Burke HVAC Services,B,M. Dunn,CON-1019,Conduit & Fittings,10,3.49,4.77,4.79,47.9,
INV-50721,2026-07-08,C1021,Burke HVAC Services,B,M. Dunn,CON-1011,Conduit & Fittings,27,4.24,5.92,5.86,158.22,
INV-50721,2026-07-08,C1021,Burke HVAC Services,B,M. Dunn,HVA-1021,HVAC Parts,12,221.97,306.92,303.94,3647.28,
INV-50721,2026-07-08,C1021,Burke HVAC Services,B,M. Dunn,WIR-1035,Wire & Cable,10,83.22,107.26,106.92,1069.2,
INV-50721,2026-07-08,C1021,Burke HVAC Services,B,M. Dunn,HVA-1029,HVAC Equipment,4,706.2,863.89,868.33,3473.32,
INV-50722,2026-09-18,C1064,Lorton Power Systems,C,S. Evans,HVA-1000,HVAC Equipment,1,402.96,535.02,539.15,539.15,
INV-50722,2026-09-18,C1064,Lorton Power Systems,C,S. Evans,HVA-1025,HVAC Parts,1,66.1,101.77,100.83,100.83,
INV-50722,2026-09-18,C1064,Lorton Power Systems,C,S. Evans,WIR-1013,Wire & Cable,14,317.33,431.21,431.73,6044.22,
INV-50722,2026-09-18,C1064,Lorton Power Systems,C,S. Evans,WIR-1018,Wire & Cable,15,47.93,67.87,60.61,909.15,
INV-50723,2026-09-02,C1059,Leesburg Mechanical,C,K. Foster,CON-1024,Conduit & Fittings,9,3.43,5.6,5.6,50.4,
INV-50723,2026-09-02,C1059,Leesburg Mechanical,C,K. Foster,HVA-1000,HVAC Parts,4,6.37,9.78,9.86,39.44,
INV-50723,2026-09-02,C1059,Leesburg Mechanical,C,K. Foster,LIG-1000,Lighting,7,11.27,16.31,16.47,115.29,
INV-50723,2026-09-02,C1059,Leesburg Mechanical,C,K. Foster,CON-1023,Conduit & Fittings,15,53.8,79.63,79.03,1185.45,
INV-50724,2026-09-04,C1030,Capitol Power Systems,B,M. Dunn,HVA-1033,HVAC Equipment,18,1194.8,1414.73,1403.46,25262.28,
INV-50724,2026-09-04,C1030,Capitol Power Systems,B,M. Dunn,LIG-1013,Lighting,6,9.5,12.94,12.9,77.4,
INV-50724,2026-09-04,C1030,Capitol Power Systems,B,M. Dunn,LIG-1005,Lighting,4,24.04,33.46,33.3,133.2,
INV-50724,2026-09-04,C1030,Capitol Power Systems,B,M. Dunn,BRE-1007,Breakers & Panels,21,24.67,34.58,34.32,720.72,
INV-50725,2026-09-15,C1003,Blue Ridge Electric,A,D. Brooks,CON-1022,Conduit & Fittings,8,3.57,4.46,4.42,35.36,
INV-50725,2026-09-15,C1003,Blue Ridge Electric,A,D. Brooks,BRE-1003,Breakers & Panels,4,17.77,21.03,20.89,83.56,
INV-50725,2026-09-15,C1003,Blue Ridge Electric,A,D. Brooks,WIR-1010,Wire & Cable,3,416.68,463.14,429.26,1287.78,VERBAL
INV-50726,2026-08-18,C1003,Blue Ridge Electric,A,D. Brooks,WIR-1015,Wire & Cable,1,35.17,39.77,40.1,40.1,
INV-50726,2026-08-18,C1003,Blue Ridge Electric,A,D. Brooks,WIR-1035,Wire & Cable,2,83.22,97.51,91.07,182.14,
INV-50726,2026-08-18,C1003,Blue Ridge Electric,A,D. Brooks,LIG-1015,Lighting,4,64.96,82.9,82.82,331.28,
INV-50726,2026-08-18,C1003,Blue Ridge Electric,A,D. Brooks,CON-1025,Conduit & Fittings,53,8.4,10.74,10.74,569.22,
INV-50726,2026-08-18,C1003,Blue Ridge Electric,A,D. Brooks,CON-1002,Conduit & Fittings,7,2.46,3.24,3.24,22.68,
INV-50727,2026-07-06,C1008,Bull Run Comfort Systems,A,D. Brooks,BRE-1000,Breakers & Panels,9,42.31,52.94,47.16,424.44,
INV-50727,2026-07-06,C1008,Bull Run Comfort Systems,A,D. Brooks,BRE-1022,Breakers & Panels,2,51.87,65.5,65.67,131.34,
INV-50727,2026-07-06,C1008,Bull Run Comfort Systems,A,D. Brooks,WIR-1007,Wire & Cable,3,157.76,179.99,168.51,505.53,
INV-50727,2026-07-06,C1008,Bull Run Comfort Systems,A,D. Brooks,HVA-1032,HVAC Parts,11,40.36,49.89,49.62,545.82,
INV-50727,2026-07-06,C1008,Bull Run Comfort Systems,A,D. Brooks,CON-1011,Conduit & Fittings,7,4.24,5.38,5.34,37.38,
INV-50727,2026-07-06,C1008,Bull Run Comfort Systems,A,D. Brooks,LIG-1020,Lighting,9,23.46,28.31,28.27,254.43,
INV-50728,2026-09-26,C1005,Blue Ridge Energy Group,A,M. Dunn,CON-1021,Conduit & Fittings,18,8.73,11.74,11.73,211.14,
INV-50728,2026-09-26,C1005,Blue Ridge Energy Group,A,M. Dunn,WIR-1019,Wire & Cable,10,116.68,137.77,138.75,1387.5,
INV-50728,2026-09-26,C1005,Blue Ridge Energy Group,A,M. Dunn,BRE-1023,Breakers & Panels,2,34.02,39.36,39.02,78.04,
INV-50728,2026-09-26,C1005,Blue Ridge Energy Group,A,M. Dunn,LIG-1031,Lighting,2,46.98,61.06,61.45,122.9,
INV-50729,2026-07-05,C1111,Ridgeline HVAC Services,C,M. Dunn,HVA-1023,HVAC Parts,3,188.12,289.18,289.99,869.97,
INV-50729,2026-07-05,C1111,Ridgeline HVAC Services,C,M. Dunn,WIR-1003,Wire & Cable,17,52.37,69.83,69.14,1175.38,
INV-50730,2026-07-13,C1044,Dulles Comfort Systems,B,K. Foster,WIR-1023,Wire & Cable,11,47.27,59.52,59.99,659.89,
INV-50730,2026-07-13,C1044,Dulles Comfort Systems,B,K. Foster,BRE-1019,Breakers & Panels,1,66.96,87.06,86.69,86.69,
INV-50730,2026-07-13,C1044,Dulles Comfort Systems,B,K. Foster,LIG-1005,Lighting,5,24.04,33.46,33.55,167.75,
INV-50731,2026-08-28,C1014,Bull Run Heating & Air,A,S. Evans,HVA-1034,HVAC Equipment,1,1666.74,1813.14,1822.76,1822.76,
INV-50731,2026-08-28,C1014,Bull Run Heating & Air,A,S. Evans,BRE-1029,Breakers & Panels,2,100.96,122.87,122.58,245.16,
INV-50732,2026-08-14,C1101,Reston Electric,C,R. Alvarez,LIG-1003,Lighting,7,183.14,285.01,283.86,1987.02,
INV-50732,2026-08-14,C1101,Reston Electric,C,R. Alvarez,WIR-1009,Wire & Cable,3,329.33,466.09,468.87,1406.61,
INV-50732,2026-08-14,C1101,Reston Electric,C,R. Alvarez,HVA-1009,HVAC Parts,3,7.94,11.21,11.31,33.93,
INV-50732,2026-08-14,C1101,Reston Electric,C,R. Alvarez,HVA-1034,HVAC Parts,3,21.98,32.25,31.96,95.88,
INV-50733,2026-08-04,C1024,Burke Power Systems,B,D. Brooks,HVA-1005,HVAC Parts,2,90.38,116.42,117.58,235.16,
INV-50733,2026-08-04,C1024,Burke Power Systems,B,D. Brooks,HVA-1006,HVAC Parts,1,55.33,75.07,74.33,74.33,
INV-50733,2026-08-04,C1024,Burke Power Systems,B,D. Brooks,CON-1011,Conduit & Fittings,38,4.24,5.92,5.89,223.82,
INV-50733,2026-08-04,C1024,Burke Power Systems,B,D. Brooks,LIG-1031,Lighting,8,46.98,67.17,67.47,539.76,
INV-50733,2026-08-04,C1024,Burke Power Systems,B,D. Brooks,LIG-1010,Lighting,19,87.43,116.27,116.84,2219.96,
INV-50734,2026-07-28,C1009,Bull Run Contracting,A,M. Dunn,CON-1028,Conduit & Fittings,4,8.95,12.22,12.31,49.24,
INV-50734,2026-07-28,C1009,Bull Run Contracting,A,M. Dunn,LIG-1018,Lighting,6,40.2,50.38,50.52,303.12,
INV-50734,2026-07-28,C1009,Bull Run Contracting,A,M. Dunn,LIG-1016,Lighting,9,90.5,110.62,109.6,986.4,
INV-50735,2026-08-08,C1034,Cardinal Power Systems,B,K. Foster,HVA-1017,HVAC Equipment,4,2240.25,2676.19,2697.72,10790.88,
INV-50735,2026-08-08,C1034,Cardinal Power Systems,B,K. Foster,HVA-1023,HVAC Equipment,2,1062.71,1242.37,1233.4,2466.8,
INV-50735,2026-08-08,C1034,Cardinal Power Systems,B,K. Foster,CON-1022,Conduit & Fittings,37,3.57,4.9,4.93,182.41,
INV-50735,2026-08-08,C1034,Cardinal Power Systems,B,K. Foster,HVA-1026,HVAC Parts,5,7.14,9.26,9.17,45.85,
INV-50735,2026-08-08,C1034,Cardinal Power Systems,B,K. Foster,HVA-1027,HVAC Parts,7,66.45,87.88,88.07,616.49,
INV-50736,2026-09-02,C1008,Bull Run Comfort Systems,A,D. Brooks,CON-1018,Conduit & Fittings,18,4.8,6.39,6.36,114.48,
INV-50736,2026-09-02,C1008,Bull Run Comfort Systems,A,D. Brooks,BRE-1023,Breakers & Panels,6,34.02,39.36,35.27,211.62,
INV-50737,2026-09-16,C1061,Lorton Contracting,C,K. Foster,CON-1000,Conduit & Fittings,10,23.85,34.96,34.9,349.0,
INV-50737,2026-09-16,C1061,Lorton Contracting,C,K. Foster,BRE-1000,Breakers & Panels,7,42.31,62.86,63.3,443.1,
INV-50737,2026-09-16,C1061,Lorton Contracting,C,K. Foster,CON-1003,Conduit & Fittings,14,2.25,3.57,3.36,47.04,VERBAL
INV-50738,2026-07-13,C1119,Shenandoah Mechanical,C,R. Alvarez,HVA-1033,HVAC Parts,4,37.29,52.0,52.34,209.36,
INV-50738,2026-07-13,C1119,Shenandoah Mechanical,C,R. Alvarez,CON-1020,Conduit & Fittings,24,32.14,48.78,46.91,1125.84,VERBAL
INV-50738,2026-07-13,C1119,Shenandoah Mechanical,C,R. Alvarez,CON-1035,Conduit & Fittings,20,50.27,81.87,81.9,1638.0,
INV-50739,2026-09-19,C1019,Burke Electrical Co.,B,K. Foster,BRE-1020,Breakers & Panels,2,33.52,45.36,45.09,90.18,
INV-50739,2026-09-19,C1019,Burke Electrical Co.,B,K. Foster,WIR-1001,Wire & Cable,1,67.02,81.07,81.87,81.87,
INV-50739,2026-09-19,C1019,Burke Electrical Co.,B,K. Foster,WIR-1004,Wire & Cable,5,134.3,166.8,165.99,829.95,
INV-50739,2026-09-19,C1019,Burke Electrical Co.,B,K. Foster,WIR-1018,Wire & Cable,1,47.93,62.87,63.26,63.26,
INV-50740,2026-09-15,C1033,Cardinal HVAC Services,B,D. Brooks,CON-1031,Conduit & Fittings,45,2.97,4.01,4.02,180.9,
INV-50740,2026-09-15,C1033,Cardinal HVAC Services,B,D. Brooks,HVA-1033,HVAC Equipment,1,1194.8,1414.73,1419.14,1419.14,
INV-50740,2026-09-15,C1033,Cardinal HVAC Services,B,D. Brooks,LIG-1023,Lighting,11,160.88,230.86,229.2,2521.2,
INV-50740,2026-09-15,C1033,Cardinal HVAC Services,B,D. Brooks,WIR-1009,Wire & Cable,3,329.33,431.75,432.65,1297.95,
INV-50740,2026-09-15,C1033,Cardinal HVAC Services,B,D. Brooks,WIR-1012,Wire & Cable,1,133.61,163.27,154.18,154.18,
INV-50740,2026-09-15,C1033,Cardinal HVAC Services,B,D. Brooks,HVA-1030,HVAC Equipment,1,1433.65,1692.99,1683.12,1683.12,
INV-50741,2026-07-08,C1042,Chantilly Power Systems,B,T. Chen,LIG-1017,Lighting,10,36.9,48.51,48.64,486.4,
INV-50741,2026-07-08,C1042,Chantilly Power Systems,B,T. Chen,BRE-1005,Breakers & Panels,2,159.52,211.48,211.12,422.24,
INV-50741,2026-07-08,C1042,Chantilly Power Systems,B,T. Chen,LIG-1003,Lighting,23,183.14,264.01,261.41,6012.43,
INV-50741,2026-07-08,C1042,Chantilly Power Systems,B,T. Chen,LIG-1000,Lighting,3,11.27,15.11,15.13,45.39,
INV-50742,2026-09-24,C1027,Capitol Electrical Co.,B,T. Chen,BRE-1021,Breakers & Panels,6,42.96,58.97,59.1,354.6,
INV-50742,2026-09-24,C1027,Capitol Electrical Co.,B,T. Chen,WIR-1032,Wire & Cable,6,294.58,367.28,367.96,2207.76,
INV-50742,2026-09-24,C1027,Capitol Electrical Co.,B,T. Chen,CON-1009,Conduit & Fittings,24,17.71,25.11,25.1,602.4,
INV-50742,2026-09-24,C1027,Capitol Electrical Co.,B,T. Chen,WIR-1003,Wire & Cable,3,52.37,64.69,64.68,194.04,
INV-50742,2026-09-24,C1027,Capitol Electrical Co.,B,T. Chen,WIR-1020,Wire & Cable,4,212.93,264.99,267.34,1069.36,
INV-50743,2026-08-27,C1001,Blue Ridge Building Services,A,M. Dunn,HVA-1010,HVAC Parts,8,26.77,31.62,31.6,252.8,
INV-50743,2026-08-27,C1001,Blue Ridge Building Services,A,M. Dunn,WIR-1017,Wire & Cable,7,51.35,59.25,59.42,415.94,
INV-50743,2026-08-27,C1001,Blue Ridge Building Services,A,M. Dunn,CON-1027,Conduit & Fittings,10,53.89,70.66,71.06,710.6,
INV-50743,2026-08-27,C1001,Blue Ridge Building Services,A,M. Dunn,LIG-1029,Lighting,1,98.21,119.67,118.84,118.84,
INV-50744,2026-09-21,C1032,Cardinal Energy Group,B,T. Chen,BRE-1034,Breakers & Panels,2,68.77,93.74,93.26,186.52,
INV-50744,2026-09-21,C1032,Cardinal Energy Group,B,T. Chen,BRE-1024,Breakers & Panels,4,23.6,30.28,30.06,120.24,
INV-50744,2026-09-21,C1032,Cardinal Energy Group,B,T. Chen,HVA-1029,HVAC Equipment,5,706.2,863.89,824.72,4123.6,VERBAL
INV-50744,2026-09-21,C1032,Cardinal Energy Group,B,T. Chen,HVA-1033,HVAC Parts,16,37.29,48.17,48.02,768.32,
INV-50744,2026-09-21,C1032,Cardinal Energy Group,B,T. Chen,WIR-1030,Wire & Cable,1,123.15,152.62,152.34,152.34,
INV-50745,2026-07-08,C1043,Dulles Building Services,B,T. Chen,LIG-1028,Lighting,8,42.41,58.41,58.92,471.36,
INV-50745,2026-07-08,C1043,Dulles Building Services,B,T. Chen,CON-1035,Conduit & Fittings,15,50.27,75.84,75.73,1135.95,
INV-50745,2026-07-08,C1043,Dulles Building Services,B,T. Chen,HVA-1011,HVAC Equipment,5,620.35,747.27,740.36,3701.8,
INV-50746,2026-08-14,C1015,Bull Run Power Systems,A,R. Alvarez,BRE-1000,Breakers & Panels,5,42.31,52.94,52.57,262.85,
INV-50746,2026-08-14,C1015,Bull Run Power Systems,A,R. Alvarez,HVA-1023,HVAC Parts,2,188.12,243.52,241.49,482.98,
INV-50746,2026-08-14,C1015,Bull Run Power Systems,A,R. Alvarez,CON-1007,Conduit & Fittings,4,3.77,4.62,4.63,18.52,
INV-50747,2026-09-06,C1084,Occoquan Electrical Co.,C,R. Alvarez,HVA-1006,HVAC Equipment,1,495.45,649.44,651.55,651.55,
INV-50747,2026-09-06,C1084,Occoquan Electrical Co.,C,R. Alvarez,HVA-1030,HVAC Parts,4,7.81,11.67,11.76,47.04,
INV-50748,2026-08-28,C1072,Manassas Contracting,C,M. Dunn,HVA-1012,HVAC Equipment,3,922.14,1171.15,1175.21,3525.63,
INV-50748,2026-08-28,C1072,Manassas Contracting,C,M. Dunn,HVA-1005,HVAC Parts,17,90.38,125.69,125.84,2139.28,
INV-50748,2026-08-28,C1072,Manassas Contracting,C,M. Dunn,CON-1023,Conduit & Fittings,15,53.8,79.63,79.61,1194.15,
INV-50749,2026-07-27,C1104,Reston HVAC Services,C,D. Brooks,WIR-1011,Wire & Cable,6,126.22,166.72,152.43,914.58,
INV-50749,2026-07-27,C1104,Reston HVAC Services,C,D. Brooks,HVA-1003,HVAC Parts,6,14.6,21.38,21.37,128.22,
INV-50750,2026-09-15,C1009,Bull Run Contracting,A,M. Dunn,CON-1024,Conduit & Fittings,4,3.43,4.71,4.75,19.0,
INV-50750,2026-09-15,C1009,Bull Run Contracting,A,M. Dunn,WIR-1014,Wire & Cable,3,313.51,362.76,359.53,1078.59,
INV-50750,2026-09-15,C1009,Bull Run Contracting,A,M. Dunn,CON-1015,Conduit & Fittings,36,2.29,2.78,2.77,99.72,
INV-50750,2026-09-15,C1009,Bull Run Contracting,A,M. Dunn,BRE-1022,Breakers & Panels,3,51.87,65.5,65.5,196.5,
INV-50750,2026-09-15,C1009,Bull Run Contracting,A,M. Dunn,CON-1019,Conduit & Fittings,10,3.49,4.34,4.37,43.7,
INV-50751,2026-08-27,C1015,Bull Run Power Systems,A,R. Alvarez,CON-1025,Conduit & Fittings,14,8.4,10.74,10.7,149.8,
INV-50751,2026-08-27,C1015,Bull Run Power Systems,A,R. Alvarez,LIG-1016,Lighting,44,90.5,110.62,110.25,4851.0,
INV-50751,2026-08-27,C1015,Bull Run Power Systems,A,R. Alvarez,BRE-1019,Breakers & Panels,4,66.96,79.14,75.05,300.2,MGR
INV-50752,2026-08-02,C1050,Fairfax Comfort Systems,B,R. Alvarez,LIG-1024,Lighting,10,41.61,56.47,56.65,566.5,
INV-50752,2026-08-02,C1050,Fairfax Comfort Systems,B,R. Alvarez,WIR-1020,Wire & Cable,8,212.93,264.99,263.48,2107.84,
INV-50752,2026-08-02,C1050,Fairfax Comfort Systems,B,R. Alvarez,BRE-1030,Breakers & Panels,4,12.43,15.91,15.97,63.88,
INV-50753,2026-09-26,C1002,Blue Ridge Comfort Systems,A,S. Evans,WIR-1033,Wire & Cable,8,54.3,63.73,64.13,513.04,
INV-50753,2026-09-26,C1002,Blue Ridge Comfort Systems,A,S. Evans,BRE-1022,Breakers & Panels,7,51.87,65.5,65.2,456.4,
INV-50753,2026-09-26,C1002,Blue Ridge Comfort Systems,A,S. Evans,WIR-1027,Wire & Cable,1,43.54,49.74,49.79,49.79,
INV-50754,2026-09-18,C1030,Capitol Power Systems,B,M. Dunn,WIR-1000,Wire & Cable,10,216.1,267.85,265.78,2657.8,
INV-50754,2026-09-18,C1030,Capitol Power Systems,B,M. Dunn,CON-1011,Conduit & Fittings,9,4.24,5.92,5.88,52.92,
INV-50754,2026-09-18,C1030,Capitol Power Systems,B,M. Dunn,HVA-1024,HVAC Parts,3,167.27,238.46,236.44,709.32,
INV-50754,2026-09-18,C1030,Capitol Power Systems,B,M. Dunn,BRE-1013,Breakers & Panels,16,205.1,285.48,287.8,4604.8,
INV-50755,2026-09-05,C1040,Chantilly Heating & Air,B,K. Foster,BRE-1031,Breakers & Panels,9,33.11,42.91,43.25,389.25,
INV-50755,2026-09-05,C1040,Chantilly Heating & Air,B,K. Foster,LIG-1003,Lighting,13,183.14,264.01,266.6,3465.8,
INV-50755,2026-09-05,C1040,Chantilly Heating & Air,B,K. Foster,CON-1004,Conduit & Fittings,65,49.09,67.04,66.54,4325.1,
INV-50756,2026-09-16,C1038,Chantilly Energy Group,B,S. Evans,HVA-1016,HVAC Equipment,5,1182.28,1364.74,1376.05,6880.25,
INV-50756,2026-09-16,C1038,Chantilly Energy Group,B,S. Evans,HVA-1027,HVAC Equipment,1,2166.2,2615.96,2415.79,2415.79,MGR
INV-50756,2026-09-16,C1038,Chantilly Energy Group,B,S. Evans,BRE-1008,Breakers & Panels,10,67.45,86.57,78.74,787.4,
INV-50757,2026-08-23,C1072,Manassas Contracting,C,M. Dunn,HVA-1008,HVAC Parts,8,23.36,33.13,33.42,267.36,
INV-50757,2026-08-23,C1072,Manassas Contracting,C,M. Dunn,LIG-1027,Lighting,9,15.54,23.09,23.16,208.44,
INV-50757,2026-08-23,C1072,Manassas Contracting,C,M. Dunn,HVA-1028,HVAC Equipment,3,685.83,878.65,875.11,2625.33,
INV-50758,2026-09-02,C1033,Cardinal HVAC Services,B,D. Brooks,CON-1001,Conduit & Fittings,5,32.08,46.43,46.83,234.15,
INV-50758,2026-09-02,C1033,Cardinal HVAC Services,B,D. Brooks,HVA-1012,HVAC Equipment,1,922.14,1084.86,1089.05,1089.05,
INV-50758,2026-09-02,C1033,Cardinal HVAC Services,B,D. Brooks,BRE-1020,Breakers & Panels,4,33.52,45.36,45.44,181.76,
INV-50759,2026-07-22,C1028,Capitol HVAC Services,B,S. Evans,HVA-1004,HVAC Parts,2,16.08,21.61,21.71,43.42,
INV-50759,2026-07-22,C1028,Capitol HVAC Services,B,S. Evans,BRE-1023,Breakers & Panels,3,34.02,43.3,43.57,130.71,
INV-50759,2026-07-22,C1028,Capitol HVAC Services,B,S. Evans,WIR-1021,Wire & Cable,1,162.13,206.43,207.22,207.22,
INV-50759,2026-07-22,C1028,Capitol HVAC Services,B,S. Evans,HVA-1035,HVAC Equipment,1,1183.06,1405.18,1391.55,1391.55,
INV-50760,2026-07-01,C1016,Burke Building Services,B,K. Foster,CON-1008,Conduit & Fittings,57,3.76,5.12,5.11,291.27,
INV-50760,2026-07-01,C1016,Burke Building Services,B,K. Foster,LIG-1026,Lighting,23,15.8,21.64,21.45,493.35,
INV-50760,2026-07-01,C1016,Burke Building Services,B,K. Foster,LIG-1003,Lighting,3,183.14,264.01,266.02,798.06,
INV-50760,2026-07-01,C1016,Burke Building Services,B,K. Foster,WIR-1021,Wire & Cable,4,162.13,206.43,206.19,824.76,
INV-50760,2026-07-01,C1016,Burke Building Services,B,K. Foster,LIG-1011,Lighting,10,19.03,27.22,27.14,271.4,
INV-50760,2026-07-01,C1016,Burke Building Services,B,K. Foster,HVA-1012,HVAC Equipment,3,922.14,1084.86,1075.51,3226.53,
INV-50761,2026-07-10,C1113,Shenandoah Building Services,C,S. Evans,HVA-1014,HVAC Parts,13,114.93,168.43,167.85,2182.05,
INV-50761,2026-07-10,C1113,Shenandoah Building Services,C,S. Evans,HVA-1021,HVAC Equipment,6,2137.62,2675.49,2694.01,16164.06,
INV-50761,2026-07-10,C1113,Shenandoah Building Services,C,S. Evans,HVA-1031,HVAC Equipment,1,1021.28,1344.01,1331.05,1331.05,
INV-50761,2026-07-10,C1113,Shenandoah Building Services,C,S. Evans,HVA-1027,HVAC Equipment,1,2166.2,2824.05,2828.93,2828.93,
INV-50761,2026-07-10,C1113,Shenandoah Building Services,C,S. Evans,BRE-1020,Breakers & Panels,3,33.52,48.97,49.44,148.32,
INV-50761,2026-07-10,C1113,Shenandoah Building Services,C,S. Evans,HVA-1026,HVAC Equipment,2,478.34,634.78,632.79,1265.58,
INV-50762,2026-08-16,C1028,Capitol HVAC Services,B,S. Evans,WIR-1029,Wire & Cable,3,61.38,76.02,76.49,229.47,
INV-50762,2026-08-16,C1028,Capitol HVAC Services,B,S. Evans,HVA-1006,HVAC Equipment,2,495.45,601.59,599.29,1198.58,
INV-50762,2026-08-16,C1028,Capitol HVAC Services,B,S. Evans,HVA-1004,HVAC Parts,2,16.08,21.61,21.74,43.48,
INV-50763,2026-08-12,C1007,Bull Run Building Services,A,M. Dunn,HVA-1016,HVAC Equipment,1,1182.28,1240.67,1233.64,1233.64,
INV-50763,2026-08-12,C1007,Bull Run Building Services,A,M. Dunn,WIR-1013,Wire & Cable,2,317.33,363.13,364.73,729.46,
INV-50763,2026-08-12,C1007,Bull Run Building Services,A,M. Dunn,LIG-1006,Lighting,11,17.96,23.46,23.5,258.5,
INV-50763,2026-08-12,C1007,Bull Run Building Services,A,M. Dunn,CON-1024,Conduit & Fittings,13,3.43,4.71,4.71,61.23,
INV-50763,2026-08-12,C1007,Bull Run Building Services,A,M. Dunn,CON-1029,Conduit & Fittings,10,15.74,19.34,19.25,192.5,
INV-50763,2026-08-12,C1007,Bull Run Building Services,A,M. Dunn,HVA-1018,HVAC Equipment,5,798.66,872.34,865.39,4326.95,
INV-50764,2026-07-31,C1014,Bull Run Heating & Air,A,S. Evans,BRE-1002,Breakers & Panels,5,117.95,145.32,146.51,732.55,
INV-50764,2026-07-31,C1014,Bull Run Heating & Air,A,S. Evans,HVA-1008,HVAC Parts,5,23.36,27.9,27.73,138.65,
INV-50764,2026-07-31,C1014,Bull Run Heating & Air,A,S. Evans,WIR-1003,Wire & Cable,7,52.37,58.81,54.53,381.71,
INV-50765,2026-08-08,C1008,Bull Run Comfort Systems,A,D. Brooks,CON-1013,Conduit & Fittings,14,25.39,31.43,31.41,439.74,
INV-50765,2026-08-08,C1008,Bull Run Comfort Systems,A,D. Brooks,WIR-1028,Wire & Cable,4,76.0,88.78,79.64,318.56,
INV-50765,2026-08-08,C1008,Bull Run Comfort Systems,A,D. Brooks,HVA-1026,HVAC Parts,10,7.14,8.42,8.39,83.9,
INV-50765,2026-08-08,C1008,Bull Run Comfort Systems,A,D. Brooks,HVA-1014,HVAC Parts,8,114.93,141.83,134.52,1076.16,MGR
INV-50765,2026-08-08,C1008,Bull Run Comfort Systems,A,D. Brooks,HVA-1024,HVAC Parts,1,167.27,216.78,215.64,215.64,
INV-50766,2026-08-18,C1039,Chantilly HVAC Services,B,R. Alvarez,WIR-1020,Wire & Cable,15,212.93,264.99,264.53,3967.95,
INV-50766,2026-08-18,C1039,Chantilly HVAC Services,B,R. Alvarez,CON-1034,Conduit & Fittings,15,17.7,24.2,24.0,360.0,
INV-50766,2026-08-18,C1039,Chantilly HVAC Services,B,R. Alvarez,HVA-1013,HVAC Parts,5,12.39,16.36,16.36,81.8,
INV-50766,2026-08-18,C1039,Chantilly HVAC Services,B,R. Alvarez,LIG-1023,Lighting,33,160.88,230.86,229.45,7571.85,
INV-50767,2026-07-25,C1097,Potomac HVAC Services,C,T. Chen,BRE-1007,Breakers & Panels,1,24.67,37.33,37.0,37.0,
INV-50767,2026-07-25,C1097,Potomac HVAC Services,C,T. Chen,HVA-1015,HVAC Parts,2,173.58,242.83,241.91,483.82,
INV-50767,2026-07-25,C1097,Potomac HVAC Services,C,T. Chen,WIR-1017,Wire & Cable,13,51.35,70.36,70.89,921.57,
INV-50767,2026-07-25,C1097,Potomac HVAC Services,C,T. Chen,CON-1029,Conduit & Fittings,31,15.74,22.97,22.76,705.56,
INV-50768,2026-08-18,C1010,Bull Run Electric,A,K. Foster,CON-1024,Conduit & Fittings,8,3.43,4.71,4.73,37.84,
INV-50768,2026-08-18,C1010,Bull Run Electric,A,K. Foster,WIR-1006,Wire & Cable,4,223.99,245.66,245.96,983.84,
INV-50768,2026-08-18,C1010,Bull Run Electric,A,K. Foster,LIG-1025,Lighting,4,11.2,14.18,14.08,56.32,
INV-50769,2026-08-12,C1042,Chantilly Power Systems,B,T. Chen,HVA-1003,HVAC Equipment,1,767.04,881.77,833.4,833.4,VERBAL
INV-50769,2026-08-12,C1042,Chantilly Power Systems,B,T. Chen,WIR-1006,Wire & Cable,1,223.99,270.22,268.77,268.77,
INV-50770,2026-07-01,C1013,Bull Run HVAC Services,A,D. Brooks,LIG-1023,Lighting,8,160.88,209.87,210.69,1685.52,
INV-50770,2026-07-01,C1013,Bull Run HVAC Services,A,D. Brooks,BRE-1022,Breakers & Panels,1,51.87,65.5,60.19,60.19,VERBAL
INV-50771,2026-08-07,C1003,Blue Ridge Electric,A,D. Brooks,CON-1003,Conduit & Fittings,12,2.25,3.01,3.03,36.36,
INV-50771,2026-08-07,C1003,Blue Ridge Electric,A,D. Brooks,WIR-1022,Wire & Cable,1,83.06,98.38,89.26,89.26,
INV-50771,2026-08-07,C1003,Blue Ridge Electric,A,D. Brooks,HVA-1033,HVAC Parts,2,37.29,43.79,43.66,87.32,
INV-50771,2026-08-07,C1003,Blue Ridge Electric,A,D. Brooks,HVA-1007,HVAC Parts,4,201.93,238.82,240.61,962.44,
INV-50771,2026-08-07,C1003,Blue Ridge Electric,A,D. Brooks,HVA-1033,HVAC Parts,3,37.29,43.79,43.81,131.43,
INV-50772,2026-07-12,C1045,Dulles Contracting,B,S. Evans,HVA-1031,HVAC Equipment,1,1021.28,1244.98,1234.14,1234.14,
INV-50772,2026-07-12,C1045,Dulles Contracting,B,S. Evans,HVA-1020,HVAC Equipment,3,953.96,1097.57,1103.96,3311.88,
INV-50772,2026-07-12,C1045,Dulles Contracting,B,S. Evans,HVA-1002,HVAC Equipment,9,1734.3,2032.02,2032.95,18296.55,
INV-50772,2026-07-12,C1045,Dulles Contracting,B,S. Evans,BRE-1026,Breakers & Panels,17,12.67,16.4,16.47,279.99,
INV-50772,2026-07-12,C1045,Dulles Contracting,B,S. Evans,LIG-1029,Lighting,1,98.21,131.64,130.93,130.93,
INV-50773,2026-07-25,C1018,Burke Electric,B,S. Evans,HVA-1035,HVAC Parts,2,33.23,43.77,43.55,87.1,
INV-50773,2026-07-25,C1018,Burke Electric,B,S. Evans,BRE-1014,Breakers & Panels,10,162.58,227.38,228.16,2281.6,
INV-50773,2026-07-25,C1018,Burke Electric,B,S. Evans,CON-1004,Conduit & Fittings,23,49.09,67.04,67.1,1543.3,
INV-50773,2026-07-25,C1018,Burke Electric,B,S. Evans,WIR-1033,Wire & Cable,5,54.3,70.1,69.45,347.25,
INV-50773,2026-07-25,C1018,Burke Electric,B,S. Evans,BRE-1021,Breakers & Panels,71,42.96,58.97,54.13,3843.23,
INV-50774,2026-07-27,C1082,Occoquan Building Services,C,D. Brooks,LIG-1000,Lighting,5,11.27,16.31,16.44,82.2,
INV-50774,2026-07-27,C1082,Occoquan Building Services,C,D. Brooks,CON-1006,Conduit & Fittings,24,6.73,10.26,10.22,245.28,
INV-50774,2026-07-27,C1082,Occoquan Building Services,C,D. Brooks,LIG-1014,Lighting,6,9.82,14.95,14.89,89.34,
INV-50774,2026-07-27,C1082,Occoquan Building Services,C,D. Brooks,HVA-1008,HVAC Parts,34,23.36,33.13,32.95,1120.3,
INV-50775,2026-09-03,C1066,Loudoun Electrical Co.,C,T. Chen,HVA-1017,HVAC Equipment,6,2240.25,2889.06,2886.52,17319.12,
INV-50775,2026-09-03,C1066,Loudoun Electrical Co.,C,T. Chen,WIR-1022,Wire & Cable,8,83.06,116.82,116.97,935.76,
INV-50775,2026-09-03,C1066,Loudoun Electrical Co.,C,T. Chen,WIR-1030,Wire & Cable,18,123.15,164.76,165.88,2985.84,
INV-50776,2026-07-11,C1036,Chantilly Electric,B,R. Alvarez,HVA-1020,HVAC Parts,8,6.84,9.74,9.69,77.52,
INV-50776,2026-07-11,C1036,Chantilly Electric,B,R. Alvarez,CON-1026,Conduit & Fittings,40,36.79,53.57,53.27,2130.8,
INV-50776,2026-07-11,C1036,Chantilly Electric,B,R. Alvarez,WIR-1001,Wire & Cable,2,67.02,81.07,80.87,161.74,
INV-50776,2026-07-11,C1036,Chantilly Electric,B,R. Alvarez,CON-1016,Conduit & Fittings,11,2.76,3.96,3.93,43.23,
INV-50776,2026-07-11,C1036,Chantilly Electric,B,R. Alvarez,CON-1002,Conduit & Fittings,10,2.46,3.56,3.54,35.4,
INV-50776,2026-07-11,C1036,Chantilly Electric,B,R. Alvarez,LIG-1013,Lighting,6,9.5,12.94,12.88,77.28,
INV-50777,2026-07-03,C1038,Chantilly Energy Group,B,S. Evans,CON-1000,Conduit & Fittings,23,23.85,32.38,32.21,740.83,
INV-50777,2026-07-03,C1038,Chantilly Energy Group,B,S. Evans,HVA-1025,HVAC Parts,6,66.1,94.27,94.21,565.26,
INV-50777,2026-07-03,C1038,Chantilly Energy Group,B,S. Evans,LIG-1022,Lighting,7,13.9,18.6,18.72,131.04,
INV-50777,2026-07-03,C1038,Chantilly Energy Group,B,S. Evans,BRE-1016,Breakers & Panels,2,22.89,30.06,30.11,60.22,
INV-50778,2026-09-01,C1002,Blue Ridge Comfort Systems,A,S. Evans,WIR-1035,Wire & Cable,8,83.22,97.51,96.6,772.8,
INV-50778,2026-09-01,C1002,Blue Ridge Comfort Systems,A,S. Evans,BRE-1023,Breakers & Panels,25,34.02,39.36,39.56,989.0,
INV-50778,2026-09-01,C1002,Blue Ridge Comfort Systems,A,S. Evans,WIR-1011,Wire & Cable,9,126.22,140.4,125.43,1128.87,
INV-50778,2026-09-01,C1002,Blue Ridge Comfort Systems,A,S. Evans,HVA-1014,HVAC Parts,1,114.93,141.83,141.56,141.56,
INV-50778,2026-09-01,C1002,Blue Ridge Comfort Systems,A,S. Evans,BRE-1015,Breakers & Panels,7,93.54,113.93,105.95,741.65,
INV-50779,2026-09-07,C1063,Lorton HVAC Services,C,D. Brooks,CON-1005,Conduit & Fittings,12,4.97,7.66,7.66,91.92,
INV-50779,2026-09-07,C1063,Lorton HVAC Services,C,D. Brooks,CON-1012,Conduit & Fittings,10,12.67,19.33,19.36,193.6,
INV-50779,2026-09-07,C1063,Lorton HVAC Services,C,D. Brooks,LIG-1005,Lighting,18,24.04,36.12,36.44,655.92,
INV-50780,2026-08-11,C1001,Blue Ridge Building Services,A,M. Dunn,HVA-1006,HVAC Parts,3,55.33,68.25,68.04,204.12,
INV-50780,2026-08-11,C1001,Blue Ridge Building Services,A,M. Dunn,HVA-1023,HVAC Parts,13,188.12,243.52,242.87,3157.31,
INV-50780,2026-08-11,C1001,Blue Ridge Building Services,A,M. Dunn,LIG-1003,Lighting,8,183.14,240.01,237.85,1902.8,
INV-50780,2026-08-11,C1001,Blue Ridge Building Services,A,M. Dunn,CON-1004,Conduit & Fittings,17,49.09,60.94,60.58,1029.86,
INV-50781,2026-07-26,C1031,Cardinal Comfort Systems,B,T. Chen,LIG-1020,Lighting,9,23.46,31.14,31.09,279.81,
INV-50781,2026-07-26,C1031,Cardinal Comfort Systems,B,T. Chen,LIG-1017,Lighting,6,36.9,48.51,48.85,293.1,
INV-50782,2026-07-20,C1002,Blue Ridge Comfort Systems,A,S. Evans,CON-1035,Conduit & Fittings,120,50.27,68.94,69.18,8301.6,
INV-50782,2026-07-20,C1002,Blue Ridge Comfort Systems,A,S. Evans,CON-1005,Conduit & Fittings,20,4.97,6.45,6.41,128.2,
INV-50782,2026-07-20,C1002,Blue Ridge Comfort Systems,A,S. Evans,CON-1035,Conduit & Fittings,27,50.27,68.94,69.25,1869.75,
INV-50783,2026-08-18,C1095,Potomac Electric,C,S. Evans,HVA-1016,HVAC Parts,1,11.14,17.03,17.09,17.09,
INV-50783,2026-08-18,C1095,Potomac Electric,C,S. Evans,LIG-1017,Lighting,9,36.9,52.36,52.61,473.49,
INV-50783,2026-08-18,C1095,Potomac Electric,C,S. Evans,HVA-1025,HVAC Parts,5,66.1,101.77,100.81,504.05,
INV-50783,2026-08-18,C1095,Potomac Electric,C,S. Evans,HVA-1010,HVAC Parts,1,26.77,37.55,37.21,37.21,
INV-50784,2026-08-23,C1012,Bull Run Energy Group,A,D. Brooks,LIG-1035,Lighting,22,45.87,60.61,57.22,1258.84,MGR
INV-50784,2026-08-23,C1012,Bull Run Energy Group,A,D. Brooks,CON-1010,Conduit & Fittings,3,12.81,15.62,15.74,47.22,
INV-50784,2026-08-23,C1012,Bull Run Energy Group,A,D. Brooks,LIG-1031,Lighting,13,46.98,61.06,60.6,787.8,
INV-50784,2026-08-23,C1012,Bull Run Energy Group,A,D. Brooks,HVA-1030,HVAC Parts,12,7.81,9.82,9.73,116.76,
INV-50785,2026-08-18,C1050,Fairfax Comfort Systems,B,R. Alvarez,CON-1032,Conduit & Fittings,8,22.74,32.77,32.57,260.56,
INV-50785,2026-08-18,C1050,Fairfax Comfort Systems,B,R. Alvarez,LIG-1020,Lighting,13,23.46,31.14,29.59,384.67,VERBAL
INV-50785,2026-08-18,C1050,Fairfax Comfort Systems,B,R. Alvarez,LIG-1000,Lighting,16,11.27,15.11,15.01,240.16,
INV-50785,2026-08-18,C1050,Fairfax Comfort Systems,B,R. Alvarez,HVA-1029,HVAC Parts,3,7.05,10.01,10.08,30.24,
INV-50786,2026-09-10,C1086,Occoquan Mechanical,C,S. Evans,CON-1015,Conduit & Fittings,20,2.29,3.31,3.33,66.6,
INV-50786,2026-09-10,C1086,Occoquan Mechanical,C,S. Evans,LIG-1031,Lighting,30,46.98,72.51,72.89,2186.7,
INV-50787,2026-09-09,C1035,Chantilly Contracting,B,S. Evans,CON-1017,Conduit & Fittings,15,21.97,32.43,32.74,491.1,
INV-50787,2026-09-09,C1035,Chantilly Contracting,B,S. Evans,WIR-1013,Wire & Cable,3,317.33,399.44,401.75,1205.25,
INV-50787,2026-09-09,C1035,Chantilly Contracting,B,S. Evans,BRE-1004,Breakers & Panels,4,156.83,205.3,206.07,824.28,
INV-50788,2026-07-30,C1001,Blue Ridge Building Services,A,M. Dunn,HVA-1024,HVAC Parts,22,167.27,216.78,218.34,4803.48,
INV-50788,2026-07-30,C1001,Blue Ridge Building Services,A,M. Dunn,BRE-1024,Breakers & Panels,3,23.6,27.53,27.55,82.65,
INV-50788,2026-07-30,C1001,Blue Ridge Building Services,A,M. Dunn,LIG-1023,Lighting,4,160.88,209.87,208.55,834.2,
INV-50788,2026-07-30,C1001,Blue Ridge Building Services,A,M. Dunn,HVA-1028,HVAC Parts,1,6.16,7.68,7.71,7.71,
INV-50788,2026-07-30,C1001,Blue Ridge Building Services,A,M. Dunn,HVA-1014,HVAC Equipment,1,1053.64,1107.8,1111.35,1111.35,
INV-50789,2026-09-01,C1007,Bull Run Building Services,A,M. Dunn,WIR-1010,Wire & Cable,3,416.68,463.14,459.68,1379.04,
INV-50789,2026-09-01,C1007,Bull Run Building Services,A,M. Dunn,WIR-1034,Wire & Cable,3,60.49,70.27,70.26,210.78,
INV-50789,2026-09-01,C1007,Bull Run Building Services,A,M. Dunn,CON-1021,Conduit & Fittings,3,8.73,11.74,11.76,35.28,
INV-50789,2026-09-01,C1007,Bull Run Building Services,A,M. Dunn,BRE-1028,Breakers & Panels,1,83.36,96.84,95.98,95.98,
INV-50789,2026-09-01,C1007,Bull Run Building Services,A,M. Dunn,CON-1022,Conduit & Fittings,30,3.57,4.46,4.47,134.1,
INV-50790,2026-07-12,C1092,Old Dominion Power Systems,C,R. Alvarez,CON-1012,Conduit & Fittings,6,12.67,19.33,19.19,115.14,
INV-50790,2026-07-12,C1092,Old Dominion Power Systems,C,R. Alvarez,WIR-1004,Wire & Cable,11,134.3,180.06,181.81,1999.91,
INV-50790,2026-07-12,C1092,Old Dominion Power Systems,C,R. Alvarez,BRE-1021,Breakers & Panels,11,42.96,63.66,64.03,704.33,
INV-50790,2026-07-12,C1092,Old Dominion Power Systems,C,R. Alvarez,WIR-1035,Wire & Cable,10,83.22,115.8,116.36,1163.6,
INV-50791,2026-07-28,C1001,Blue Ridge Building Services,A,M. Dunn,HVA-1003,HVAC Parts,1,14.6,18.01,17.96,17.96,
INV-50791,2026-07-28,C1001,Blue Ridge Building Services,A,M. Dunn,HVA-1024,HVAC Parts,2,167.27,216.78,217.32,434.64,
INV-50791,2026-07-28,C1001,Blue Ridge Building Services,A,M. Dunn,HVA-1025,HVAC Parts,4,66.1,85.7,85.6,342.4,
INV-50792,2026-08-03,C1023,Burke Mechanical,B,D. Brooks,BRE-1027,Breakers & Panels,12,48.96,63.82,64.15,769.8,
INV-50792,2026-08-03,C1023,Burke Mechanical,B,D. Brooks,HVA-1005,HVAC Equipment,1,1913.09,2273.14,2263.83,2263.83,
INV-50792,2026-08-03,C1023,Burke Mechanical,B,D. Brooks,CON-1011,Conduit & Fittings,45,4.24,5.92,5.87,264.15,
INV-50792,2026-08-03,C1023,Burke Mechanical,B,D. Brooks,HVA-1006,HVAC Equipment,1,495.45,601.59,605.63,605.63,
INV-50793,2026-08-04,C1020,Burke Energy Group,B,S. Evans,HVA-1009,HVAC Parts,6,7.94,10.38,9.99,59.94,MGR
INV-50793,2026-08-04,C1020,Burke Energy Group,B,S. Evans,LIG-1016,Lighting,5,90.5,121.68,115.96,579.8,MGR
INV-50793,2026-08-04,C1020,Burke Energy Group,B,S. Evans,CON-1016,Conduit & Fittings,9,2.76,3.96,3.8,34.2,MGR
INV-50794,2026-08-05,C1033,Cardinal HVAC Services,B,D. Brooks,BRE-1007,Breakers & Panels,9,24.67,34.58,34.45,310.05,
INV-50794,2026-08-05,C1033,Cardinal HVAC Services,B,D. Brooks,WIR-1006,Wire & Cable,4,223.99,270.22,245.67,982.68,
INV-50794,2026-08-05,C1033,Cardinal HVAC Services,B,D. Brooks,WIR-1015,Wire & Cable,15,35.17,43.74,40.64,609.6,VERBAL
INV-50794,2026-08-05,C1033,Cardinal HVAC Services,B,D. Brooks,CON-1011,Conduit & Fittings,18,4.24,5.92,5.88,105.84,
INV-50794,2026-08-05,C1033,Cardinal HVAC Services,B,D. Brooks,WIR-1018,Wire & Cable,14,47.93,62.87,62.82,879.48,
INV-50794,2026-08-05,C1033,Cardinal HVAC Services,B,D. Brooks,HVA-1008,HVAC Equipment,1,913.36,1094.51,1092.38,1092.38,
INV-50795,2026-08-11,C1006,Blue Ridge Heating & Air,A,M. Dunn,HVA-1021,HVAC Parts,2,221.97,279.02,279.0,558.0,
INV-50795,2026-08-11,C1006,Blue Ridge Heating & Air,A,M. Dunn,HVA-1024,HVAC Equipment,1,2463.08,2710.2,2689.26,2689.26,
INV-50795,2026-08-11,C1006,Blue Ridge Heating & Air,A,M. Dunn,HVA-1006,HVAC Parts,1,55.33,68.25,68.4,68.4,
INV-50796,2026-08-15,C1095,Potomac Electric,C,S. Evans,BRE-1006,Breakers & Panels,4,18.77,27.38,25.93,103.72,
INV-50796,2026-08-15,C1095,Potomac Electric,C,S. Evans,LIG-1002,Lighting,5,81.88,128.61,128.74,643.7,
INV-50796,2026-08-15,C1095,Potomac Electric,C,S. Evans,BRE-1002,Breakers & Panels,4,117.95,172.57,171.26,685.04,
INV-50797,2026-09-11,C1099,Reston Comfort Systems,C,K. Foster,BRE-1001,Breakers & Panels,5,38.81,53.94,54.14,270.7,
INV-50797,2026-09-11,C1099,Reston Comfort Systems,C,K. Foster,CON-1028,Conduit & Fittings,9,8.95,14.51,14.64,131.76,
INV-50797,2026-09-11,C1099,Reston Comfort Systems,C,K. Foster,BRE-1032,Breakers & Panels,28,49.92,72.65,72.29,2024.12,
INV-50797,2026-09-11,C1099,Reston Comfort Systems,C,K. Foster,CON-1016,Conduit & Fittings,15,2.76,4.27,4.28,64.2,
INV-50797,2026-09-11,C1099,Reston Comfort Systems,C,K. Foster,LIG-1018,Lighting,9,40.2,59.82,60.1,540.9,
INV-50797,2026-09-11,C1099,Reston Comfort Systems,C,K. Foster,BRE-1022,Breakers & Panels,5,51.87,77.78,78.54,392.7,
INV-50798,2026-08-16,C1013,Bull Run HVAC Services,A,D. Brooks,BRE-1009,Breakers & Panels,2,29.59,35.71,35.84,71.68,
INV-50798,2026-08-16,C1013,Bull Run HVAC Services,A,D. Brooks,WIR-1032,Wire & Cable,31,294.58,333.89,336.86,10442.66,
INV-50798,2026-08-16,C1013,Bull Run HVAC Services,A,D. Brooks,HVA-1023,HVAC Parts,4,188.12,243.52,244.03,976.12,
INV-50799,2026-09-10,C1023,Burke Mechanical,B,D. Brooks,LIG-1020,Lighting,15,23.46,31.14,31.03,465.45,
INV-50799,2026-09-10,C1023,Burke Mechanical,B,D. Brooks,HVA-1013,HVAC Parts,4,12.39,16.36,16.31,65.24,
INV-50799,2026-09-10,C1023,Burke Mechanical,B,D. Brooks,WIR-1030,Wire & Cable,3,123.15,152.62,152.53,457.59,
INV-50799,2026-09-10,C1023,Burke Mechanical,B,D. Brooks,WIR-1025,Wire & Cable,7,108.67,137.62,138.53,969.71,
INV-50799,2026-09-10,C1023,Burke Mechanical,B,D. Brooks,CON-1034,Conduit & Fittings,40,17.7,24.2,24.42,976.8,
INV-50799,2026-09-10,C1023,Burke Mechanical,B,D. Brooks,BRE-1035,Breakers & Panels,14,97.51,130.81,117.47,1644.58,
INV-50800,2026-07-13,C1087,Occoquan Power Systems,C,K. Foster,HVA-1030,HVAC Parts,1,7.81,11.67,11.01,11.01,MGR
INV-50800,2026-07-13,C1087,Occoquan Power Systems,C,K. Foster,CON-1010,Conduit & Fittings,34,12.81,18.55,18.51,629.34,
INV-50800,2026-07-13,C1087,Occoquan Power Systems,C,K. Foster,CON-1034,Conduit & Fittings,15,17.7,26.12,26.22,393.3,
INV-50800,2026-07-13,C1087,Occoquan Power Systems,C,K. Foster,LIG-1029,Lighting,2,98.21,142.11,141.91,283.82,
INV-50800,2026-07-13,C1087,Occoquan Power Systems,C,K. Foster,WIR-1020,Wire & Cable,9,212.93,286.06,288.5,2596.5,
INV-50801,2026-09-12,C1009,Bull Run Contracting,A,M. Dunn,WIR-1009,Wire & Cable,6,329.33,392.5,392.1,2352.6,
INV-50801,2026-09-12,C1009,Bull Run Contracting,A,M. Dunn,BRE-1003,Breakers & Panels,2,17.77,21.03,21.2,42.4,
INV-50801,2026-09-12,C1009,Bull Run Contracting,A,M. Dunn,WIR-1014,Wire & Cable,14,313.51,362.76,366.38,5129.32,
INV-50802,2026-07-24,C1010,Bull Run Electric,A,K. Foster,HVA-1032,HVAC Equipment,1,850.39,918.62,910.28,910.28,
INV-50802,2026-07-24,C1010,Bull Run Electric,A,K. Foster,WIR-1012,Wire & Cable,6,133.61,148.42,147.02,882.12,
INV-50802,2026-07-24,C1010,Bull Run Electric,A,K. Foster,HVA-1022,HVAC Equipment,1,465.16,488.86,491.64,491.64,
INV-50802,2026-07-24,C1010,Bull Run Electric,A,K. Foster,LIG-1001,Lighting,10,30.22,36.48,36.43,364.3,
INV-50803,2026-09-09,C1014,Bull Run Heating & Air,A,S. Evans,HVA-1032,HVAC Parts,44,40.36,49.89,49.8,2191.2,
INV-50803,2026-09-09,C1014,Bull Run Heating & Air,A,S. Evans,WIR-1025,Wire & Cable,9,108.67,125.11,124.56,1121.04,
INV-50803,2026-09-09,C1014,Bull Run Heating & Air,A,S. Evans,HVA-1017,HVAC Equipment,1,2240.25,2432.9,2414.2,2414.2,
INV-50803,2026-09-09,C1014,Bull Run Heating & Air,A,S. Evans,WIR-1027,Wire & Cable,9,43.54,49.74,50.17,451.53,
INV-50803,2026-09-09,C1014,Bull Run Heating & Air,A,S. Evans,WIR-1001,Wire & Cable,11,67.02,73.7,69.97,769.67,VERBAL
INV-50804,2026-07-19,C1023,Burke Mechanical,B,D. Brooks,LIG-1006,Lighting,24,17.96,25.81,25.71,617.04,
INV-50804,2026-07-19,C1023,Burke Mechanical,B,D. Brooks,LIG-1009,Lighting,12,103.74,138.8,137.97,1655.64,
INV-50804,2026-07-19,C1023,Burke Mechanical,B,D. Brooks,WIR-1031,Wire & Cable,12,333.43,427.37,423.34,5080.08,
INV-50804,2026-07-19,C1023,Burke Mechanical,B,D. Brooks,WIR-1023,Wire & Cable,3,47.27,59.52,60.0,180.0,
INV-50804,2026-07-19,C1023,Burke Mechanical,B,D. Brooks,BRE-1000,Breakers & Panels,5,42.31,58.23,53.66,268.3,
INV-50804,2026-07-19,C1023,Burke Mechanical,B,D. Brooks,CON-1035,Conduit & Fittings,9,50.27,75.84,75.43,678.87,
INV-50805,2026-09-21,C1040,Chantilly Heating & Air,B,K. Foster,BRE-1030,Breakers & Panels,15,12.43,15.91,15.96,239.4,
INV-50805,2026-09-21,C1040,Chantilly Heating & Air,B,K. Foster,BRE-1006,Breakers & Panels,9,18.77,25.36,25.31,227.79,
INV-50805,2026-09-21,C1040,Chantilly Heating & Air,B,K. Foster,BRE-1011,Breakers & Panels,1,108.7,147.58,148.41,148.41,
INV-50805,2026-09-21,C1040,Chantilly Heating & Air,B,K. Foster,BRE-1029,Breakers & Panels,5,100.96,135.16,136.05,680.25,
INV-50805,2026-09-21,C1040,Chantilly Heating & Air,B,K. Foster,WIR-1035,Wire & Cable,4,83.22,107.26,107.94,431.76,
INV-50805,2026-09-21,C1040,Chantilly Heating & Air,B,K. Foster,CON-1025,Conduit & Fittings,39,8.4,11.81,11.92,464.88,
INV-50806,2026-07-11,C1009,Bull Run Contracting,A,M. Dunn,HVA-1010,HVAC Parts,6,26.77,31.62,31.72,190.32,
INV-50806,2026-07-11,C1009,Bull Run Contracting,A,M. Dunn,BRE-1028,Breakers & Panels,33,83.36,96.84,97.75,3225.75,
INV-50806,2026-07-11,C1009,Bull Run Contracting,A,M. Dunn,HVA-1018,HVAC Parts,3,116.07,143.82,142.77,428.31,
INV-50807,2026-08-16,C1020,Burke Energy Group,B,S. Evans,HVA-1035,HVAC Equipment,1,1183.06,1405.18,1410.72,1410.72,
INV-50807,2026-08-16,C1020,Burke Energy Group,B,S. Evans,WIR-1000,Wire & Cable,1,216.1,267.85,250.39,250.39,
INV-50807,2026-08-16,C1020,Burke Energy Group,B,S. Evans,CON-1021,Conduit & Fittings,116,8.73,12.92,13.0,1508.0,
INV-50808,2026-07-08,C1039,Chantilly HVAC Services,B,R. Alvarez,LIG-1032,Lighting,9,22.45,32.7,32.91,296.19,
INV-50808,2026-07-08,C1039,Chantilly HVAC Services,B,R. Alvarez,CON-1006,Conduit & Fittings,31,6.73,9.5,9.54,295.74,
INV-50808,2026-07-08,C1039,Chantilly HVAC Services,B,R. Alvarez,HVA-1024,HVAC Equipment,5,2463.08,2981.22,2960.04,14800.2,
INV-50809,2026-07-19,C1005,Blue Ridge Energy Group,A,M. Dunn,CON-1017,Conduit & Fittings,10,21.97,29.48,29.38,293.8,
INV-50809,2026-07-19,C1005,Blue Ridge Energy Group,A,M. Dunn,LIG-1003,Lighting,8,183.14,240.01,230.04,1840.32,
INV-50810,2026-08-04,C1055,Leesburg Contracting,C,D. Brooks,WIR-1003,Wire & Cable,3,52.37,69.83,63.92,191.76,
INV-50810,2026-08-04,C1055,Leesburg Contracting,C,D. Brooks,HVA-1017,HVAC Parts,3,13.44,20.4,20.27,60.81,
INV-50810,2026-08-04,C1055,Leesburg Contracting,C,D. Brooks,WIR-1005,Wire & Cable,18,392.51,518.85,522.64,9407.52,
INV-50810,2026-08-04,C1055,Leesburg Contracting,C,D. Brooks,HVA-1021,HVAC Equipment,1,2137.62,2675.49,2667.87,2667.87,
INV-50810,2026-08-04,C1055,Leesburg Contracting,C,D. Brooks,WIR-1019,Wire & Cable,24,116.68,163.6,162.91,3909.84,
INV-50811,2026-08-05,C1011,Bull Run Electrical Co.,A,D. Brooks,LIG-1018,Lighting,43,40.2,50.38,50.32,2163.76,
INV-50811,2026-08-05,C1011,Bull Run Electrical Co.,A,D. Brooks,WIR-1022,Wire & Cable,3,83.06,98.38,97.97,293.91,
INV-50811,2026-08-05,C1011,Bull Run Electrical Co.,A,D. Brooks,LIG-1018,Lighting,2,40.2,50.38,50.8,101.6,
INV-50811,2026-08-05,C1011,Bull Run Electrical Co.,A,D. Brooks,WIR-1005,Wire & Cable,7,392.51,436.93,434.36,3040.52,
INV-50811,2026-08-05,C1011,Bull Run Electrical Co.,A,D. Brooks,HVA-1032,HVAC Equipment,8,850.39,918.62,927.49,7419.92,
INV-50812,2026-07-18,C1026,Capitol Comfort Systems,B,R. Alvarez,WIR-1030,Wire & Cable,12,123.15,152.62,153.15,1837.8,
INV-50812,2026-07-18,C1026,Capitol Comfort Systems,B,R. Alvarez,HVA-1028,HVAC Equipment,1,685.83,813.91,819.03,819.03,
INV-50812,2026-07-18,C1026,Capitol Comfort Systems,B,R. Alvarez,LIG-1011,Lighting,12,19.03,27.22,27.24,326.88,
INV-50813,2026-07-29,C1073,Manassas Electric,C,S. Evans,HVA-1028,HVAC Equipment,1,685.83,878.65,880.21,880.21,
INV-50813,2026-07-29,C1073,Manassas Electric,C,S. Evans,LIG-1015,Lighting,22,64.96,98.44,97.55,2146.1,
INV-50813,2026-07-29,C1073,Manassas Electric,C,S. Evans,CON-1024,Conduit & Fittings,20,3.43,5.6,5.57,111.4,
INV-50814,2026-07-28,C1078,Mason Electric,C,D. Brooks,LIG-1016,Lighting,3,90.5,131.36,130.77,392.31,
INV-50814,2026-07-28,C1078,Mason Electric,C,D. Brooks,WIR-1028,Wire & Cable,7,76.0,105.43,105.36,737.52,
INV-50814,2026-07-28,C1078,Mason Electric,C,D. Brooks,WIR-1017,Wire & Cable,2,51.35,70.36,70.62,141.24,
INV-50814,2026-07-28,C1078,Mason Electric,C,D. Brooks,LIG-1033,Lighting,5,27.69,41.64,41.84,209.2,
INV-50814,2026-07-28,C1078,Mason Electric,C,D. Brooks,LIG-1014,Lighting,6,9.82,14.95,15.08,90.48,
INV-50814,2026-07-28,C1078,Mason Electric,C,D. Brooks,WIR-1031,Wire & Cable,2,333.43,461.37,428.65,857.3,
INV-50815,2026-07-26,C1024,Burke Power Systems,B,D. Brooks,WIR-1027,Wire & Cable,1,43.54,54.71,49.64,49.64,
INV-50815,2026-07-26,C1024,Burke Power Systems,B,D. Brooks,LIG-1010,Lighting,6,87.43,116.27,115.94,695.64,
INV-50816,2026-07-13,C1008,Bull Run Comfort Systems,A,D. Brooks,LIG-1035,Lighting,5,45.87,60.61,60.69,303.45,
INV-50816,2026-07-13,C1008,Bull Run Comfort Systems,A,D. Brooks,LIG-1011,Lighting,3,19.03,24.74,24.54,73.62,
INV-50816,2026-07-13,C1008,Bull Run Comfort Systems,A,D. Brooks,BRE-1032,Breakers & Panels,1,49.92,61.18,56.14,56.14,VERBAL
INV-50816,2026-07-13,C1008,Bull Run Comfort Systems,A,D. Brooks,WIR-1012,Wire & Cable,17,133.61,148.42,148.98,2532.66,
INV-50816,2026-07-13,C1008,Bull Run Comfort Systems,A,D. Brooks,HVA-1031,HVAC Parts,3,45.05,55.73,55.66,166.98,
INV-50817,2026-08-20,C1001,Blue Ridge Building Services,A,M. Dunn,WIR-1011,Wire & Cable,3,126.22,140.4,141.37,424.11,
INV-50817,2026-08-20,C1001,Blue Ridge Building Services,A,M. Dunn,BRE-1010,Breakers & Panels,5,41.23,47.63,47.58,237.9,
INV-50818,2026-07-12,C1031,Cardinal Comfort Systems,B,T. Chen,HVA-1033,HVAC Equipment,3,1194.8,1414.73,1423.14,4269.42,
INV-50818,2026-07-12,C1031,Cardinal Comfort Systems,B,T. Chen,CON-1013,Conduit & Fittings,17,25.39,34.58,34.29,582.93,
INV-50818,2026-07-12,C1031,Cardinal Comfort Systems,B,T. Chen,HVA-1000,HVAC Equipment,2,402.96,495.6,495.3,990.6,
INV-50818,2026-07-12,C1031,Cardinal Comfort Systems,B,T. Chen,WIR-1024,Wire & Cable,6,274.36,350.42,350.55,2103.3,
INV-50819,2026-08-15,C1018,Burke Electric,B,S. Evans,WIR-1001,Wire & Cable,14,67.02,81.07,75.61,1058.54,
INV-50819,2026-08-15,C1018,Burke Electric,B,S. Evans,WIR-1033,Wire & Cable,8,54.3,70.1,69.94,559.52,
INV-50819,2026-08-15,C1018,Burke Electric,B,S. Evans,BRE-1029,Breakers & Panels,6,100.96,135.16,136.22,817.32,
INV-50820,2026-08-30,C1011,Bull Run Electrical Co.,A,D. Brooks,WIR-1026,Wire & Cable,1,42.97,50.31,47.23,47.23,
INV-50820,2026-08-30,C1011,Bull Run Electrical Co.,A,D. Brooks,HVA-1012,HVAC Equipment,5,922.14,986.23,991.24,4956.2,
INV-50820,2026-08-30,C1011,Bull Run Electrical Co.,A,D. Brooks,BRE-1022,Breakers & Panels,5,51.87,65.5,65.17,325.85,
INV-50820,2026-08-30,C1011,Bull Run Electrical Co.,A,D. Brooks,BRE-1027,Breakers & Panels,13,48.96,58.02,53.96,701.48,
INV-50820,2026-08-30,C1011,Bull Run Electrical Co.,A,D. Brooks,CON-1028,Conduit & Fittings,28,8.95,12.22,12.1,338.8,
INV-50820,2026-08-30,C1011,Bull Run Electrical Co.,A,D. Brooks,HVA-1021,HVAC Equipment,2,2137.62,2253.05,2231.2,4462.4,
INV-50821,2026-09-05,C1022,Burke Heating & Air,B,T. Chen,BRE-1032,Breakers & Panels,3,49.92,67.29,67.1,201.3,
INV-50821,2026-09-05,C1022,Burke Heating & Air,B,T. Chen,LIG-1028,Lighting,4,42.41,58.41,58.8,235.2,
INV-50821,2026-09-05,C1022,Burke Heating & Air,B,T. Chen,HVA-1011,HVAC Equipment,2,620.35,747.27,741.44,1482.88,
INV-50822,2026-08-17,C1007,Bull Run Building Services,A,M. Dunn,CON-1008,Conduit & Fittings,16,3.76,4.66,4.63,74.08,
INV-50822,2026-08-17,C1007,Bull Run Building Services,A,M. Dunn,WIR-1002,Wire & Cable,5,152.66,178.87,178.01,890.05,
INV-50823,2026-07-26,C1050,Fairfax Comfort Systems,B,R. Alvarez,HVA-1031,HVAC Parts,1,45.05,61.3,61.56,61.56,
INV-50823,2026-07-26,C1050,Fairfax Comfort Systems,B,R. Alvarez,LIG-1024,Lighting,11,41.61,56.47,56.93,626.23,
INV-50823,2026-07-26,C1050,Fairfax Comfort Systems,B,R. Alvarez,BRE-1010,Breakers & Panels,4,41.23,52.4,52.3,209.2,
INV-50824,2026-08-06,C1074,Manassas Electrical Co.,C,M. Dunn,LIG-1020,Lighting,1,23.46,33.62,33.82,33.82,
INV-50824,2026-08-06,C1074,Manassas Electrical Co.,C,M. Dunn,BRE-1014,Breakers & Panels,7,162.58,245.47,243.77,1706.39,
INV-50824,2026-08-06,C1074,Manassas Electrical Co.,C,M. Dunn,BRE-1011,Breakers & Panels,1,108.7,159.32,159.91,159.91,
INV-50825,2026-08-13,C1092,Old Dominion Power Systems,C,R. Alvarez,HVA-1011,HVAC Parts,2,8.86,13.67,13.56,27.12,
INV-50825,2026-08-13,C1092,Old Dominion Power Systems,C,R. Alvarez,HVA-1033,HVAC Equipment,1,1194.8,1527.27,1539.49,1539.49,
INV-50826,2026-08-03,C1033,Cardinal HVAC Services,B,D. Brooks,LIG-1002,Lighting,5,81.88,119.13,119.52,597.6,
INV-50826,2026-08-03,C1033,Cardinal HVAC Services,B,D. Brooks,CON-1021,Conduit & Fittings,25,8.73,12.92,13.04,326.0,
INV-50826,2026-08-03,C1033,Cardinal HVAC Services,B,D. Brooks,BRE-1020,Breakers & Panels,8,33.52,45.36,40.85,326.8,
INV-50826,2026-08-03,C1033,Cardinal HVAC Services,B,D. Brooks,HVA-1017,HVAC Parts,2,13.44,18.89,18.82,37.64,
INV-50827,2026-09-10,C1114,Shenandoah Contracting,C,K. Foster,HVA-1017,HVAC Equipment,1,2240.25,2889.06,2891.53,2891.53,
INV-50827,2026-09-10,C1114,Shenandoah Contracting,C,K. Foster,BRE-1010,Breakers & Panels,9,41.23,56.56,56.17,505.53,
INV-50827,2026-09-10,C1114,Shenandoah Contracting,C,K. Foster,HVA-1004,HVAC Parts,1,16.08,23.33,23.31,23.31,
INV-50828,2026-09-18,C1057,Leesburg Energy Group,C,S. Evans,HVA-1015,HVAC Parts,22,173.58,242.83,240.42,5289.24,
INV-50828,2026-09-18,C1057,Leesburg Energy Group,C,S. Evans,CON-1010,Conduit & Fittings,19,12.81,18.55,18.39,349.41,
INV-50828,2026-09-18,C1057,Leesburg Energy Group,C,S. Evans,LIG-1008,Lighting,17,37.77,53.2,53.14,903.38,
INV-50829,2026-09-24,C1118,Shenandoah Heating & Air,C,R. Alvarez,LIG-1002,Lighting,6,81.88,128.61,129.39,776.34,
INV-50829,2026-09-24,C1118,Shenandoah Heating & Air,C,R. Alvarez,LIG-1005,Lighting,15,24.04,36.12,35.84,537.6,
INV-50829,2026-09-24,C1118,Shenandoah Heating & Air,C,R. Alvarez,LIG-1001,Lighting,2,30.22,43.32,43.45,86.9,
INV-50829,2026-09-24,C1118,Shenandoah Heating & Air,C,R. Alvarez,HVA-1030,HVAC Parts,1,7.81,11.67,11.61,11.61,
INV-50830,2026-07-01,C1002,Blue Ridge Comfort Systems,A,S. Evans,BRE-1018,Breakers & Panels,2,111.4,128.54,127.94,255.88,
INV-50830,2026-07-01,C1002,Blue Ridge Comfort Systems,A,S. Evans,HVA-1012,HVAC Parts,6,26.33,30.77,30.82,184.92,
INV-50830,2026-07-01,C1002,Blue Ridge Comfort Systems,A,S. Evans,HVA-1033,HVAC Equipment,1,1194.8,1286.12,1275.11,1275.11,
INV-50830,2026-07-01,C1002,Blue Ridge Comfort Systems,A,S. Evans,LIG-1027,Lighting,8,15.54,19.44,19.44,155.52,
INV-50831,2026-08-14,C1119,Shenandoah Mechanical,C,R. Alvarez,BRE-1001,Breakers & Panels,4,38.81,53.94,53.45,213.8,
INV-50831,2026-08-14,C1119,Shenandoah Mechanical,C,R. Alvarez,CON-1018,Conduit & Fittings,14,4.8,7.59,7.64,106.96,
INV-50831,2026-08-14,C1119,Shenandoah Mechanical,C,R. Alvarez,HVA-1016,HVAC Parts,1,11.14,17.03,17.12,17.12,
INV-50831,2026-08-14,C1119,Shenandoah Mechanical,C,R. Alvarez,WIR-1005,Wire & Cable,11,392.51,518.85,518.72,5705.92,
INV-50832,2026-07-03,C1007,Bull Run Building Services,A,M. Dunn,BRE-1011,Breakers & Panels,13,108.7,134.17,133.2,1731.6,
INV-50832,2026-07-03,C1007,Bull Run Building Services,A,M. Dunn,CON-1000,Conduit & Fittings,32,23.85,29.44,29.68,949.76,
INV-50833,2026-08-02,C1006,Blue Ridge Heating & Air,A,M. Dunn,LIG-1015,Lighting,6,64.96,82.9,82.54,495.24,
INV-50833,2026-08-02,C1006,Blue Ridge Heating & Air,A,M. Dunn,WIR-1009,Wire & Cable,1,329.33,392.5,394.19,394.19,
INV-50833,2026-08-02,C1006,Blue Ridge Heating & Air,A,M. Dunn,CON-1035,Conduit & Fittings,38,50.27,68.94,69.61,2645.18,
INV-50833,2026-08-02,C1006,Blue Ridge Heating & Air,A,M. Dunn,CON-1008,Conduit & Fittings,49,3.76,4.66,4.31,211.19,VERBAL
INV-50834,2026-08-22,C1030,Capitol Power Systems,B,M. Dunn,CON-1005,Conduit & Fittings,36,4.97,7.09,7.1,255.6,
INV-50834,2026-08-22,C1030,Capitol Power Systems,B,M. Dunn,BRE-1000,Breakers & Panels,3,42.31,58.23,57.93,173.79,
INV-50834,2026-08-22,C1030,Capitol Power Systems,B,M. Dunn,HVA-1006,HVAC Parts,6,55.33,75.07,75.2,451.2,
INV-50834,2026-08-22,C1030,Capitol Power Systems,B,M. Dunn,HVA-1011,HVAC Equipment,1,620.35,747.27,746.82,746.82,
INV-50835,2026-08-26,C1046,Dulles Electrical Co.,B,K. Foster,BRE-1031,Breakers & Panels,9,33.11,42.91,42.56,383.04,
INV-50835,2026-08-26,C1046,Dulles Electrical Co.,B,K. Foster,LIG-1007,Lighting,5,114.08,149.09,149.26,746.3,
INV-50835,2026-08-26,C1046,Dulles Electrical Co.,B,K. Foster,HVA-1018,HVAC Equipment,4,798.66,959.57,968.87,3875.48,
INV-50835,2026-08-26,C1046,Dulles Electrical Co.,B,K. Foster,HVA-1012,HVAC Equipment,3,922.14,1084.86,1080.41,3241.23,
INV-50835,2026-08-26,C1046,Dulles Electrical Co.,B,K. Foster,BRE-1027,Breakers & Panels,2,48.96,63.82,63.8,127.6,
INV-50835,2026-08-26,C1046,Dulles Electrical Co.,B,K. Foster,CON-1026,Conduit & Fittings,14,36.79,53.57,53.3,746.2,
INV-50836,2026-08-27,C1028,Capitol HVAC Services,B,S. Evans,LIG-1011,Lighting,14,19.03,27.22,27.35,382.9,
INV-50836,2026-08-27,C1028,Capitol HVAC Services,B,S. Evans,WIR-1019,Wire & Cable,1,116.68,151.54,136.32,136.32,
INV-50836,2026-08-27,C1028,Capitol HVAC Services,B,S. Evans,CON-1004,Conduit & Fittings,7,49.09,67.04,67.48,472.36,
INV-50836,2026-08-27,C1028,Capitol HVAC Services,B,S. Evans,HVA-1026,HVAC Equipment,1,478.34,588.01,590.57,590.57,
INV-50837,2026-07-29,C1012,Bull Run Energy Group,A,D. Brooks,BRE-1022,Breakers & Panels,12,51.87,65.5,60.92,731.04,
INV-50837,2026-07-29,C1012,Bull Run Energy Group,A,D. Brooks,CON-1002,Conduit & Fittings,8,2.46,3.24,3.23,25.84,
INV-50837,2026-07-29,C1012,Bull Run Energy Group,A,D. Brooks,WIR-1014,Wire & Cable,3,313.51,362.76,326.8,980.4,
INV-50838,2026-07-28,C1015,Bull Run Power Systems,A,R. Alvarez,LIG-1032,Lighting,15,22.45,29.73,29.59,443.85,
INV-50838,2026-07-28,C1015,Bull Run Power Systems,A,R. Alvarez,HVA-1006,HVAC Parts,1,55.33,68.25,68.05,68.05,
INV-50838,2026-07-28,C1015,Bull Run Power Systems,A,R. Alvarez,HVA-1006,HVAC Equipment,1,495.45,546.9,545.82,545.82,
INV-50839,2026-07-22,C1051,Fairfax Heating & Air,C,K. Foster,HVA-1029,HVAC Equipment,1,706.2,932.61,928.33,928.33,
INV-50839,2026-07-22,C1051,Fairfax Heating & Air,C,K. Foster,HVA-1021,HVAC Equipment,1,2137.62,2675.49,2650.6,2650.6,
INV-50839,2026-07-22,C1051,Fairfax Heating & Air,C,K. Foster,WIR-1025,Wire & Cable,11,108.67,148.57,149.52,1644.72,
INV-50839,2026-07-22,C1051,Fairfax Heating & Air,C,K. Foster,HVA-1010,HVAC Equipment,1,1378.41,1748.24,1754.84,1754.84,
INV-50840,2026-09-10,C1010,Bull Run Electric,A,K. Foster,CON-1025,Conduit & Fittings,34,8.4,10.74,10.72,364.48,
INV-50840,2026-09-10,C1010,Bull Run Electric,A,K. Foster,BRE-1010,Breakers & Panels,17,41.23,47.63,47.81,812.77,
INV-50840,2026-09-10,C1010,Bull Run Electric,A,K. Foster,BRE-1009,Breakers & Panels,17,29.59,35.71,35.98,611.66,
INV-50840,2026-09-10,C1010,Bull Run Electric,A,K. Foster,WIR-1003,Wire & Cable,3,52.37,58.81,58.85,176.55,
INV-50840,2026-09-10,C1010,Bull Run Electric,A,K. Foster,LIG-1005,Lighting,17,24.04,30.42,30.36,516.12,
INV-50840,2026-09-10,C1010,Bull Run Electric,A,K. Foster,HVA-1008,HVAC Parts,38,23.36,27.9,28.0,1064.0,
INV-50841,2026-09-23,C1043,Dulles Building Services,B,T. Chen,BRE-1034,Breakers & Panels,14,68.77,93.74,93.39,1307.46,
INV-50841,2026-09-23,C1043,Dulles Building Services,B,T. Chen,WIR-1023,Wire & Cable,11,47.27,59.52,59.01,649.11,
INV-50841,2026-09-23,C1043,Dulles Building Services,B,T. Chen,LIG-1023,Lighting,12,160.88,230.86,231.42,2777.04,
INV-50841,2026-09-23,C1043,Dulles Building Services,B,T. Chen,HVA-1000,HVAC Equipment,1,402.96,495.6,497.51,497.51,
INV-50842,2026-08-27,C1017,Burke Contracting,B,K. Foster,LIG-1003,Lighting,12,183.14,264.01,263.31,3159.72,
INV-50842,2026-08-27,C1017,Burke Contracting,B,K. Foster,BRE-1025,Breakers & Panels,5,164.87,214.71,214.84,1074.2,
INV-50842,2026-08-27,C1017,Burke Contracting,B,K. Foster,WIR-1019,Wire & Cable,1,116.68,151.54,150.41,150.41,
INV-50842,2026-08-27,C1017,Burke Contracting,B,K. Foster,WIR-1034,Wire & Cable,11,60.49,77.3,77.27,849.97,
INV-50842,2026-08-27,C1017,Burke Contracting,B,K. Foster,HVA-1009,HVAC Parts,2,7.94,10.38,10.37,20.74,
INV-50842,2026-08-27,C1017,Burke Contracting,B,K. Foster,BRE-1018,Breakers & Panels,11,111.4,141.4,140.7,1547.7,
INV-50843,2026-09-12,C1060,Lorton Comfort Systems,C,M. Dunn,HVA-1033,HVAC Parts,6,37.29,52.0,52.39,314.34,
INV-50843,2026-09-12,C1060,Lorton Comfort Systems,C,M. Dunn,HVA-1003,HVAC Parts,8,14.6,21.38,21.26,170.08,
INV-50843,2026-09-12,C1060,Lorton Comfort Systems,C,M. Dunn,HVA-1013,HVAC Equipment,1,1860.42,2392.65,2416.4,2416.4,
INV-50843,2026-09-12,C1060,Lorton Comfort Systems,C,M. Dunn,CON-1011,Conduit & Fittings,25,4.24,6.39,6.45,161.25,
INV-50844,2026-07-20,C1091,Old Dominion Mechanical,C,D. Brooks,BRE-1029,Breakers & Panels,4,100.96,145.91,145.7,582.8,
INV-50844,2026-07-20,C1091,Old Dominion Mechanical,C,D. Brooks,LIG-1000,Lighting,6,11.27,16.31,16.28,97.68,
INV-50845,2026-08-17,C1028,Capitol HVAC Services,B,S. Evans,LIG-1005,Lighting,20,24.04,33.46,33.43,668.6,
INV-50845,2026-08-17,C1028,Capitol HVAC Services,B,S. Evans,LIG-1026,Lighting,7,15.8,21.64,21.56,150.92,
INV-50845,2026-08-17,C1028,Capitol HVAC Services,B,S. Evans,HVA-1009,HVAC Parts,1,7.94,10.38,10.47,10.47,
INV-50845,2026-08-17,C1028,Capitol HVAC Services,B,S. Evans,CON-1030,Conduit & Fittings,3,42.26,61.79,61.32,183.96,
INV-50846,2026-09-05,C1007,Bull Run Building Services,A,M. Dunn,HVA-1031,HVAC Parts,8,45.05,55.73,55.69,445.52,
INV-50846,2026-09-05,C1007,Bull Run Building Services,A,M. Dunn,CON-1035,Conduit & Fittings,12,50.27,68.94,69.12,829.44,
INV-50846,2026-09-05,C1007,Bull Run Building Services,A,M. Dunn,CON-1025,Conduit & Fittings,22,8.4,10.74,10.66,234.52,
INV-50846,2026-09-05,C1007,Bull Run Building Services,A,M. Dunn,LIG-1028,Lighting,5,42.41,53.1,53.62,268.1,
INV-50846,2026-09-05,C1007,Bull Run Building Services,A,M. Dunn,HVA-1024,HVAC Parts,4,167.27,216.78,215.69,862.76,
INV-50847,2026-07-23,C1024,Burke Power Systems,B,D. Brooks,LIG-1014,Lighting,17,9.82,13.85,13.94,236.98,
INV-50847,2026-07-23,C1024,Burke Power Systems,B,D. Brooks,WIR-1026,Wire & Cable,29,42.97,55.34,52.57,1524.53,
INV-50847,2026-07-23,C1024,Burke Power Systems,B,D. Brooks,CON-1017,Conduit & Fittings,8,21.97,32.43,32.56,260.48,
INV-50847,2026-07-23,C1024,Burke Power Systems,B,D. Brooks,WIR-1029,Wire & Cable,12,61.38,76.02,76.28,915.36,
INV-50847,2026-07-23,C1024,Burke Power Systems,B,D. Brooks,HVA-1024,HVAC Parts,3,167.27,238.46,239.84,719.52,
INV-50848,2026-09-16,C1042,Chantilly Power Systems,B,T. Chen,HVA-1015,HVAC Parts,10,173.58,224.94,223.73,2237.3,
INV-50848,2026-09-16,C1042,Chantilly Power Systems,B,T. Chen,WIR-1003,Wire & Cable,11,52.37,64.69,64.26,706.86,
INV-50849,2026-08-18,C1006,Blue Ridge Heating & Air,A,M. Dunn,HVA-1024,HVAC Equipment,1,2463.08,2710.2,2721.93,2721.93,
INV-50849,2026-08-18,C1006,Blue Ridge Heating & Air,A,M. Dunn,HVA-1023,HVAC Equipment,1,1062.71,1129.42,1128.44,1128.44,
INV-50849,2026-08-18,C1006,Blue Ridge Heating & Air,A,M. Dunn,WIR-1013,Wire & Cable,16,317.33,363.13,341.23,5459.68,VERBAL
INV-50849,2026-08-18,C1006,Blue Ridge Heating & Air,A,M. Dunn,HVA-1016,HVAC Parts,10,11.14,14.34,14.24,142.4,
INV-50849,2026-08-18,C1006,Blue Ridge Heating & Air,A,M. Dunn,LIG-1026,Lighting,11,15.8,19.67,19.62,215.82,
INV-50849,2026-08-18,C1006,Blue Ridge Heating & Air,A,M. Dunn,BRE-1031,Breakers & Panels,13,33.11,39.01,38.72,503.36,
INV-50850,2026-06-29,C1002,Blue Ridge Comfort Systems,A,S. Evans,BRE-1023,Breakers & Panels,2,34.02,39.36,37.16,74.32,
INV-50850,2026-06-29,C1002,Blue Ridge Comfort Systems,A,S. Evans,BRE-1031,Breakers & Panels,3,33.11,39.01,39.37,118.11,
INV-50850,2026-06-29,C1002,Blue Ridge Comfort Systems,A,S. Evans,CON-1025,Conduit & Fittings,21,8.4,10.74,10.73,225.33,
INV-50851,2026-07-29,C1066,Loudoun Electrical Co.,C,T. Chen,HVA-1028,HVAC Equipment,3,685.83,878.65,887.2,2661.6,
INV-50851,2026-07-29,C1066,Loudoun Electrical Co.,C,T. Chen,WIR-1009,Wire & Cable,1,329.33,466.09,465.0,465.0,
INV-50851,2026-07-29,C1066,Loudoun Electrical Co.,C,T. Chen,CON-1013,Conduit & Fittings,9,25.39,37.33,37.56,338.04,
INV-50852,2026-09-26,C1009,Bull Run Contracting,A,M. Dunn,LIG-1007,Lighting,9,114.08,135.54,134.29,1208.61,
INV-50852,2026-09-26,C1009,Bull Run Contracting,A,M. Dunn,BRE-1001,Breakers & Panels,4,38.81,45.42,45.72,182.88,
INV-50852,2026-09-26,C1009,Bull Run Contracting,A,M. Dunn,CON-1019,Conduit & Fittings,26,3.49,4.34,4.37,113.62,
INV-50852,2026-09-26,C1009,Bull Run Contracting,A,M. Dunn,HVA-1011,HVAC Equipment,1,620.35,679.34,681.18,681.18,
INV-50853,2026-08-03,C1030,Capitol Power Systems,B,M. Dunn,LIG-1013,Lighting,7,9.5,12.94,12.98,90.86,
INV-50853,2026-08-03,C1030,Capitol Power Systems,B,M. Dunn,LIG-1002,Lighting,12,81.88,119.13,119.78,1437.36,
INV-50853,2026-08-03,C1030,Capitol Power Systems,B,M. Dunn,BRE-1014,Breakers & Panels,4,162.58,227.38,228.08,912.32,
INV-50853,2026-08-03,C1030,Capitol Power Systems,B,M. Dunn,HVA-1006,HVAC Equipment,1,495.45,601.59,603.5,603.5,
INV-50853,2026-08-03,C1030,Capitol Power Systems,B,M. Dunn,BRE-1025,Breakers & Panels,4,164.87,214.71,214.69,858.76,
INV-50853,2026-08-03,C1030,Capitol Power Systems,B,M. Dunn,HVA-1015,HVAC Equipment,4,646.24,744.3,741.15,2964.6,
INV-50854,2026-08-28,C1003,Blue Ridge Electric,A,D. Brooks,WIR-1016,Wire & Cable,3,87.34,97.45,88.23,264.69,
INV-50854,2026-08-28,C1003,Blue Ridge Electric,A,D. Brooks,CON-1031,Conduit & Fittings,47,2.97,3.65,3.66,172.02,
INV-50854,2026-08-28,C1003,Blue Ridge Electric,A,D. Brooks,LIG-1018,Lighting,47,40.2,50.38,46.68,2193.96,MGR
INV-50855,2026-08-14,C1031,Cardinal Comfort Systems,B,T. Chen,BRE-1033,Breakers & Panels,3,20.29,26.53,26.31,78.93,
INV-50855,2026-08-14,C1031,Cardinal Comfort Systems,B,T. Chen,LIG-1017,Lighting,1,36.9,48.51,48.26,48.26,
INV-50855,2026-08-14,C1031,Cardinal Comfort Systems,B,T. Chen,LIG-1035,Lighting,13,45.87,66.67,67.08,872.04,
INV-50855,2026-08-14,C1031,Cardinal Comfort Systems,B,T. Chen,CON-1027,Conduit & Fittings,18,53.89,77.72,72.56,1306.08,
INV-50856,2026-09-11,C1085,Occoquan HVAC Services,C,T. Chen,LIG-1035,Lighting,31,45.87,71.97,72.16,2236.96,
INV-50856,2026-09-11,C1085,Occoquan HVAC Services,C,T. Chen,HVA-1012,HVAC Equipment,1,922.14,1171.15,1172.9,1172.9,
INV-50856,2026-09-11,C1085,Occoquan HVAC Services,C,T. Chen,HVA-1017,HVAC Parts,6,13.44,20.4,20.31,121.86,
INV-50856,2026-09-11,C1085,Occoquan HVAC Services,C,T. Chen,HVA-1012,HVAC Equipment,1,922.14,1171.15,1177.75,1177.75,
INV-50857,2026-09-19,C1052,Fairfax Mechanical,C,D. Brooks,WIR-1016,Wire & Cable,11,87.34,115.72,114.82,1263.02,
INV-50857,2026-09-19,C1052,Fairfax Mechanical,C,D. Brooks,WIR-1003,Wire & Cable,7,52.37,69.83,63.91,447.37,
INV-50857,2026-09-19,C1052,Fairfax Mechanical,C,D. Brooks,LIG-1033,Lighting,8,27.69,41.64,41.64,333.12,
INV-50857,2026-09-19,C1052,Fairfax Mechanical,C,D. Brooks,HVA-1002,HVAC Parts,9,33.4,47.0,46.92,422.28,
INV-50857,2026-09-19,C1052,Fairfax Mechanical,C,D. Brooks,BRE-1009,Breakers & Panels,3,29.59,42.41,42.36,127.08,
INV-50858,2026-06-29,C1011,Bull Run Electrical Co.,A,D. Brooks,LIG-1011,Lighting,22,19.03,24.74,24.61,541.42,
INV-50858,2026-06-29,C1011,Bull Run Electrical Co.,A,D. Brooks,HVA-1022,HVAC Equipment,1,465.16,488.86,490.65,490.65,
INV-50858,2026-06-29,C1011,Bull Run Electrical Co.,A,D. Brooks,BRE-1003,Breakers & Panels,5,17.77,21.03,21.15,105.75,
INV-50859,2026-07-06,C1024,Burke Power Systems,B,D. Brooks,BRE-1015,Breakers & Panels,49,93.54,125.32,118.17,5790.33,
INV-50859,2026-07-06,C1024,Burke Power Systems,B,D. Brooks,HVA-1009,HVAC Parts,1,7.94,10.38,10.46,10.46,
INV-50859,2026-07-06,C1024,Burke Power Systems,B,D. Brooks,BRE-1001,Breakers & Panels,2,38.81,49.97,50.28,100.56,
INV-50860,2026-08-29,C1015,Bull Run Power Systems,A,R. Alvarez,LIG-1013,Lighting,7,9.5,11.76,11.72,82.04,
INV-50860,2026-08-29,C1015,Bull Run Power Systems,A,R. Alvarez,WIR-1009,Wire & Cable,4,329.33,392.5,388.73,1554.92,
INV-50860,2026-08-29,C1015,Bull Run Power Systems,A,R. Alvarez,WIR-1006,Wire & Cable,6,223.99,245.66,244.3,1465.8,
INV-50860,2026-08-29,C1015,Bull Run Power Systems,A,R. Alvarez,LIG-1027,Lighting,17,15.54,19.44,19.46,330.82,
INV-50861,2026-08-01,C1015,Bull Run Power Systems,A,R. Alvarez,LIG-1021,Lighting,14,183.41,239.04,238.42,3337.88,
INV-50861,2026-08-01,C1015,Bull Run Power Systems,A,R. Alvarez,HVA-1024,HVAC Parts,4,167.27,216.78,217.77,871.08,
INV-50861,2026-08-01,C1015,Bull Run Power Systems,A,R. Alvarez,CON-1017,Conduit & Fittings,10,21.97,29.48,29.43,294.3,
INV-50861,2026-08-01,C1015,Bull Run Power Systems,A,R. Alvarez,CON-1034,Conduit & Fittings,4,17.7,22.0,22.08,88.32,
INV-50862,2026-09-11,C1045,Dulles Contracting,B,S. Evans,HVA-1026,HVAC Parts,6,7.14,9.26,9.28,55.68,
INV-50862,2026-09-11,C1045,Dulles Contracting,B,S. Evans,HVA-1019,HVAC Parts,1,165.59,225.39,224.07,224.07,
INV-50863,2026-09-21,C1035,Chantilly Contracting,B,S. Evans,CON-1031,Conduit & Fittings,54,2.97,4.01,3.97,214.38,
INV-50863,2026-09-21,C1035,Chantilly Contracting,B,S. Evans,HVA-1034,HVAC Parts,12,21.98,29.88,30.11,361.32,
INV-50863,2026-09-21,C1035,Chantilly Contracting,B,S. Evans,BRE-1011,Breakers & Panels,7,108.7,147.58,147.08,1029.56,
INV-50863,2026-09-21,C1035,Chantilly Contracting,B,S. Evans,WIR-1022,Wire & Cable,4,83.06,108.21,99.17,396.68,VERBAL
INV-50864,2026-07-03,C1003,Blue Ridge Electric,A,D. Brooks,HVA-1034,HVAC Equipment,1,1666.74,1813.14,1828.31,1828.31,
INV-50864,2026-07-03,C1003,Blue Ridge Electric,A,D. Brooks,BRE-1025,Breakers & Panels,4,164.87,195.19,195.7,782.8,
INV-50864,2026-07-03,C1003,Blue Ridge Electric,A,D. Brooks,HVA-1014,HVAC Parts,20,114.93,141.83,142.63,2852.6,
INV-50864,2026-07-03,C1003,Blue Ridge Electric,A,D. Brooks,BRE-1035,Breakers & Panels,5,97.51,118.92,109.65,548.25,
INV-50865,2026-09-22,C1049,Dulles Heating & Air,B,K. Foster,LIG-1031,Lighting,10,46.98,67.17,67.35,673.5,
INV-50865,2026-09-22,C1049,Dulles Heating & Air,B,K. Foster,CON-1035,Conduit & Fittings,108,50.27,75.84,75.73,8178.84,
INV-50865,2026-09-22,C1049,Dulles Heating & Air,B,K. Foster,WIR-1019,Wire & Cable,4,116.68,151.54,150.19,600.76,
INV-50865,2026-09-22,C1049,Dulles Heating & Air,B,K. Foster,LIG-1007,Lighting,3,114.08,149.09,150.49,451.47,
INV-50866,2026-08-23,C1017,Burke Contracting,B,K. Foster,HVA-1005,HVAC Parts,6,90.38,116.42,116.18,697.08,
INV-50866,2026-08-23,C1017,Burke Contracting,B,K. Foster,LIG-1010,Lighting,5,87.43,116.27,116.26,581.3,
INV-50866,2026-08-23,C1017,Burke Contracting,B,K. Foster,CON-1021,Conduit & Fittings,27,8.73,12.92,12.95,349.65,
INV-50867,2026-07-14,C1084,Occoquan Electrical Co.,C,R. Alvarez,WIR-1019,Wire & Cable,51,116.68,163.6,165.05,8417.55,
INV-50867,2026-07-14,C1084,Occoquan Electrical Co.,C,R. Alvarez,HVA-1017,HVAC Parts,8,13.44,20.4,20.22,161.76,
INV-50867,2026-07-14,C1084,Occoquan Electrical Co.,C,R. Alvarez,WIR-1002,Wire & Cable,5,152.66,212.41,212.23,1061.15,
INV-50867,2026-07-14,C1084,Occoquan Electrical Co.,C,R. Alvarez,HVA-1035,HVAC Parts,19,33.23,47.25,47.08,894.52,
INV-50868,2026-08-13,C1042,Chantilly Power Systems,B,T. Chen,CON-1024,Conduit & Fittings,14,3.43,5.18,5.15,72.1,
INV-50868,2026-08-13,C1042,Chantilly Power Systems,B,T. Chen,CON-1021,Conduit & Fittings,177,8.73,12.92,12.89,2281.53,
INV-50868,2026-08-13,C1042,Chantilly Power Systems,B,T. Chen,HVA-1004,HVAC Parts,4,16.08,21.61,21.8,87.2,
INV-50869,2026-07-25,C1006,Blue Ridge Heating & Air,A,M. Dunn,LIG-1009,Lighting,21,103.74,126.18,127.15,2670.15,
INV-50869,2026-07-25,C1006,Blue Ridge Heating & Air,A,M. Dunn,BRE-1001,Breakers & Panels,3,38.81,45.42,45.79,137.37,
INV-50870,2026-09-12,C1085,Occoquan HVAC Services,C,T. Chen,LIG-1029,Lighting,12,98.21,142.11,142.02,1704.24,
INV-50870,2026-09-12,C1085,Occoquan HVAC Services,C,T. Chen,HVA-1019,HVAC Parts,6,165.59,243.31,241.71,1450.26,
INV-50870,2026-09-12,C1085,Occoquan HVAC Services,C,T. Chen,LIG-1021,Lighting,9,183.41,283.86,283.38,2550.42,
INV-50871,2026-09-12,C1064,Lorton Power Systems,C,S. Evans,LIG-1024,Lighting,5,41.61,60.96,61.39,306.95,
INV-50871,2026-09-12,C1064,Lorton Power Systems,C,S. Evans,CON-1013,Conduit & Fittings,38,25.39,37.33,37.15,1411.7,
INV-50871,2026-09-12,C1064,Lorton Power Systems,C,S. Evans,BRE-1003,Breakers & Panels,3,17.77,24.98,25.11,75.33,
INV-50872,2026-07-15,C1010,Bull Run Electric,A,K. Foster,BRE-1023,Breakers & Panels,6,34.02,39.36,38.98,233.88,
INV-50872,2026-07-15,C1010,Bull Run Electric,A,K. Foster,CON-1032,Conduit & Fittings,12,22.74,29.79,29.51,354.12,
INV-50872,2026-07-15,C1010,Bull Run Electric,A,K. Foster,WIR-1031,Wire & Cable,8,333.43,388.52,388.54,3108.32,
INV-50872,2026-07-15,C1010,Bull Run Electric,A,K. Foster,WIR-1029,Wire & Cable,2,61.38,69.11,68.71,137.42,
INV-50873,2026-07-27,C1025,Capitol Building Services,B,R. Alvarez,BRE-1009,Breakers & Panels,22,29.59,39.28,39.09,859.98,
INV-50873,2026-07-27,C1025,Capitol Building Services,B,R. Alvarez,CON-1000,Conduit & Fittings,43,23.85,32.38,32.28,1388.04,
INV-50873,2026-07-27,C1025,Capitol Building Services,B,R. Alvarez,HVA-1011,HVAC Equipment,1,620.35,747.27,740.37,740.37,
INV-50873,2026-07-27,C1025,Capitol Building Services,B,R. Alvarez,BRE-1035,Breakers & Panels,6,97.51,130.81,131.5,789.0,
INV-50873,2026-07-27,C1025,Capitol Building Services,B,R. Alvarez,LIG-1031,Lighting,11,46.98,67.17,67.54,742.94,
INV-50873,2026-07-27,C1025,Capitol Building Services,B,R. Alvarez,HVA-1031,HVAC Equipment,1,1021.28,1244.98,1239.04,1239.04,
INV-50874,2026-08-25,C1009,Bull Run Contracting,A,M. Dunn,LIG-1001,Lighting,5,30.22,36.48,36.27,181.35,
INV-50874,2026-08-25,C1009,Bull Run Contracting,A,M. Dunn,CON-1006,Conduit & Fittings,7,6.73,8.64,8.68,60.76,
INV-50874,2026-08-25,C1009,Bull Run Contracting,A,M. Dunn,CON-1023,Conduit & Fittings,13,53.8,67.06,67.65,879.45,
INV-50874,2026-08-25,C1009,Bull Run Contracting,A,M. Dunn,CON-1028,Conduit & Fittings,71,8.95,12.22,12.19,865.49,
INV-50875,2026-08-31,C1024,Burke Power Systems,B,D. Brooks,CON-1008,Conduit & Fittings,15,3.76,5.12,5.12,76.8,
INV-50875,2026-08-31,C1024,Burke Power Systems,B,D. Brooks,BRE-1020,Breakers & Panels,8,33.52,45.36,40.68,325.44,
INV-50875,2026-08-31,C1024,Burke Power Systems,B,D. Brooks,CON-1035,Conduit & Fittings,21,50.27,75.84,76.57,1607.97,
INV-50875,2026-08-31,C1024,Burke Power Systems,B,D. Brooks,BRE-1034,Breakers & Panels,6,68.77,93.74,85.97,515.82,
INV-50876,2026-08-21,C1112,Ridgeline Heating & Air,C,S. Evans,HVA-1001,HVAC Equipment,1,1321.74,1747.63,1742.95,1742.95,
INV-50876,2026-08-21,C1112,Ridgeline Heating & Air,C,S. Evans,BRE-1013,Breakers & Panels,9,205.1,308.19,306.27,2756.43,
INV-50876,2026-08-21,C1112,Ridgeline Heating & Air,C,S. Evans,LIG-1015,Lighting,6,64.96,98.44,98.5,591.0,
INV-50877,2026-08-29,C1003,Blue Ridge Electric,A,D. Brooks,LIG-1001,Lighting,46,30.22,36.48,36.23,1666.58,
INV-50877,2026-08-29,C1003,Blue Ridge Electric,A,D. Brooks,BRE-1007,Breakers & Panels,1,24.67,31.43,28.38,28.38,VERBAL
INV-50877,2026-08-29,C1003,Blue Ridge Electric,A,D. Brooks,LIG-1017,Lighting,12,36.9,44.1,44.49,533.88,
INV-50877,2026-08-29,C1003,Blue Ridge Electric,A,D. Brooks,WIR-1032,Wire & Cable,9,294.58,333.89,336.96,3032.64,
INV-50877,2026-08-29,C1003,Blue Ridge Electric,A,D. Brooks,LIG-1008,Lighting,15,37.77,44.8,44.7,670.5,
INV-50878,2026-08-31,C1008,Bull Run Comfort Systems,A,D. Brooks,HVA-1011,HVAC Equipment,2,620.35,679.34,637.7,1275.4,MGR
INV-50878,2026-08-31,C1008,Bull Run Comfort Systems,A,D. Brooks,LIG-1014,Lighting,3,9.82,12.59,12.5,37.5,
INV-50878,2026-08-31,C1008,Bull Run Comfort Systems,A,D. Brooks,HVA-1000,HVAC Equipment,1,402.96,450.54,449.52,449.52,
INV-50879,2026-07-28,C1110,Ridgeline Energy Group,C,M. Dunn,CON-1000,Conduit & Fittings,36,23.85,34.96,34.78,1252.08,
INV-50879,2026-07-28,C1110,Ridgeline Energy Group,C,M. Dunn,HVA-1022,HVAC Parts,8,133.45,195.37,195.6,1564.8,
INV-50879,2026-07-28,C1110,Ridgeline Energy Group,C,M. Dunn,WIR-1000,Wire & Cable,4,216.1,289.15,287.93,1151.72,
INV-50879,2026-07-28,C1110,Ridgeline Energy Group,C,M. Dunn,HVA-1014,HVAC Parts,2,114.93,168.43,168.4,336.8,
INV-50880,2026-09-20,C1025,Capitol Building Services,B,R. Alvarez,HVA-1011,HVAC Equipment,1,620.35,747.27,744.7,744.7,
INV-50880,2026-09-20,C1025,Capitol Building Services,B,R. Alvarez,LIG-1033,Lighting,6,27.69,38.57,38.74,232.44,
INV-50880,2026-09-20,C1025,Capitol Building Services,B,R. Alvarez,BRE-1017,Breakers & Panels,3,33.16,46.23,46.19,138.57,
INV-50880,2026-09-20,C1025,Capitol Building Services,B,R. Alvarez,HVA-1021,HVAC Equipment,1,2137.62,2478.35,2481.93,2481.93,
INV-50880,2026-09-20,C1025,Capitol Building Services,B,R. Alvarez,BRE-1001,Breakers & Panels,2,38.81,49.97,49.86,99.72,
INV-50880,2026-09-20,C1025,Capitol Building Services,B,R. Alvarez,WIR-1008,Wire & Cable,27,100.04,129.22,129.07,3484.89,
INV-50881,2026-07-09,C1059,Leesburg Mechanical,C,K. Foster,BRE-1005,Breakers & Panels,17,159.52,228.3,228.46,3883.82,
INV-50881,2026-07-09,C1059,Leesburg Mechanical,C,K. Foster,WIR-1014,Wire & Cable,1,313.51,430.78,429.82,429.82,
INV-50882,2026-08-14,C1033,Cardinal HVAC Services,B,D. Brooks,WIR-1008,Wire & Cable,4,100.04,129.22,128.89,515.56,
INV-50882,2026-08-14,C1033,Cardinal HVAC Services,B,D. Brooks,HVA-1034,HVAC Equipment,1,1666.74,1994.46,1982.82,1982.82,
INV-50882,2026-08-14,C1033,Cardinal HVAC Services,B,D. Brooks,BRE-1025,Breakers & Panels,10,164.87,214.71,197.67,1976.7,
INV-50883,2026-08-05,C1016,Burke Building Services,B,K. Foster,CON-1012,Conduit & Fittings,8,12.67,17.91,18.08,144.64,
INV-50883,2026-08-05,C1016,Burke Building Services,B,K. Foster,CON-1010,Conduit & Fittings,21,12.81,17.19,17.22,361.62,
INV-50883,2026-08-05,C1016,Burke Building Services,B,K. Foster,LIG-1017,Lighting,2,36.9,48.51,48.24,96.48,
INV-50884,2026-08-30,C1105,Reston Heating & Air,C,K. Foster,LIG-1012,Lighting,7,28.4,40.86,40.77,285.39,
INV-50884,2026-08-30,C1105,Reston Heating & Air,C,K. Foster,WIR-1014,Wire & Cable,8,313.51,430.78,428.88,3431.04,
INV-50884,2026-08-30,C1105,Reston Heating & Air,C,K. Foster,WIR-1030,Wire & Cable,5,123.15,164.76,166.07,830.35,
INV-50885,2026-08-04,C1041,Chantilly Mechanical,B,S. Evans,WIR-1028,Wire & Cable,3,76.0,97.66,87.8,263.4,
INV-50885,2026-08-04,C1041,Chantilly Mechanical,B,S. Evans,LIG-1000,Lighting,20,11.27,15.11,15.07,301.4,
INV-50885,2026-08-04,C1041,Chantilly Mechanical,B,S. Evans,CON-1005,Conduit & Fittings,12,4.97,7.09,7.11,85.32,
INV-50885,2026-08-04,C1041,Chantilly Mechanical,B,S. Evans,CON-1013,Conduit & Fittings,39,25.39,34.58,34.24,1335.36,
INV-50886,2026-07-18,C1002,Blue Ridge Comfort Systems,A,S. Evans,LIG-1033,Lighting,6,27.69,35.06,35.25,211.5,
INV-50886,2026-07-18,C1002,Blue Ridge Comfort Systems,A,S. Evans,HVA-1032,HVAC Equipment,1,850.39,918.62,914.59,914.59,
INV-50886,2026-07-18,C1002,Blue Ridge Comfort Systems,A,S. Evans,BRE-1003,Breakers & Panels,22,17.77,21.03,21.22,466.84,
INV-50886,2026-07-18,C1002,Blue Ridge Comfort Systems,A,S. Evans,LIG-1015,Lighting,11,64.96,82.9,82.08,902.88,
INV-50887,2026-08-26,C1112,Ridgeline Heating & Air,C,S. Evans,LIG-1009,Lighting,14,103.74,149.84,148.9,2084.6,
INV-50887,2026-08-26,C1112,Ridgeline Heating & Air,C,S. Evans,LIG-1032,Lighting,3,22.45,35.3,35.39,106.17,
INV-50888,2026-09-09,C1006,Blue Ridge Heating & Air,A,M. Dunn,HVA-1027,HVAC Parts,3,66.45,79.89,79.84,239.52,
INV-50888,2026-09-09,C1006,Blue Ridge Heating & Air,A,M. Dunn,BRE-1023,Breakers & Panels,5,34.02,39.36,39.18,195.9,
INV-50889,2026-07-27,C1025,Capitol Building Services,B,R. Alvarez,LIG-1018,Lighting,15,40.2,55.41,54.92,823.8,
INV-50889,2026-07-27,C1025,Capitol Building Services,B,R. Alvarez,BRE-1020,Breakers & Panels,6,33.52,45.36,45.27,271.62,
INV-50889,2026-07-27,C1025,Capitol Building Services,B,R. Alvarez,HVA-1015,HVAC Parts,9,173.58,224.94,223.58,2012.22,
INV-50890,2026-07-27,C1013,Bull Run HVAC Services,A,D. Brooks,LIG-1018,Lighting,8,40.2,50.38,50.87,406.96,
INV-50890,2026-07-27,C1013,Bull Run HVAC Services,A,D. Brooks,HVA-1013,HVAC Parts,1,12.39,14.87,14.84,14.84,
INV-50890,2026-07-27,C1013,Bull Run HVAC Services,A,D. Brooks,CON-1015,Conduit & Fittings,29,2.29,2.78,2.8,81.2,
INV-50890,2026-07-27,C1013,Bull Run HVAC Services,A,D. Brooks,CON-1011,Conduit & Fittings,11,4.24,5.38,5.34,58.74,
INV-50891,2026-07-10,C1007,Bull Run Building Services,A,M. Dunn,BRE-1015,Breakers & Panels,1,93.54,113.93,113.16,113.16,
INV-50891,2026-07-10,C1007,Bull Run Building Services,A,M. Dunn,BRE-1016,Breakers & Panels,6,22.89,27.33,27.12,162.72,
INV-50891,2026-07-10,C1007,Bull Run Building Services,A,M. Dunn,HVA-1017,HVAC Equipment,1,2240.25,2432.9,2308.43,2308.43,MGR
INV-50891,2026-07-10,C1007,Bull Run Building Services,A,M. Dunn,CON-1004,Conduit & Fittings,40,49.09,60.94,60.87,2434.8,
INV-50892,2026-08-17,C1088,Old Dominion Building Services,C,M. Dunn,CON-1028,Conduit & Fittings,7,8.95,14.51,14.47,101.29,
INV-50892,2026-08-17,C1088,Old Dominion Building Services,C,M. Dunn,WIR-1004,Wire & Cable,9,134.3,180.06,179.69,1617.21,
INV-50892,2026-08-17,C1088,Old Dominion Building Services,C,M. Dunn,BRE-1012,Breakers & Panels,5,33.82,49.6,49.45,247.25,
INV-50893,2026-08-05,C1109,Ridgeline Electric,C,R. Alvarez,HVA-1000,HVAC Equipment,2,402.96,535.02,534.81,1069.62,
INV-50893,2026-08-05,C1109,Ridgeline Electric,C,R. Alvarez,LIG-1034,Lighting,20,44.13,63.04,63.22,1264.4,
INV-50893,2026-08-05,C1109,Ridgeline Electric,C,R. Alvarez,HVA-1006,HVAC Parts,3,55.33,81.04,81.63,244.89,
INV-50893,2026-08-05,C1109,Ridgeline Electric,C,R. Alvarez,BRE-1028,Breakers & Panels,3,83.36,115.0,115.9,347.7,
INV-50894,2026-07-26,C1050,Fairfax Comfort Systems,B,R. Alvarez,BRE-1007,Breakers & Panels,6,24.67,34.58,34.79,208.74,
INV-50894,2026-07-26,C1050,Fairfax Comfort Systems,B,R. Alvarez,HVA-1007,HVAC Equipment,2,1114.79,1370.94,1367.28,2734.56,
INV-50894,2026-07-26,C1050,Fairfax Comfort Systems,B,R. Alvarez,CON-1011,Conduit & Fittings,22,4.24,5.92,5.9,129.8,
INV-50894,2026-07-26,C1050,Fairfax Comfort Systems,B,R. Alvarez,CON-1019,Conduit & Fittings,8,3.49,4.77,4.75,38.0,
INV-50894,2026-07-26,C1050,Fairfax Comfort Systems,B,R. Alvarez,LIG-1017,Lighting,22,36.9,48.51,48.5,1067.0,
INV-50895,2026-08-02,C1006,Blue Ridge Heating & Air,A,M. Dunn,HVA-1002,HVAC Equipment,1,1734.3,1847.29,1835.03,1835.03,
INV-50895,2026-08-02,C1006,Blue Ridge Heating & Air,A,M. Dunn,WIR-1021,Wire & Cable,3,162.13,187.66,188.37,565.11,
INV-50895,2026-08-02,C1006,Blue Ridge Heating & Air,A,M. Dunn,WIR-1010,Wire & Cable,8,416.68,463.14,460.06,3680.48,
INV-50895,2026-08-02,C1006,Blue Ridge Heating & Air,A,M. Dunn,LIG-1007,Lighting,22,114.08,135.54,136.7,3007.4,
INV-50895,2026-08-02,C1006,Blue Ridge Heating & Air,A,M. Dunn,WIR-1006,Wire & Cable,5,223.99,245.66,245.75,1228.75,
INV-50896,2026-09-14,C1073,Manassas Electric,C,S. Evans,BRE-1021,Breakers & Panels,7,42.96,63.66,64.19,449.33,
INV-50896,2026-09-14,C1073,Manassas Electric,C,S. Evans,HVA-1003,HVAC Parts,2,14.6,21.38,21.26,42.52,
INV-50896,2026-09-14,C1073,Manassas Electric,C,S. Evans,LIG-1024,Lighting,7,41.61,60.96,61.26,428.82,
INV-50896,2026-09-14,C1073,Manassas Electric,C,S. Evans,HVA-1000,HVAC Equipment,1,402.96,535.02,532.61,532.61,
INV-50896,2026-09-14,C1073,Manassas Electric,C,S. Evans,CON-1005,Conduit & Fittings,28,4.97,7.66,7.66,214.48,
INV-50897,2026-07-12,C1014,Bull Run Heating & Air,A,S. Evans,WIR-1017,Wire & Cable,1,51.35,59.25,52.78,52.78,
INV-50897,2026-07-12,C1014,Bull Run Heating & Air,A,S. Evans,HVA-1019,HVAC Parts,1,165.59,204.9,203.83,203.83,
INV-50897,2026-07-12,C1014,Bull Run Heating & Air,A,S. Evans,WIR-1024,Wire & Cable,11,274.36,318.57,316.03,3476.33,
INV-50898,2026-07-20,C1024,Burke Power Systems,B,D. Brooks,WIR-1026,Wire & Cable,13,42.97,55.34,52.09,677.17,
INV-50898,2026-07-20,C1024,Burke Power Systems,B,D. Brooks,BRE-1010,Breakers & Panels,5,41.23,52.4,52.01,260.05,
INV-50898,2026-07-20,C1024,Burke Power Systems,B,D. Brooks,CON-1034,Conduit & Fittings,87,17.7,24.2,24.03,2090.61,
INV-50899,2026-09-19,C1014,Bull Run Heating & Air,A,S. Evans,WIR-1021,Wire & Cable,2,162.13,187.66,187.58,375.16,
INV-50899,2026-09-19,C1014,Bull Run Heating & Air,A,S. Evans,CON-1009,Conduit & Fittings,5,17.71,22.82,22.66,113.3,
INV-50899,2026-09-19,C1014,Bull Run Heating & Air,A,S. Evans,HVA-1035,HVAC Parts,3,33.23,39.79,40.1,120.3,
INV-50899,2026-09-19,C1014,Bull Run Heating & Air,A,S. Evans,LIG-1018,Lighting,14,40.2,50.38,50.01,700.14,
INV-50900,2026-09-26,C1032,Cardinal Energy Group,B,T. Chen,WIR-1030,Wire & Cable,16,123.15,152.62,153.4,2454.4,
INV-50900,2026-09-26,C1032,Cardinal Energy Group,B,T. Chen,CON-1031,Conduit & Fittings,20,2.97,4.01,4.03,80.6,
INV-50900,2026-09-26,C1032,Cardinal Energy Group,B,T. Chen,HVA-1013,HVAC Parts,2,12.39,16.36,16.47,32.94,
INV-50901,2026-07-18,C1093,Piedmont Electric,C,T. Chen,CON-1032,Conduit & Fittings,18,22.74,35.38,35.05,630.9,
INV-50901,2026-07-18,C1093,Piedmont Electric,C,T. Chen,WIR-1008,Wire & Cable,4,100.04,139.5,139.91,559.64,
INV-50901,2026-07-18,C1093,Piedmont Electric,C,T. Chen,CON-1029,Conduit & Fittings,24,15.74,22.97,23.05,553.2,
INV-50902,2026-07-09,C1036,Chantilly Electric,B,R. Alvarez,WIR-1003,Wire & Cable,7,52.37,64.69,64.56,451.92,
INV-50902,2026-07-09,C1036,Chantilly Electric,B,R. Alvarez,BRE-1033,Breakers & Panels,10,20.29,26.53,26.34,263.4,
INV-50902,2026-07-09,C1036,Chantilly Electric,B,R. Alvarez,CON-1023,Conduit & Fittings,14,53.8,73.76,73.48,1028.72,
INV-50902,2026-07-09,C1036,Chantilly Electric,B,R. Alvarez,BRE-1034,Breakers & Panels,8,68.77,93.74,92.83,742.64,
INV-50902,2026-07-09,C1036,Chantilly Electric,B,R. Alvarez,CON-1005,Conduit & Fittings,9,4.97,7.09,7.04,63.36,
INV-50902,2026-07-09,C1036,Chantilly Electric,B,R. Alvarez,WIR-1004,Wire & Cable,1,134.3,166.8,167.12,167.12,
INV-50903,2026-08-27,C1108,Ridgeline Comfort Systems,C,S. Evans,WIR-1031,Wire & Cable,1,333.43,461.37,420.1,420.1,
INV-50903,2026-08-27,C1108,Ridgeline Comfort Systems,C,S. Evans,CON-1015,Conduit & Fittings,10,2.29,3.31,3.3,33.0,
INV-50903,2026-08-27,C1108,Ridgeline Comfort Systems,C,S. Evans,HVA-1034,HVAC Parts,2,21.98,32.25,32.29,64.58,
INV-50904,2026-07-15,C1008,Bull Run Comfort Systems,A,D. Brooks,BRE-1022,Breakers & Panels,5,51.87,65.5,65.2,326.0,
INV-50904,2026-07-15,C1008,Bull Run Comfort Systems,A,D. Brooks,WIR-1019,Wire & Cable,1,116.68,137.77,137.14,137.14,
INV-50904,2026-07-15,C1008,Bull Run Comfort Systems,A,D. Brooks,BRE-1035,Breakers & Panels,4,97.51,118.92,118.46,473.84,
INV-50904,2026-07-15,C1008,Bull Run Comfort Systems,A,D. Brooks,LIG-1013,Lighting,8,9.5,11.76,11.83,94.64,
INV-50904,2026-07-15,C1008,Bull Run Comfort Systems,A,D. Brooks,CON-1010,Conduit & Fittings,17,12.81,15.62,15.59,265.03,
INV-50904,2026-07-15,C1008,Bull Run Comfort Systems,A,D. Brooks,LIG-1012,Lighting,16,28.4,34.41,34.21,547.36,
INV-50905,2026-07-08,C1007,Bull Run Building Services,A,M. Dunn,CON-1008,Conduit & Fittings,34,3.76,4.66,4.67,158.78,
INV-50905,2026-07-08,C1007,Bull Run Building Services,A,M. Dunn,CON-1019,Conduit & Fittings,8,3.49,4.34,4.33,34.64,
INV-50905,2026-07-08,C1007,Bull Run Building Services,A,M. Dunn,HVA-1012,HVAC Parts,4,26.33,30.77,31.04,124.16,
INV-50906,2026-07-26,C1007,Bull Run Building Services,A,M. Dunn,BRE-1016,Breakers & Panels,2,22.89,27.33,27.08,54.16,
INV-50906,2026-07-26,C1007,Bull Run Building Services,A,M. Dunn,WIR-1028,Wire & Cable,10,76.0,88.78,88.31,883.1,
INV-50906,2026-07-26,C1007,Bull Run Building Services,A,M. Dunn,WIR-1007,Wire & Cable,7,157.76,179.99,179.81,1258.67,
INV-50906,2026-07-26,C1007,Bull Run Building Services,A,M. Dunn,LIG-1007,Lighting,5,114.08,135.54,136.74,683.7,
INV-50907,2026-09-20,C1014,Bull Run Heating & Air,A,S. Evans,LIG-1017,Lighting,10,36.9,44.1,44.34,443.4,
INV-50907,2026-09-20,C1014,Bull Run Heating & Air,A,S. Evans,LIG-1014,Lighting,5,9.82,12.59,12.47,62.35,
INV-50907,2026-09-20,C1014,Bull Run Heating & Air,A,S. Evans,HVA-1004,HVAC Equipment,1,1034.98,1150.15,1142.04,1142.04,
INV-50908,2026-07-30,C1044,Dulles Comfort Systems,B,K. Foster,LIG-1019,Lighting,9,22.4,30.18,30.01,270.09,
INV-50908,2026-07-30,C1044,Dulles Comfort Systems,B,K. Foster,HVA-1008,HVAC Parts,1,23.36,30.69,30.76,30.76,
INV-50909,2026-09-10,C1022,Burke Heating & Air,B,T. Chen,HVA-1002,HVAC Parts,1,33.4,43.53,43.73,43.73,
INV-50909,2026-09-10,C1022,Burke Heating & Air,B,T. Chen,HVA-1023,HVAC Parts,3,188.12,267.87,268.07,804.21,
INV-50909,2026-09-10,C1022,Burke Heating & Air,B,T. Chen,BRE-1007,Breakers & Panels,7,24.67,34.58,34.69,242.83,
INV-50909,2026-09-10,C1022,Burke Heating & Air,B,T. Chen,WIR-1010,Wire & Cable,7,416.68,509.46,512.85,3589.95,
INV-50909,2026-09-10,C1022,Burke Heating & Air,B,T. Chen,WIR-1030,Wire & Cable,2,123.15,152.62,153.55,307.1,
INV-50909,2026-09-10,C1022,Burke Heating & Air,B,T. Chen,CON-1005,Conduit & Fittings,50,4.97,7.09,7.07,353.5,
INV-50910,2026-09-09,C1028,Capitol HVAC Services,B,S. Evans,CON-1020,Conduit & Fittings,44,32.14,45.19,45.29,1992.76,
INV-50910,2026-09-09,C1028,Capitol HVAC Services,B,S. Evans,LIG-1006,Lighting,6,17.96,25.81,25.76,154.56,
INV-50910,2026-09-09,C1028,Capitol HVAC Services,B,S. Evans,LIG-1018,Lighting,26,40.2,55.41,54.97,1429.22,
INV-50910,2026-09-09,C1028,Capitol HVAC Services,B,S. Evans,BRE-1002,Breakers & Panels,1,117.95,159.85,142.54,142.54,
INV-50911,2026-08-29,C1041,Chantilly Mechanical,B,S. Evans,WIR-1006,Wire & Cable,3,223.99,270.22,243.93,731.79,
INV-50911,2026-08-29,C1041,Chantilly Mechanical,B,S. Evans,HVA-1031,HVAC Parts,1,45.05,61.3,61.65,61.65,
INV-50911,2026-08-29,C1041,Chantilly Mechanical,B,S. Evans,LIG-1006,Lighting,12,17.96,25.81,25.67,308.04,
INV-50911,2026-08-29,C1041,Chantilly Mechanical,B,S. Evans,CON-1027,Conduit & Fittings,14,53.89,77.72,77.52,1085.28,
INV-50911,2026-08-29,C1041,Chantilly Mechanical,B,S. Evans,LIG-1027,Lighting,4,15.54,21.38,21.21,84.84,
INV-50911,2026-08-29,C1041,Chantilly Mechanical,B,S. Evans,CON-1033,Conduit & Fittings,3,3.42,4.66,4.67,14.01,
INV-50912,2026-07-14,C1017,Burke Contracting,B,K. Foster,BRE-1014,Breakers & Panels,11,162.58,227.38,228.04,2508.44,
INV-50912,2026-07-14,C1017,Burke Contracting,B,K. Foster,WIR-1021,Wire & Cable,5,162.13,206.43,204.7,1023.5,
INV-50912,2026-07-14,C1017,Burke Contracting,B,K. Foster,LIG-1030,Lighting,7,127.4,174.95,174.43,1221.01,
INV-50912,2026-07-14,C1017,Burke Contracting,B,K. Foster,WIR-1005,Wire & Cable,11,392.51,480.62,484.15,5325.65,
INV-50912,2026-07-14,C1017,Burke Contracting,B,K. Foster,LIG-1015,Lighting,2,64.96,91.19,90.4,180.8,
INV-50912,2026-07-14,C1017,Burke Contracting,B,K. Foster,CON-1034,Conduit & Fittings,6,17.7,24.2,24.31,145.86,
INV-50913,2026-08-07,C1038,Chantilly Energy Group,B,S. Evans,HVA-1019,HVAC Equipment,1,1148.15,1361.25,1358.57,1358.57,
INV-50913,2026-08-07,C1038,Chantilly Energy Group,B,S. Evans,HVA-1025,HVAC Parts,2,66.1,94.27,94.44,188.88,
INV-50913,2026-08-07,C1038,Chantilly Energy Group,B,S. Evans,CON-1029,Conduit & Fittings,19,15.74,21.28,21.47,407.93,
INV-50914,2026-09-23,C1021,Burke HVAC Services,B,M. Dunn,HVA-1028,HVAC Equipment,1,685.83,813.91,812.4,812.4,
INV-50914,2026-09-23,C1021,Burke HVAC Services,B,M. Dunn,LIG-1015,Lighting,2,64.96,91.19,91.56,183.12,
INV-50914,2026-09-23,C1021,Burke HVAC Services,B,M. Dunn,WIR-1019,Wire & Cable,11,116.68,151.54,153.01,1683.11,
INV-50914,2026-09-23,C1021,Burke HVAC Services,B,M. Dunn,LIG-1018,Lighting,38,40.2,55.41,55.79,2120.02,
INV-50914,2026-09-23,C1021,Burke HVAC Services,B,M. Dunn,HVA-1012,HVAC Parts,5,26.33,33.84,33.94,169.7,
INV-50914,2026-09-23,C1021,Burke HVAC Services,B,M. Dunn,WIR-1025,Wire & Cable,3,108.67,137.62,137.08,411.24,
INV-50915,2026-08-03,C1004,Blue Ridge Electrical Co.,A,T. Chen,WIR-1030,Wire & Cable,3,123.15,138.74,138.45,415.35,
INV-50915,2026-08-03,C1004,Blue Ridge Electrical Co.,A,T. Chen,HVA-1028,HVAC Parts,3,6.16,7.68,7.73,23.19,
INV-50915,2026-08-03,C1004,Blue Ridge Electrical Co.,A,T. Chen,CON-1009,Conduit & Fittings,27,17.71,22.82,22.71,613.17,
INV-50915,2026-08-03,C1004,Blue Ridge Electrical Co.,A,T. Chen,LIG-1009,Lighting,13,103.74,126.18,125.63,1633.19,
INV-50916,2026-08-12,C1049,Dulles Heating & Air,B,K. Foster,BRE-1027,Breakers & Panels,2,48.96,63.82,64.34,128.68,
INV-50916,2026-08-12,C1049,Dulles Heating & Air,B,K. Foster,CON-1019,Conduit & Fittings,12,3.49,4.77,4.77,57.24,
INV-50916,2026-08-12,C1049,Dulles Heating & Air,B,K. Foster,CON-1013,Conduit & Fittings,11,25.39,34.58,34.69,381.59,
INV-50916,2026-08-12,C1049,Dulles Heating & Air,B,K. Foster,HVA-1015,HVAC Parts,4,173.58,224.94,225.0,900.0,
INV-50916,2026-08-12,C1049,Dulles Heating & Air,B,K. Foster,HVA-1021,HVAC Parts,3,221.97,306.92,308.68,926.04,
INV-50916,2026-08-12,C1049,Dulles Heating & Air,B,K. Foster,BRE-1014,Breakers & Panels,3,162.58,227.38,227.24,681.72,
INV-50917,2026-07-09,C1008,Bull Run Comfort Systems,A,D. Brooks,WIR-1029,Wire & Cable,8,61.38,69.11,62.8,502.4,
INV-50917,2026-07-09,C1008,Bull Run Comfort Systems,A,D. Brooks,BRE-1029,Breakers & Panels,8,100.96,122.87,123.16,985.28,
INV-50917,2026-07-09,C1008,Bull Run Comfort Systems,A,D. Brooks,CON-1012,Conduit & Fittings,6,12.67,16.28,16.32,97.92,
INV-50918,2026-09-17,C1014,Bull Run Heating & Air,A,S. Evans,HVA-1003,HVAC Equipment,1,767.04,801.61,794.83,794.83,
INV-50918,2026-09-17,C1014,Bull Run Heating & Air,A,S. Evans,LIG-1012,Lighting,15,28.4,34.41,34.47,517.05,
INV-50918,2026-09-17,C1014,Bull Run Heating & Air,A,S. Evans,LIG-1025,Lighting,16,11.2,14.18,14.22,227.52,
INV-50918,2026-09-17,C1014,Bull Run Heating & Air,A,S. Evans,LIG-1019,Lighting,8,22.4,27.44,27.71,221.68,
INV-50918,2026-09-17,C1014,Bull Run Heating & Air,A,S. Evans,WIR-1028,Wire & Cable,16,76.0,88.78,87.92,1406.72,
INV-50919,2026-07-25,C1028,Capitol HVAC Services,B,S. Evans,HVA-1008,HVAC Equipment,2,913.36,1094.51,1084.59,2169.18,
INV-50919,2026-07-25,C1028,Capitol HVAC Services,B,S. Evans,HVA-1017,HVAC Equipment,1,2240.25,2676.19,2662.66,2662.66,
INV-50919,2026-07-25,C1028,Capitol HVAC Services,B,S. Evans,CON-1021,Conduit & Fittings,16,8.73,12.92,12.83,205.28,
INV-50920,2026-08-17,C1027,Capitol Electrical Co.,B,T. Chen,LIG-1034,Lighting,19,44.13,58.4,58.89,1118.91,
INV-50920,2026-08-17,C1027,Capitol Electrical Co.,B,T. Chen,LIG-1016,Lighting,4,90.5,121.68,122.89,491.56,
INV-50920,2026-08-17,C1027,Capitol Electrical Co.,B,T. Chen,CON-1014,Conduit & Fittings,36,6.03,8.79,8.87,319.32,
INV-50920,2026-08-17,C1027,Capitol Electrical Co.,B,T. Chen,BRE-1031,Breakers & Panels,6,33.11,42.91,42.93,257.58,
INV-50921,2026-08-24,C1029,Capitol Mechanical,B,M. Dunn,CON-1014,Conduit & Fittings,12,6.03,8.79,8.86,106.32,
INV-50921,2026-08-24,C1029,Capitol Mechanical,B,M. Dunn,CON-1019,Conduit & Fittings,65,3.49,4.77,4.74,308.1,
INV-50921,2026-08-24,C1029,Capitol Mechanical,B,M. Dunn,HVA-1007,HVAC Equipment,1,1114.79,1370.94,1359.04,1359.04,
INV-50921,2026-08-24,C1029,Capitol Mechanical,B,M. Dunn,HVA-1032,HVAC Equipment,2,850.39,1010.49,1009.92,2019.84,
INV-50921,2026-08-24,C1029,Capitol Mechanical,B,M. Dunn,WIR-1018,Wire & Cable,1,47.93,62.87,62.97,62.97,
INV-50922,2026-07-15,C1041,Chantilly Mechanical,B,S. Evans,HVA-1017,HVAC Equipment,2,2240.25,2676.19,2697.99,5395.98,
INV-50922,2026-07-15,C1041,Chantilly Mechanical,B,S. Evans,HVA-1000,HVAC Parts,15,6.37,9.06,8.35,125.25,MGR
INV-50922,2026-07-15,C1041,Chantilly Mechanical,B,S. Evans,LIG-1024,Lighting,7,41.61,56.47,54.08,378.56,MGR
INV-50922,2026-07-15,C1041,Chantilly Mechanical,B,S. Evans,CON-1018,Conduit & Fittings,26,4.8,7.03,6.98,181.48,
INV-50922,2026-07-15,C1041,Chantilly Mechanical,B,S. Evans,BRE-1021,Breakers & Panels,5,42.96,58.97,59.5,297.5,
INV-50923,2026-07-31,C1011,Bull Run Electrical Co.,A,D. Brooks,CON-1017,Conduit & Fittings,5,21.97,29.48,29.46,147.3,
INV-50923,2026-07-31,C1011,Bull Run Electrical Co.,A,D. Brooks,BRE-1014,Breakers & Panels,5,162.58,206.71,208.19,1040.95,
INV-50923,2026-07-31,C1011,Bull Run Electrical Co.,A,D. Brooks,HVA-1000,HVAC Parts,10,6.37,8.23,8.25,82.5,
INV-50923,2026-07-31,C1011,Bull Run Electrical Co.,A,D. Brooks,BRE-1029,Breakers & Panels,12,100.96,122.87,122.21,1466.52,
INV-50923,2026-07-31,C1011,Bull Run Electrical Co.,A,D. Brooks,HVA-1025,HVAC Parts,1,66.1,85.7,86.55,86.55,
INV-50924,2026-08-05,C1038,Chantilly Energy Group,B,S. Evans,LIG-1001,Lighting,35,30.22,40.13,39.78,1392.3,
INV-50924,2026-08-05,C1038,Chantilly Energy Group,B,S. Evans,LIG-1019,Lighting,6,22.4,30.18,30.06,180.36,
INV-50924,2026-08-05,C1038,Chantilly Energy Group,B,S. Evans,LIG-1011,Lighting,24,19.03,27.22,27.37,656.88,
INV-50924,2026-08-05,C1038,Chantilly Energy Group,B,S. Evans,HVA-1016,HVAC Parts,10,11.14,15.78,15.64,156.4,
INV-50924,2026-08-05,C1038,Chantilly Energy Group,B,S. Evans,LIG-1004,Lighting,14,64.29,86.85,82.65,1157.1,MGR
INV-50925,2026-07-28,C1027,Capitol Electrical Co.,B,T. Chen,BRE-1011,Breakers & Panels,5,108.7,147.58,148.97,744.85,
INV-50925,2026-07-28,C1027,Capitol Electrical Co.,B,T. Chen,HVA-1032,HVAC Equipment,2,850.39,1010.49,1017.56,2035.12,
INV-50926,2026-07-24,C1060,Lorton Comfort Systems,C,M. Dunn,HVA-1025,HVAC Equipment,2,435.7,563.38,565.66,1131.32,
INV-50926,2026-07-24,C1060,Lorton Comfort Systems,C,M. Dunn,LIG-1029,Lighting,5,98.21,142.11,142.25,711.25,
INV-50926,2026-07-24,C1060,Lorton Comfort Systems,C,M. Dunn,BRE-1023,Breakers & Panels,5,34.02,46.74,47.06,235.3,
INV-50926,2026-07-24,C1060,Lorton Comfort Systems,C,M. Dunn,CON-1022,Conduit & Fittings,32,3.57,5.29,5.3,169.6,
INV-50926,2026-07-24,C1060,Lorton Comfort Systems,C,M. Dunn,HVA-1035,HVAC Equipment,2,1183.06,1516.96,1529.73,3059.46,
INV-50926,2026-07-24,C1060,Lorton Comfort Systems,C,M. Dunn,LIG-1008,Lighting,4,37.77,53.2,53.28,213.12,
INV-50927,2026-07-26,C1011,Bull Run Electrical Co.,A,D. Brooks,BRE-1032,Breakers & Panels,3,49.92,61.18,56.78,170.34,
INV-50927,2026-07-26,C1011,Bull Run Electrical Co.,A,D. Brooks,LIG-1009,Lighting,5,103.74,126.18,126.27,631.35,
INV-50927,2026-07-26,C1011,Bull Run Electrical Co.,A,D. Brooks,BRE-1008,Breakers & Panels,2,67.45,78.7,72.63,145.26,
INV-50927,2026-07-26,C1011,Bull Run Electrical Co.,A,D. Brooks,WIR-1031,Wire & Cable,9,333.43,388.52,389.06,3501.54,
INV-50927,2026-07-26,C1011,Bull Run Electrical Co.,A,D. Brooks,CON-1007,Conduit & Fittings,91,3.77,4.62,4.63,421.33,
INV-50928,2026-09-08,C1081,Mason Power Systems,C,M. Dunn,BRE-1018,Breakers & Panels,14,111.4,152.65,153.51,2149.14,
INV-50928,2026-09-08,C1081,Mason Power Systems,C,M. Dunn,WIR-1016,Wire & Cable,5,87.34,115.72,115.88,579.4,
INV-50928,2026-09-08,C1081,Mason Power Systems,C,M. Dunn,WIR-1035,Wire & Cable,7,83.22,115.8,115.99,811.93,
INV-50928,2026-09-08,C1081,Mason Power Systems,C,M. Dunn,WIR-1021,Wire & Cable,10,162.13,222.85,224.88,2248.8,
INV-50929,2026-07-30,C1043,Dulles Building Services,B,T. Chen,LIG-1017,Lighting,17,36.9,48.51,48.72,828.24,
INV-50929,2026-07-30,C1043,Dulles Building Services,B,T. Chen,WIR-1033,Wire & Cable,10,54.3,70.1,69.82,698.2,
INV-50929,2026-07-30,C1043,Dulles Building Services,B,T. Chen,HVA-1033,HVAC Equipment,1,1194.8,1414.73,1401.48,1401.48,
INV-50929,2026-07-30,C1043,Dulles Building Services,B,T. Chen,WIR-1021,Wire & Cable,4,162.13,206.43,204.92,819.68,
INV-50929,2026-07-30,C1043,Dulles Building Services,B,T. Chen,HVA-1033,HVAC Parts,15,37.29,48.17,47.81,717.15,
INV-50929,2026-07-30,C1043,Dulles Building Services,B,T. Chen,HVA-1028,HVAC Equipment,1,685.83,813.91,810.58,810.58,
INV-50930,2026-08-18,C1010,Bull Run Electric,A,K. Foster,LIG-1025,Lighting,21,11.2,14.18,14.31,300.51,
INV-50930,2026-08-18,C1010,Bull Run Electric,A,K. Foster,HVA-1029,HVAC Parts,5,7.05,9.1,9.14,45.7,
INV-50931,2026-07-11,C1010,Bull Run Electric,A,K. Foster,HVA-1014,HVAC Parts,2,114.93,141.83,140.97,281.94,
INV-50931,2026-07-11,C1010,Bull Run Electric,A,K. Foster,HVA-1029,HVAC Parts,6,7.05,9.1,9.18,55.08,
INV-50931,2026-07-11,C1010,Bull Run Electric,A,K. Foster,LIG-1013,Lighting,6,9.5,11.76,11.79,70.74,
INV-50931,2026-07-11,C1010,Bull Run Electric,A,K. Foster,LIG-1003,Lighting,18,183.14,240.01,242.19,4359.42,
INV-50932,2026-09-08,C1022,Burke Heating & Air,B,T. Chen,CON-1002,Conduit & Fittings,6,2.46,3.56,3.54,21.24,
INV-50932,2026-09-08,C1022,Burke Heating & Air,B,T. Chen,CON-1009,Conduit & Fittings,21,17.71,25.11,25.14,527.94,
INV-50932,2026-09-08,C1022,Burke Heating & Air,B,T. Chen,WIR-1031,Wire & Cable,4,333.43,427.37,406.09,1624.36,MGR
INV-50933,2026-08-21,C1117,Shenandoah HVAC Services,C,S. Evans,HVA-1032,HVAC Equipment,3,850.39,1090.87,1093.15,3279.45,
INV-50933,2026-08-21,C1117,Shenandoah HVAC Services,C,S. Evans,WIR-1010,Wire & Cable,13,416.68,549.98,505.4,6570.2,
INV-50933,2026-08-21,C1117,Shenandoah HVAC Services,C,S. Evans,HVA-1021,HVAC Equipment,2,2137.62,2675.49,2699.69,5399.38,
INV-50933,2026-08-21,C1117,Shenandoah HVAC Services,C,S. Evans,LIG-1004,Lighting,24,64.29,93.76,92.84,2228.16,
INV-50933,2026-08-21,C1117,Shenandoah HVAC Services,C,S. Evans,CON-1028,Conduit & Fittings,9,8.95,14.51,14.57,131.13,
INV-50934,2026-07-25,C1046,Dulles Electrical Co.,B,K. Foster,WIR-1010,Wire & Cable,17,416.68,509.46,504.76,8580.92,
INV-50934,2026-07-25,C1046,Dulles Electrical Co.,B,K. Foster,WIR-1030,Wire & Cable,4,123.15,152.62,152.86,611.44,
INV-50935,2026-08-27,C1087,Occoquan Power Systems,C,K. Foster,BRE-1005,Breakers & Panels,10,159.52,228.3,226.86,2268.6,
INV-50935,2026-08-27,C1087,Occoquan Power Systems,C,K. Foster,LIG-1018,Lighting,3,40.2,59.82,60.17,180.51,
INV-50935,2026-08-27,C1087,Occoquan Power Systems,C,K. Foster,LIG-1015,Lighting,10,64.96,98.44,98.43,984.3,
INV-50936,2026-09-18,C1025,Capitol Building Services,B,R. Alvarez,WIR-1024,Wire & Cable,18,274.36,350.42,350.19,6303.42,
INV-50936,2026-09-18,C1025,Capitol Building Services,B,R. Alvarez,HVA-1030,HVAC Parts,5,7.81,10.81,10.75,53.75,
INV-50936,2026-09-18,C1025,Capitol Building Services,B,R. Alvarez,WIR-1009,Wire & Cable,2,329.33,431.75,432.32,864.64,
INV-50937,2026-07-30,C1084,Occoquan Electrical Co.,C,R. Alvarez,BRE-1028,Breakers & Panels,2,83.36,115.0,115.41,230.82,
INV-50937,2026-07-30,C1084,Occoquan Electrical Co.,C,R. Alvarez,HVA-1027,HVAC Equipment,2,2166.2,2824.05,2801.42,5602.84,
INV-50937,2026-07-30,C1084,Occoquan Electrical Co.,C,R. Alvarez,BRE-1013,Breakers & Panels,2,205.1,308.19,305.43,610.86,
INV-50938,2026-07-03,C1046,Dulles Electrical Co.,B,K. Foster,CON-1009,Conduit & Fittings,34,17.71,25.11,25.34,861.56,
INV-50938,2026-07-03,C1046,Dulles Electrical Co.,B,K. Foster,HVA-1021,HVAC Equipment,2,2137.62,2478.35,2478.71,4957.42,
INV-50938,2026-07-03,C1046,Dulles Electrical Co.,B,K. Foster,HVA-1011,HVAC Parts,10,8.86,12.66,12.64,126.4,
INV-50938,2026-07-03,C1046,Dulles Electrical Co.,B,K. Foster,LIG-1006,Lighting,5,17.96,25.81,25.69,128.45,
INV-50939,2026-09-10,C1037,Chantilly Electrical Co.,B,D. Brooks,HVA-1032,HVAC Parts,1,40.36,54.88,54.68,54.68,
INV-50939,2026-09-10,C1037,Chantilly Electrical Co.,B,D. Brooks,CON-1025,Conduit & Fittings,10,8.4,11.81,11.7,117.0,
INV-50940,2026-09-03,C1010,Bull Run Electric,A,K. Foster,WIR-1024,Wire & Cable,5,274.36,318.57,319.35,1596.75,
INV-50940,2026-09-03,C1010,Bull Run Electric,A,K. Foster,LIG-1021,Lighting,6,183.41,239.04,240.36,1442.16,
INV-50940,2026-09-03,C1010,Bull Run Electric,A,K. Foster,WIR-1026,Wire & Cable,11,42.97,50.31,50.01,550.11,
INV-50940,2026-09-03,C1010,Bull Run Electric,A,K. Foster,BRE-1010,Breakers & Panels,11,41.23,47.63,48.1,529.1,
INV-50941,2026-08-08,C1002,Blue Ridge Comfort Systems,A,S. Evans,LIG-1026,Lighting,17,15.8,19.67,19.75,335.75,
INV-50941,2026-08-08,C1002,Blue Ridge Comfort Systems,A,S. Evans,CON-1025,Conduit & Fittings,5,8.4,10.74,10.65,53.25,
INV-50941,2026-08-08,C1002,Blue Ridge Comfort Systems,A,S. Evans,WIR-1031,Wire & Cable,36,333.43,388.52,387.46,13948.56,
INV-50941,2026-08-08,C1002,Blue Ridge Comfort Systems,A,S. Evans,WIR-1026,Wire & Cable,5,42.97,50.31,50.19,250.95,
INV-50941,2026-08-08,C1002,Blue Ridge Comfort Systems,A,S. Evans,LIG-1015,Lighting,24,64.96,82.9,82.1,1970.4,
INV-50942,2026-09-24,C1049,Dulles Heating & Air,B,K. Foster,CON-1016,Conduit & Fittings,14,2.76,3.96,3.71,51.94,
INV-50942,2026-09-24,C1049,Dulles Heating & Air,B,K. Foster,WIR-1023,Wire & Cable,15,47.27,59.52,59.62,894.3,
INV-50942,2026-09-24,C1049,Dulles Heating & Air,B,K. Foster,HVA-1028,HVAC Parts,3,6.16,8.45,8.52,25.56,
INV-50942,2026-09-24,C1049,Dulles Heating & Air,B,K. Foster,HVA-1006,HVAC Parts,1,55.33,75.07,74.63,74.63,
INV-50943,2026-07-09,C1054,Leesburg Building Services,C,R. Alvarez,BRE-1033,Breakers & Panels,30,20.29,28.64,28.56,856.8,
INV-50943,2026-07-09,C1054,Leesburg Building Services,C,R. Alvarez,CON-1016,Conduit & Fittings,15,2.76,4.27,4.29,64.35,
INV-50943,2026-07-09,C1054,Leesburg Building Services,C,R. Alvarez,HVA-1000,HVAC Equipment,4,402.96,535.02,539.28,2157.12,
INV-50943,2026-07-09,C1054,Leesburg Building Services,C,R. Alvarez,HVA-1002,HVAC Parts,7,33.4,47.0,46.83,327.81,
INV-50943,2026-07-09,C1054,Leesburg Building Services,C,R. Alvarez,HVA-1001,HVAC Parts,7,24.8,34.51,34.25,239.75,
INV-50944,2026-09-03,C1001,Blue Ridge Building Services,A,M. Dunn,HVA-1017,HVAC Equipment,6,2240.25,2432.9,2442.15,14652.9,
INV-50944,2026-09-03,C1001,Blue Ridge Building Services,A,M. Dunn,HVA-1000,HVAC Parts,1,6.37,8.23,8.23,8.23,
INV-50944,2026-09-03,C1001,Blue Ridge Building Services,A,M. Dunn,HVA-1032,HVAC Equipment,8,850.39,918.62,927.56,7420.48,
INV-50944,2026-09-03,C1001,Blue Ridge Building Services,A,M. Dunn,WIR-1034,Wire & Cable,5,60.49,70.27,70.27,351.35,
INV-50945,2026-08-31,C1027,Capitol Electrical Co.,B,T. Chen,HVA-1022,HVAC Equipment,1,465.16,537.74,536.07,536.07,
INV-50945,2026-08-31,C1027,Capitol Electrical Co.,B,T. Chen,HVA-1009,HVAC Parts,13,7.94,10.38,10.37,134.81,
INV-50945,2026-08-31,C1027,Capitol Electrical Co.,B,T. Chen,BRE-1010,Breakers & Panels,23,41.23,52.4,51.9,1193.7,
INV-50946,2026-07-25,C1004,Blue Ridge Electrical Co.,A,T. Chen,HVA-1009,HVAC Equipment,1,1188.73,1325.22,1321.31,1321.31,
INV-50946,2026-07-25,C1004,Blue Ridge Electrical Co.,A,T. Chen,CON-1035,Conduit & Fittings,4,50.27,68.94,68.89,275.56,
INV-50946,2026-07-25,C1004,Blue Ridge Electrical Co.,A,T. Chen,CON-1028,Conduit & Fittings,6,8.95,12.22,12.24,73.44,
INV-50946,2026-07-25,C1004,Blue Ridge Electrical Co.,A,T. Chen,HVA-1025,HVAC Equipment,1,435.7,474.42,475.75,475.75,
INV-50946,2026-07-25,C1004,Blue Ridge Electrical Co.,A,T. Chen,BRE-1014,Breakers & Panels,8,162.58,206.71,205.8,1646.4,
INV-50947,2026-07-21,C1003,Blue Ridge Electric,A,D. Brooks,HVA-1016,HVAC Equipment,4,1182.28,1240.67,1230.4,4921.6,
INV-50947,2026-07-21,C1003,Blue Ridge Electric,A,D. Brooks,HVA-1013,HVAC Parts,1,12.39,14.87,14.98,14.98,
INV-50947,2026-07-21,C1003,Blue Ridge Electric,A,D. Brooks,LIG-1027,Lighting,2,15.54,19.44,19.27,38.54,
INV-50947,2026-07-21,C1003,Blue Ridge Electric,A,D. Brooks,WIR-1022,Wire & Cable,2,83.06,98.38,90.2,180.4,
INV-50948,2026-07-27,C1060,Lorton Comfort Systems,C,M. Dunn,LIG-1027,Lighting,5,15.54,23.09,22.97,114.85,
INV-50948,2026-07-27,C1060,Lorton Comfort Systems,C,M. Dunn,BRE-1030,Breakers & Panels,2,12.43,17.18,17.18,34.36,
INV-50948,2026-07-27,C1060,Lorton Comfort Systems,C,M. Dunn,HVA-1019,HVAC Parts,23,165.59,243.31,244.85,5631.55,
INV-50949,2026-09-15,C1119,Shenandoah Mechanical,C,R. Alvarez,HVA-1035,HVAC Parts,33,33.23,47.25,47.19,1557.27,
INV-50949,2026-09-15,C1119,Shenandoah Mechanical,C,R. Alvarez,WIR-1026,Wire & Cable,9,42.97,59.75,59.79,538.11,
INV-50949,2026-09-15,C1119,Shenandoah Mechanical,C,R. Alvarez,CON-1001,Conduit & Fittings,26,32.08,50.12,50.38,1309.88,
INV-50949,2026-09-15,C1119,Shenandoah Mechanical,C,R. Alvarez,CON-1026,Conduit & Fittings,53,36.79,57.83,57.63,3054.39,
INV-50950,2026-07-31,C1043,Dulles Building Services,B,T. Chen,CON-1030,Conduit & Fittings,11,42.26,61.79,62.19,684.09,
INV-50950,2026-07-31,C1043,Dulles Building Services,B,T. Chen,HVA-1023,HVAC Equipment,1,1062.71,1242.37,1232.01,1232.01,
INV-50951,2026-09-03,C1029,Capitol Mechanical,B,M. Dunn,HVA-1003,HVAC Equipment,1,767.04,881.77,882.7,882.7,
INV-50951,2026-09-03,C1029,Capitol Mechanical,B,M. Dunn,HVA-1015,HVAC Parts,4,173.58,224.94,224.78,899.12,
INV-50951,2026-09-03,C1029,Capitol Mechanical,B,M. Dunn,BRE-1009,Breakers & Panels,19,29.59,39.28,38.93,739.67,
INV-50951,2026-09-03,C1029,Capitol Mechanical,B,M. Dunn,CON-1001,Conduit & Fittings,6,32.08,46.43,46.4,278.4,
INV-50952,2026-09-24,C1082,Occoquan Building Services,C,D. Brooks,CON-1015,Conduit & Fittings,9,2.29,3.31,3.29,29.61,
INV-50952,2026-09-24,C1082,Occoquan Building Services,C,D. Brooks,HVA-1005,HVAC Parts,3,90.38,125.69,125.3,375.9,
INV-50952,2026-09-24,C1082,Occoquan Building Services,C,D. Brooks,HVA-1002,HVAC Equipment,1,1734.3,2193.65,2175.59,2175.59,
INV-50953,2026-09-07,C1086,Occoquan Mechanical,C,S. Evans,HVA-1009,HVAC Equipment,2,1188.73,1573.7,1562.82,3125.64,
INV-50953,2026-09-07,C1086,Occoquan Mechanical,C,S. Evans,LIG-1009,Lighting,5,103.74,149.84,150.59,752.95,
INV-50954,2026-08-23,C1005,Blue Ridge Energy Group,A,M. Dunn,WIR-1025,Wire & Cable,11,108.67,125.11,124.28,1367.08,
INV-50954,2026-08-23,C1005,Blue Ridge Energy Group,A,M. Dunn,HVA-1025,HVAC Parts,9,66.1,85.7,85.45,769.05,
INV-50954,2026-08-23,C1005,Blue Ridge Energy Group,A,M. Dunn,CON-1031,Conduit & Fittings,12,2.97,3.65,3.66,43.92,
INV-50955,2026-08-13,C1001,Blue Ridge Building Services,A,M. Dunn,CON-1002,Conduit & Fittings,18,2.46,3.24,3.27,58.86,
INV-50955,2026-08-13,C1001,Blue Ridge Building Services,A,M. Dunn,HVA-1022,HVAC Parts,4,133.45,164.52,163.65,654.6,
INV-50956,2026-07-23,C1006,Blue Ridge Heating & Air,A,M. Dunn,HVA-1018,HVAC Equipment,2,798.66,872.34,871.28,1742.56,
INV-50956,2026-07-23,C1006,Blue Ridge Heating & Air,A,M. Dunn,HVA-1005,HVAC Parts,19,90.38,105.84,106.34,2020.46,
INV-50956,2026-07-23,C1006,Blue Ridge Heating & Air,A,M. Dunn,CON-1023,Conduit & Fittings,8,53.8,67.06,66.94,535.52,
INV-50956,2026-07-23,C1006,Blue Ridge Heating & Air,A,M. Dunn,BRE-1027,Breakers & Panels,3,48.96,58.02,58.22,174.66,
INV-50957,2026-07-08,C1039,Chantilly HVAC Services,B,R. Alvarez,HVA-1032,HVAC Equipment,2,850.39,1010.49,1009.23,2018.46,
INV-50957,2026-07-08,C1039,Chantilly HVAC Services,B,R. Alvarez,HVA-1023,HVAC Equipment,1,1062.71,1242.37,1149.69,1149.69,VERBAL
INV-50957,2026-07-08,C1039,Chantilly HVAC Services,B,R. Alvarez,CON-1023,Conduit & Fittings,20,53.8,73.76,73.66,1473.2,
INV-50957,2026-07-08,C1039,Chantilly HVAC Services,B,R. Alvarez,HVA-1003,HVAC Equipment,1,767.04,881.77,879.58,879.58,
INV-50958,2026-09-17,C1017,Burke Contracting,B,K. Foster,BRE-1029,Breakers & Panels,2,100.96,135.16,134.52,269.04,
INV-50958,2026-09-17,C1017,Burke Contracting,B,K. Foster,BRE-1024,Breakers & Panels,7,23.6,30.28,30.38,212.66,
INV-50959,2026-08-12,C1043,Dulles Building Services,B,T. Chen,CON-1006,Conduit & Fittings,10,6.73,9.5,9.5,95.0,
INV-50959,2026-08-12,C1043,Dulles Building Services,B,T. Chen,HVA-1027,HVAC Equipment,1,2166.2,2615.96,2633.64,2633.64,
INV-50960,2026-07-11,C1047,Dulles Energy Group,B,T. Chen,HVA-1023,HVAC Parts,3,188.12,267.87,269.44,808.32,
INV-50960,2026-07-11,C1047,Dulles Energy Group,B,T. Chen,LIG-1033,Lighting,16,27.69,38.57,38.95,623.2,
INV-50960,2026-07-11,C1047,Dulles Energy Group,B,T. Chen,HVA-1030,HVAC Equipment,3,1433.65,1692.99,1680.64,5041.92,
INV-50960,2026-07-11,C1047,Dulles Energy Group,B,T. Chen,CON-1008,Conduit & Fittings,14,3.76,5.12,5.15,72.1,
INV-50960,2026-07-11,C1047,Dulles Energy Group,B,T. Chen,CON-1014,Conduit & Fittings,13,6.03,8.79,8.81,114.53,
INV-50961,2026-09-20,C1092,Old Dominion Power Systems,C,R. Alvarez,HVA-1031,HVAC Equipment,7,1021.28,1344.01,1333.03,9331.21,
INV-50961,2026-09-20,C1092,Old Dominion Power Systems,C,R. Alvarez,WIR-1019,Wire & Cable,23,116.68,163.6,164.81,3790.63,
INV-50961,2026-09-20,C1092,Old Dominion Power Systems,C,R. Alvarez,HVA-1009,HVAC Parts,4,7.94,11.21,11.13,44.52,
INV-50962,2026-07-09,C1040,Chantilly Heating & Air,B,K. Foster,LIG-1009,Lighting,7,103.74,138.8,138.17,967.19,
INV-50962,2026-07-09,C1040,Chantilly Heating & Air,B,K. Foster,WIR-1018,Wire & Cable,4,47.93,62.87,63.46,253.84,
INV-50962,2026-07-09,C1040,Chantilly Heating & Air,B,K. Foster,HVA-1004,HVAC Equipment,1,1034.98,1265.17,1263.84,1263.84,
INV-50962,2026-07-09,C1040,Chantilly Heating & Air,B,K. Foster,CON-1001,Conduit & Fittings,10,32.08,46.43,46.44,464.4,
INV-50962,2026-07-09,C1040,Chantilly Heating & Air,B,K. Foster,HVA-1011,HVAC Parts,4,8.86,12.66,12.76,51.04,
INV-50963,2026-09-03,C1112,Ridgeline Heating & Air,C,S. Evans,HVA-1015,HVAC Equipment,1,646.24,803.5,807.32,807.32,
INV-50963,2026-09-03,C1112,Ridgeline Heating & Air,C,S. Evans,BRE-1008,Breakers & Panels,8,67.45,93.46,93.3,746.4,
INV-50963,2026-09-03,C1112,Ridgeline Heating & Air,C,S. Evans,HVA-1033,HVAC Parts,7,37.29,52.0,51.87,363.09,
INV-50963,2026-09-03,C1112,Ridgeline Heating & Air,C,S. Evans,HVA-1016,HVAC Parts,12,11.14,17.03,17.17,206.04,
INV-50963,2026-09-03,C1112,Ridgeline Heating & Air,C,S. Evans,HVA-1000,HVAC Parts,8,6.37,9.78,9.83,78.64,
INV-50964,2026-09-25,C1100,Reston Contracting,C,K. Foster,BRE-1014,Breakers & Panels,5,162.58,245.47,245.11,1225.55,
INV-50964,2026-09-25,C1100,Reston Contracting,C,K. Foster,HVA-1009,HVAC Equipment,2,1188.73,1573.7,1567.18,3134.36,
INV-50965,2026-08-13,C1030,Capitol Power Systems,B,M. Dunn,CON-1007,Conduit & Fittings,30,3.77,5.08,5.12,153.6,
INV-50965,2026-08-13,C1030,Capitol Power Systems,B,M. Dunn,HVA-1029,HVAC Parts,17,7.05,10.01,9.97,169.49,
INV-50965,2026-08-13,C1030,Capitol Power Systems,B,M. Dunn,WIR-1011,Wire & Cable,5,126.22,154.44,153.74,768.7,
INV-50966,2026-08-16,C1054,Leesburg Building Services,C,R. Alvarez,HVA-1029,HVAC Equipment,1,706.2,932.61,924.63,924.63,
INV-50966,2026-08-16,C1054,Leesburg Building Services,C,R. Alvarez,CON-1024,Conduit & Fittings,32,3.43,5.6,5.55,177.6,
INV-50966,2026-08-16,C1054,Leesburg Building Services,C,R. Alvarez,HVA-1033,HVAC Equipment,11,1194.8,1527.27,1517.69,16694.59,
INV-50966,2026-08-16,C1054,Leesburg Building Services,C,R. Alvarez,BRE-1006,Breakers & Panels,2,18.77,27.38,27.48,54.96,
INV-50967,2026-07-04,C1099,Reston Comfort Systems,C,K. Foster,LIG-1006,Lighting,5,17.96,27.86,28.07,140.35,
INV-50967,2026-07-04,C1099,Reston Comfort Systems,C,K. Foster,WIR-1030,Wire & Cable,8,123.15,164.76,165.27,1322.16,
INV-50967,2026-07-04,C1099,Reston Comfort Systems,C,K. Foster,WIR-1025,Wire & Cable,2,108.67,148.57,148.88,297.76,
INV-50967,2026-07-04,C1099,Reston Comfort Systems,C,K. Foster,WIR-1022,Wire & Cable,3,83.06,116.82,117.93,353.79,
INV-50968,2026-09-15,C1016,Burke Building Services,B,K. Foster,LIG-1028,Lighting,22,42.41,58.41,58.54,1287.88,
INV-50968,2026-09-15,C1016,Burke Building Services,B,K. Foster,CON-1032,Conduit & Fittings,15,22.74,32.77,32.98,494.7,
INV-50968,2026-09-15,C1016,Burke Building Services,B,K. Foster,HVA-1018,HVAC Equipment,5,798.66,959.57,926.54,4632.7,MGR
INV-50968,2026-09-15,C1016,Burke Building Services,B,K. Foster,CON-1014,Conduit & Fittings,12,6.03,8.79,8.74,104.88,
INV-50968,2026-09-15,C1016,Burke Building Services,B,K. Foster,HVA-1008,HVAC Equipment,8,913.36,1094.51,1089.75,8718.0,
INV-50968,2026-09-15,C1016,Burke Building Services,B,K. Foster,HVA-1022,HVAC Parts,1,133.45,180.97,182.54,182.54,
INV-50969,2026-09-14,C1027,Capitol Electrical Co.,B,T. Chen,HVA-1011,HVAC Equipment,1,620.35,747.27,746.3,746.3,
INV-50969,2026-09-14,C1027,Capitol Electrical Co.,B,T. Chen,CON-1029,Conduit & Fittings,44,15.74,21.28,21.07,927.08,
INV-50969,2026-09-14,C1027,Capitol Electrical Co.,B,T. Chen,CON-1004,Conduit & Fittings,7,49.09,67.04,66.95,468.65,
INV-50969,2026-09-14,C1027,Capitol Electrical Co.,B,T. Chen,WIR-1010,Wire & Cable,9,416.68,509.46,513.71,4623.39,
INV-50969,2026-09-14,C1027,Capitol Electrical Co.,B,T. Chen,LIG-1035,Lighting,1,45.87,66.67,66.48,66.48,
INV-50970,2026-08-12,C1043,Dulles Building Services,B,T. Chen,BRE-1027,Breakers & Panels,1,48.96,63.82,63.33,63.33,
INV-50970,2026-08-12,C1043,Dulles Building Services,B,T. Chen,CON-1014,Conduit & Fittings,20,6.03,8.79,8.72,174.4,
INV-50970,2026-08-12,C1043,Dulles Building Services,B,T. Chen,LIG-1010,Lighting,43,87.43,116.27,115.16,4951.88,
INV-50970,2026-08-12,C1043,Dulles Building Services,B,T. Chen,HVA-1008,HVAC Parts,6,23.36,30.69,30.86,185.16,
INV-50971,2026-08-24,C1006,Blue Ridge Heating & Air,A,M. Dunn,CON-1012,Conduit & Fittings,17,12.67,16.28,16.15,274.55,
INV-50971,2026-08-24,C1006,Blue Ridge Heating & Air,A,M. Dunn,HVA-1005,HVAC Equipment,2,1913.09,2066.49,2048.52,4097.04,
INV-50972,2026-07-18,C1013,Bull Run HVAC Services,A,D. Brooks,LIG-1009,Lighting,1,103.74,126.18,126.51,126.51,
INV-50972,2026-07-18,C1013,Bull Run HVAC Services,A,D. Brooks,HVA-1029,HVAC Equipment,2,706.2,785.35,779.54,1559.08,
INV-50972,2026-07-18,C1013,Bull Run HVAC Services,A,D. Brooks,HVA-1009,HVAC Parts,16,7.94,9.44,9.42,150.72,
INV-50972,2026-07-18,C1013,Bull Run HVAC Services,A,D. Brooks,LIG-1023,Lighting,6,160.88,209.87,208.35,1250.1,
INV-50973,2026-09-22,C1014,Bull Run Heating & Air,A,S. Evans,CON-1003,Conduit & Fittings,35,2.25,3.01,3.01,105.35,
INV-50973,2026-09-22,C1014,Bull Run Heating & Air,A,S. Evans,LIG-1019,Lighting,33,22.4,27.44,27.42,904.86,
INV-50973,2026-09-22,C1014,Bull Run Heating & Air,A,S. Evans,WIR-1004,Wire & Cable,9,134.3,151.63,136.57,1229.13,
INV-50974,2026-07-05,C1009,Bull Run Contracting,A,M. Dunn,LIG-1033,Lighting,2,27.69,35.06,34.8,69.6,
INV-50974,2026-07-05,C1009,Bull Run Contracting,A,M. Dunn,CON-1012,Conduit & Fittings,25,12.67,16.28,16.27,406.75,
INV-50974,2026-07-05,C1009,Bull Run Contracting,A,M. Dunn,LIG-1034,Lighting,4,44.13,53.09,52.66,210.64,
INV-50974,2026-07-05,C1009,Bull Run Contracting,A,M. Dunn,CON-1021,Conduit & Fittings,32,8.73,11.74,11.76,376.32,
INV-50975,2026-07-31,C1028,Capitol HVAC Services,B,S. Evans,BRE-1027,Breakers & Panels,1,48.96,63.82,63.27,63.27,
INV-50975,2026-07-31,C1028,Capitol HVAC Services,B,S. Evans,WIR-1032,Wire & Cable,8,294.58,367.28,368.25,2946.0,
INV-50975,2026-07-31,C1028,Capitol HVAC Services,B,S. Evans,HVA-1027,HVAC Equipment,1,2166.2,2615.96,2599.26,2599.26,
INV-50975,2026-07-31,C1028,Capitol HVAC Services,B,S. Evans,CON-1000,Conduit & Fittings,45,23.85,32.38,32.52,1463.4,
INV-50976,2026-09-03,C1014,Bull Run Heating & Air,A,S. Evans,LIG-1010,Lighting,5,87.43,105.7,106.0,530.0,
INV-50976,2026-09-03,C1014,Bull Run Heating & Air,A,S. Evans,LIG-1019,Lighting,5,22.4,27.44,27.18,135.9,
INV-50976,2026-09-03,C1014,Bull Run Heating & Air,A,S. Evans,CON-1034,Conduit & Fittings,17,17.7,22.0,22.14,376.38,
INV-50977,2026-09-01,C1027,Capitol Electrical Co.,B,T. Chen,LIG-1012,Lighting,1,28.4,37.85,37.84,37.84,
INV-50977,2026-09-01,C1027,Capitol Electrical Co.,B,T. Chen,HVA-1018,HVAC Parts,3,116.07,158.21,157.99,473.97,
INV-50977,2026-09-01,C1027,Capitol Electrical Co.,B,T. Chen,HVA-1005,HVAC Equipment,5,1913.09,2273.14,2294.94,11474.7,
INV-50977,2026-09-01,C1027,Capitol Electrical Co.,B,T. Chen,HVA-1015,HVAC Parts,3,173.58,224.94,225.86,677.58,
INV-50978,2026-07-28,C1030,Capitol Power Systems,B,M. Dunn,CON-1035,Conduit & Fittings,39,50.27,75.84,75.67,2951.13,
INV-50978,2026-07-28,C1030,Capitol Power Systems,B,M. Dunn,LIG-1008,Lighting,3,37.77,49.28,48.79,146.37,
INV-50978,2026-07-28,C1030,Capitol Power Systems,B,M. Dunn,WIR-1015,Wire & Cable,12,35.17,43.74,43.51,522.12,
INV-50979,2026-06-29,C1036,Chantilly Electric,B,R. Alvarez,BRE-1004,Breakers & Panels,21,156.83,205.3,206.89,4344.69,
INV-50979,2026-06-29,C1036,Chantilly Electric,B,R. Alvarez,HVA-1000,HVAC Equipment,1,402.96,495.6,499.81,499.81,
INV-50979,2026-06-29,C1036,Chantilly Electric,B,R. Alvarez,LIG-1012,Lighting,16,28.4,37.85,38.07,609.12,
INV-50979,2026-06-29,C1036,Chantilly Electric,B,R. Alvarez,HVA-1030,HVAC Parts,20,7.81,10.81,10.79,215.8,
INV-50979,2026-06-29,C1036,Chantilly Electric,B,R. Alvarez,HVA-1027,HVAC Equipment,1,2166.2,2615.96,2620.91,2620.91,
INV-50980,2026-07-09,C1011,Bull Run Electrical Co.,A,D. Brooks,CON-1017,Conduit & Fittings,50,21.97,29.48,29.28,1464.0,
INV-50980,2026-07-09,C1011,Bull Run Electrical Co.,A,D. Brooks,LIG-1015,Lighting,4,64.96,82.9,82.1,328.4,
INV-50980,2026-07-09,C1011,Bull Run Electrical Co.,A,D. Brooks,HVA-1033,HVAC Parts,11,37.29,43.79,41.64,458.04,
INV-50980,2026-07-09,C1011,Bull Run Electrical Co.,A,D. Brooks,WIR-1011,Wire & Cable,13,126.22,140.4,139.3,1810.9,
INV-50980,2026-07-09,C1011,Bull Run Electrical Co.,A,D. Brooks,LIG-1001,Lighting,3,30.22,36.48,36.59,109.77,
INV-50980,2026-07-09,C1011,Bull Run Electrical Co.,A,D. Brooks,LIG-1026,Lighting,13,15.8,19.67,19.5,253.5,
INV-50981,2026-07-07,C1106,Reston Mechanical,C,S. Evans,HVA-1031,HVAC Parts,1,45.05,66.18,65.9,65.9,
INV-50981,2026-07-07,C1106,Reston Mechanical,C,S. Evans,CON-1035,Conduit & Fittings,12,50.27,81.87,82.26,987.12,
INV-50981,2026-07-07,C1106,Reston Mechanical,C,S. Evans,HVA-1017,HVAC Parts,4,13.44,20.4,20.26,81.04,
INV-50981,2026-07-07,C1106,Reston Mechanical,C,S. Evans,HVA-1035,HVAC Equipment,2,1183.06,1516.96,1507.2,3014.4,
INV-50981,2026-07-07,C1106,Reston Mechanical,C,S. Evans,LIG-1020,Lighting,12,23.46,33.62,33.57,402.84,
INV-50981,2026-07-07,C1106,Reston Mechanical,C,S. Evans,HVA-1015,HVAC Parts,15,173.58,242.83,240.73,3610.95,
INV-50982,2026-09-12,C1033,Cardinal HVAC Services,B,D. Brooks,LIG-1026,Lighting,13,15.8,21.64,21.65,281.45,
INV-50982,2026-09-12,C1033,Cardinal HVAC Services,B,D. Brooks,CON-1007,Conduit & Fittings,12,3.77,5.08,5.09,61.08,
INV-50982,2026-09-12,C1033,Cardinal HVAC Services,B,D. Brooks,BRE-1018,Breakers & Panels,3,111.4,141.4,142.43,427.29,
INV-50982,2026-09-12,C1033,Cardinal HVAC Services,B,D. Brooks,CON-1004,Conduit & Fittings,27,49.09,67.04,67.39,1819.53,
INV-50983,2026-07-29,C1105,Reston Heating & Air,C,K. Foster,BRE-1007,Breakers & Panels,4,24.67,37.33,37.1,148.4,
INV-50983,2026-07-29,C1105,Reston Heating & Air,C,K. Foster,WIR-1000,Wire & Cable,3,216.1,289.15,286.35,859.05,
INV-50983,2026-07-29,C1105,Reston Heating & Air,C,K. Foster,HVA-1030,HVAC Parts,14,7.81,11.67,11.72,164.08,
INV-50983,2026-07-29,C1105,Reston Heating & Air,C,K. Foster,BRE-1002,Breakers & Panels,10,117.95,172.57,171.15,1711.5,
INV-50983,2026-07-29,C1105,Reston Heating & Air,C,K. Foster,HVA-1023,HVAC Equipment,1,1062.71,1341.19,1350.87,1350.87,
INV-50983,2026-07-29,C1105,Reston Heating & Air,C,K. Foster,WIR-1001,Wire & Cable,2,67.02,87.51,87.08,174.16,
INV-50984,2026-09-02,C1029,Capitol Mechanical,B,M. Dunn,LIG-1033,Lighting,5,27.69,38.57,36.04,180.2,MGR
INV-50984,2026-09-02,C1029,Capitol Mechanical,B,M. Dunn,CON-1014,Conduit & Fittings,11,6.03,8.79,8.86,97.46,
INV-50984,2026-09-02,C1029,Capitol Mechanical,B,M. Dunn,WIR-1034,Wire & Cable,2,60.49,77.3,77.39,154.78,
INV-50985,2026-09-06,C1046,Dulles Electrical Co.,B,K. Foster,LIG-1007,Lighting,14,114.08,149.09,149.83,2097.62,
INV-50985,2026-09-06,C1046,Dulles Electrical Co.,B,K. Foster,BRE-1007,Breakers & Panels,2,24.67,34.58,34.52,69.04,
INV-50985,2026-09-06,C1046,Dulles Electrical Co.,B,K. Foster,LIG-1018,Lighting,5,40.2,55.41,55.15,275.75,
INV-50986,2026-08-18,C1074,Manassas Electrical Co.,C,M. Dunn,HVA-1009,HVAC Parts,2,7.94,11.21,11.27,22.54,
INV-50986,2026-08-18,C1074,Manassas Electrical Co.,C,M. Dunn,HVA-1010,HVAC Equipment,1,1378.41,1748.24,1748.56,1748.56,
INV-50986,2026-08-18,C1074,Manassas Electrical Co.,C,M. Dunn,LIG-1009,Lighting,3,103.74,149.84,150.91,452.73,
INV-50987,2026-07-24,C1024,Burke Power Systems,B,D. Brooks,LIG-1011,Lighting,7,19.03,27.22,27.0,189.0,
INV-50987,2026-07-24,C1024,Burke Power Systems,B,D. Brooks,HVA-1010,HVAC Equipment,2,1378.41,1619.42,1630.57,3261.14,
INV-50987,2026-07-24,C1024,Burke Power Systems,B,D. Brooks,HVA-1014,HVAC Equipment,2,1053.64,1218.58,1211.79,2423.58,
INV-50987,2026-07-24,C1024,Burke Power Systems,B,D. Brooks,HVA-1020,HVAC Parts,5,6.84,9.74,9.65,48.25,
INV-50988,2026-08-19,C1010,Bull Run Electric,A,K. Foster,CON-1021,Conduit & Fittings,6,8.73,11.74,11.78,70.68,
INV-50988,2026-08-19,C1010,Bull Run Electric,A,K. Foster,CON-1005,Conduit & Fittings,10,4.97,6.45,6.49,64.9,
INV-50988,2026-08-19,C1010,Bull Run Electric,A,K. Foster,HVA-1009,HVAC Parts,11,7.94,9.44,9.44,103.84,
INV-50988,2026-08-19,C1010,Bull Run Electric,A,K. Foster,HVA-1029,HVAC Parts,1,7.05,9.1,9.07,9.07,
INV-50988,2026-08-19,C1010,Bull Run Electric,A,K. Foster,HVA-1000,HVAC Parts,2,6.37,8.23,8.23,16.46,
INV-50988,2026-08-19,C1010,Bull Run Electric,A,K. Foster,CON-1028,Conduit & Fittings,23,8.95,12.22,12.31,283.13,
INV-50989,2026-07-15,C1108,Ridgeline Comfort Systems,C,S. Evans,WIR-1018,Wire & Cable,24,47.93,67.87,68.3,1639.2,
INV-50989,2026-07-15,C1108,Ridgeline Comfort Systems,C,S. Evans,HVA-1013,HVAC Equipment,11,1860.42,2392.65,2403.45,26437.95,
INV-50989,2026-07-15,C1108,Ridgeline Comfort Systems,C,S. Evans,BRE-1026,Breakers & Panels,14,12.67,17.71,17.58,246.12,
INV-50989,2026-07-15,C1108,Ridgeline Comfort Systems,C,S. Evans,BRE-1012,Breakers & Panels,13,33.82,49.6,50.04,650.52,
INV-50990,2026-07-19,C1036,Chantilly Electric,B,R. Alvarez,BRE-1020,Breakers & Panels,24,33.52,45.36,45.52,1092.48,
INV-50990,2026-07-19,C1036,Chantilly Electric,B,R. Alvarez,WIR-1027,Wire & Cable,3,43.54,54.71,54.85,164.55,
INV-50990,2026-07-19,C1036,Chantilly Electric,B,R. Alvarez,WIR-1016,Wire & Cable,6,87.34,107.19,107.11,642.66,
INV-50990,2026-07-19,C1036,Chantilly Electric,B,R. Alvarez,HVA-1033,HVAC Equipment,1,1194.8,1414.73,1409.81,1409.81,
INV-50991,2026-09-16,C1020,Burke Energy Group,B,S. Evans,CON-1030,Conduit & Fittings,10,42.26,61.79,62.38,623.8,
INV-50991,2026-09-16,C1020,Burke Energy Group,B,S. Evans,BRE-1035,Breakers & Panels,20,97.51,130.81,130.5,2610.0,
INV-50991,2026-09-16,C1020,Burke Energy Group,B,S. Evans,HVA-1025,HVAC Parts,5,66.1,94.27,94.91,474.55,
INV-50991,2026-09-16,C1020,Burke Energy Group,B,S. Evans,HVA-1007,HVAC Parts,10,201.93,262.7,265.3,2653.0,
INV-50992,2026-08-19,C1008,Bull Run Comfort Systems,A,D. Brooks,WIR-1023,Wire & Cable,2,47.27,54.11,54.09,108.18,
INV-50992,2026-08-19,C1008,Bull Run Comfort Systems,A,D. Brooks,LIG-1026,Lighting,5,15.8,19.67,19.76,98.8,
INV-50992,2026-08-19,C1008,Bull Run Comfort Systems,A,D. Brooks,LIG-1031,Lighting,1,46.98,61.06,60.79,60.79,
INV-50993,2026-08-03,C1085,Occoquan HVAC Services,C,T. Chen,CON-1006,Conduit & Fittings,8,6.73,10.26,10.23,81.84,
INV-50993,2026-08-03,C1085,Occoquan HVAC Services,C,T. Chen,HVA-1031,HVAC Equipment,1,1021.28,1344.01,1356.18,1356.18,
INV-50993,2026-08-03,C1085,Occoquan HVAC Services,C,T. Chen,BRE-1010,Breakers & Panels,3,41.23,56.56,56.1,168.3,
INV-50993,2026-08-03,C1085,Occoquan HVAC Services,C,T. Chen,HVA-1017,HVAC Equipment,1,2240.25,2889.06,2887.16,2887.16,
INV-50993,2026-08-03,C1085,Occoquan HVAC Services,C,T. Chen,BRE-1014,Breakers & Panels,3,162.58,245.47,246.84,740.52,
INV-50994,2026-09-21,C1028,Capitol HVAC Services,B,S. Evans,WIR-1034,Wire & Cable,16,60.49,77.3,76.6,1225.6,
INV-50994,2026-09-21,C1028,Capitol HVAC Services,B,S. Evans,HVA-1033,HVAC Parts,7,37.29,48.17,48.3,338.1,
INV-50994,2026-09-21,C1028,Capitol HVAC Services,B,S. Evans,HVA-1000,HVAC Parts,2,6.37,9.06,9.13,18.26,
INV-50994,2026-09-21,C1028,Capitol HVAC Services,B,S. Evans,BRE-1020,Breakers & Panels,21,33.52,45.36,41.74,876.54,VERBAL
INV-50994,2026-09-21,C1028,Capitol HVAC Services,B,S. Evans,WIR-1005,Wire & Cable,2,392.51,480.62,443.12,886.24,
INV-50995,2026-09-21,C1020,Burke Energy Group,B,S. Evans,BRE-1020,Breakers & Panels,7,33.52,45.36,40.99,286.93,
INV-50995,2026-09-21,C1020,Burke Energy Group,B,S. Evans,WIR-1019,Wire & Cable,2,116.68,151.54,142.15,284.3,
INV-50995,2026-09-21,C1020,Burke Energy Group,B,S. Evans,BRE-1013,Breakers & Panels,13,205.1,285.48,287.59,3738.67,
INV-50995,2026-09-21,C1020,Burke Energy Group,B,S. Evans,CON-1022,Conduit & Fittings,43,3.57,4.9,4.87,209.41,
INV-50996,2026-09-06,C1020,Burke Energy Group,B,S. Evans,WIR-1008,Wire & Cable,17,100.04,129.22,118.54,2015.18,
INV-50996,2026-09-06,C1020,Burke Energy Group,B,S. Evans,HVA-1003,HVAC Equipment,1,767.04,881.77,879.75,879.75,
INV-50996,2026-09-06,C1020,Burke Energy Group,B,S. Evans,WIR-1032,Wire & Cable,8,294.58,367.28,364.59,2916.72,
INV-50996,2026-09-06,C1020,Burke Energy Group,B,S. Evans,HVA-1000,HVAC Equipment,3,402.96,495.6,491.44,1474.32,
INV-50997,2026-07-05,C1017,Burke Contracting,B,K. Foster,HVA-1020,HVAC Equipment,1,953.96,1097.57,1097.08,1097.08,
INV-50997,2026-07-05,C1017,Burke Contracting,B,K. Foster,HVA-1034,HVAC Parts,1,21.98,29.88,29.85,29.85,
INV-50997,2026-07-05,C1017,Burke Contracting,B,K. Foster,WIR-1023,Wire & Cable,7,47.27,59.52,59.26,414.82,
INV-50997,2026-07-05,C1017,Burke Contracting,B,K. Foster,HVA-1023,HVAC Parts,4,188.12,267.87,265.8,1063.2,
INV-50997,2026-07-05,C1017,Burke Contracting,B,K. Foster,BRE-1015,Breakers & Panels,3,93.54,125.32,124.51,373.53,
INV-50997,2026-07-05,C1017,Burke Contracting,B,K. Foster,BRE-1008,Breakers & Panels,5,67.45,86.57,86.91,434.55,
INV-50998,2026-09-14,C1046,Dulles Electrical Co.,B,K. Foster,LIG-1012,Lighting,5,28.4,37.85,37.67,188.35,
INV-50998,2026-09-14,C1046,Dulles Electrical Co.,B,K. Foster,CON-1015,Conduit & Fittings,22,2.29,3.06,3.03,66.66,
INV-50998,2026-09-14,C1046,Dulles Electrical Co.,B,K. Foster,LIG-1029,Lighting,11,98.21,131.64,130.73,1438.03,
INV-50998,2026-09-14,C1046,Dulles Electrical Co.,B,K. Foster,WIR-1017,Wire & Cable,6,51.35,65.17,64.57,387.42,
INV-50999,2026-07-17,C1042,Chantilly Power Systems,B,T. Chen,BRE-1020,Breakers & Panels,7,33.52,45.36,45.47,318.29,
INV-50999,2026-07-17,C1042,Chantilly Power Systems,B,T. Chen,CON-1010,Conduit & Fittings,4,12.81,17.19,17.32,69.28,
INV-50999,2026-07-17,C1042,Chantilly Power Systems,B,T. Chen,HVA-1016,HVAC Equipment,2,1182.28,1364.74,1371.17,2742.34,
INV-50999,2026-07-17,C1042,Chantilly Power Systems,B,T. Chen,HVA-1009,HVAC Parts,16,7.94,10.38,10.34,165.44,
INV-50999,2026-07-17,C1042,Chantilly Power Systems,B,T. Chen,LIG-1034,Lighting,11,44.13,58.4,58.81,646.91,
INV-51000,2026-09-26,C1029,Capitol Mechanical,B,M. Dunn,HVA-1012,HVAC Parts,2,26.33,33.84,32.35,64.7,
INV-51000,2026-09-26,C1029,Capitol Mechanical,B,M. Dunn,LIG-1023,Lighting,4,160.88,230.86,232.99,931.96,
INV-51000,2026-09-26,C1029,Capitol Mechanical,B,M. Dunn,HVA-1001,HVAC Parts,2,24.8,31.97,31.71,63.42,
INV-51000,2026-09-26,C1029,Capitol Mechanical,B,M. Dunn,HVA-1012,HVAC Parts,13,26.33,33.84,33.74,438.62,
INV-51001,2026-07-20,C1052,Fairfax Mechanical,C,D. Brooks,WIR-1034,Wire & Cable,13,60.49,83.45,83.03,1079.39,
INV-51001,2026-07-20,C1052,Fairfax Mechanical,C,D. Brooks,WIR-1027,Wire & Cable,4,43.54,59.06,54.68,218.72,
INV-51001,2026-07-20,C1052,Fairfax Mechanical,C,D. Brooks,BRE-1008,Breakers & Panels,3,67.45,93.46,83.87,251.61,
INV-51002,2026-08-26,C1013,Bull Run HVAC Services,A,D. Brooks,HVA-1032,HVAC Equipment,2,850.39,918.62,916.47,1832.94,
INV-51002,2026-08-26,C1013,Bull Run HVAC Services,A,D. Brooks,HVA-1030,HVAC Equipment,1,1433.65,1539.08,1543.24,1543.24,
INV-51002,2026-08-26,C1013,Bull Run HVAC Services,A,D. Brooks,BRE-1020,Breakers & Panels,3,33.52,41.24,41.2,123.6,
INV-51002,2026-08-26,C1013,Bull Run HVAC Services,A,D. Brooks,HVA-1033,HVAC Parts,9,37.29,43.79,44.09,396.81,
INV-51003,2026-07-08,C1014,Bull Run Heating & Air,A,S. Evans,HVA-1019,HVAC Equipment,2,1148.15,1237.5,1229.08,2458.16,
INV-51003,2026-07-08,C1014,Bull Run Heating & Air,A,S. Evans,HVA-1025,HVAC Equipment,1,435.7,474.42,478.34,478.34,
INV-51003,2026-07-08,C1014,Bull Run Heating & Air,A,S. Evans,LIG-1022,Lighting,3,13.9,16.91,17.07,51.21,
INV-51003,2026-07-08,C1014,Bull Run Heating & Air,A,S. Evans,BRE-1032,Breakers & Panels,5,49.92,61.18,57.09,285.45,
INV-51004,2026-09-05,C1091,Old Dominion Mechanical,C,D. Brooks,BRE-1005,Breakers & Panels,13,159.52,228.3,227.68,2959.84,
INV-51004,2026-09-05,C1091,Old Dominion Mechanical,C,D. Brooks,CON-1008,Conduit & Fittings,18,3.76,5.53,5.57,100.26,
INV-51004,2026-09-05,C1091,Old Dominion Mechanical,C,D. Brooks,BRE-1016,Breakers & Panels,3,22.89,32.45,29.1,87.3,
INV-51004,2026-09-05,C1091,Old Dominion Mechanical,C,D. Brooks,WIR-1023,Wire & Cable,7,47.27,64.26,64.67,452.69,
INV-51004,2026-09-05,C1091,Old Dominion Mechanical,C,D. Brooks,CON-1035,Conduit & Fittings,15,50.27,81.87,81.42,1221.3,
INV-51004,2026-09-05,C1091,Old Dominion Mechanical,C,D. Brooks,WIR-1015,Wire & Cable,5,35.17,47.22,43.61,218.05,
INV-51005,2026-08-12,C1013,Bull Run HVAC Services,A,D. Brooks,HVA-1003,HVAC Equipment,1,767.04,801.61,802.58,802.58,
INV-51005,2026-08-12,C1013,Bull Run HVAC Services,A,D. Brooks,LIG-1013,Lighting,3,9.5,11.76,11.75,35.25,
INV-51006,2026-07-16,C1070,Manassas Building Services,C,M. Dunn,BRE-1027,Breakers & Panels,2,48.96,68.89,69.49,138.98,
INV-51006,2026-07-16,C1070,Manassas Building Services,C,M. Dunn,HVA-1015,HVAC Parts,1,173.58,242.83,244.15,244.15,
INV-51006,2026-07-16,C1070,Manassas Building Services,C,M. Dunn,CON-1035,Conduit & Fittings,25,50.27,81.87,82.2,2055.0,
INV-51006,2026-07-16,C1070,Manassas Building Services,C,M. Dunn,HVA-1018,HVAC Parts,4,116.07,170.79,171.55,686.2,
INV-51007,2026-07-02,C1001,Blue Ridge Building Services,A,M. Dunn,HVA-1006,HVAC Equipment,1,495.45,546.9,542.14,542.14,
INV-51007,2026-07-02,C1001,Blue Ridge Building Services,A,M. Dunn,HVA-1002,HVAC Parts,1,33.4,39.58,39.36,39.36,
INV-51007,2026-07-02,C1001,Blue Ridge Building Services,A,M. Dunn,BRE-1029,Breakers & Panels,34,100.96,122.87,123.49,4198.66,
INV-51007,2026-07-02,C1001,Blue Ridge Building Services,A,M. Dunn,HVA-1001,HVAC Parts,6,24.8,29.06,28.81,172.86,
INV-51007,2026-07-02,C1001,Blue Ridge Building Services,A,M. Dunn,HVA-1034,HVAC Parts,7,21.98,27.16,27.32,191.24,
INV-51007,2026-07-02,C1001,Blue Ridge Building Services,A,M. Dunn,HVA-1028,HVAC Equipment,1,685.83,739.92,736.29,736.29,
INV-51008,2026-08-03,C1027,Capitol Electrical Co.,B,T. Chen,HVA-1017,HVAC Equipment,1,2240.25,2676.19,2662.41,2662.41,
INV-51008,2026-08-03,C1027,Capitol Electrical Co.,B,T. Chen,CON-1033,Conduit & Fittings,24,3.42,4.66,4.68,112.32,
INV-51008,2026-08-03,C1027,Capitol Electrical Co.,B,T. Chen,LIG-1011,Lighting,3,19.03,27.22,27.1,81.3,
INV-51008,2026-08-03,C1027,Capitol Electrical Co.,B,T. Chen,WIR-1002,Wire & Cable,7,152.66,196.76,194.89,1364.23,
INV-51008,2026-08-03,C1027,Capitol Electrical Co.,B,T. Chen,CON-1007,Conduit & Fittings,19,3.77,5.08,4.88,92.72,VERBAL
INV-51009,2026-08-05,C1001,Blue Ridge Building Services,A,M. Dunn,BRE-1018,Breakers & Panels,4,111.4,128.54,128.71,514.84,
INV-51009,2026-08-05,C1001,Blue Ridge Building Services,A,M. Dunn,HVA-1005,HVAC Equipment,2,1913.09,2066.49,2074.38,4148.76,
INV-51010,2026-07-24,C1027,Capitol Electrical Co.,B,T. Chen,BRE-1034,Breakers & Panels,2,68.77,93.74,93.62,187.24,
INV-51010,2026-07-24,C1027,Capitol Electrical Co.,B,T. Chen,HVA-1018,HVAC Equipment,1,798.66,959.57,950.69,950.69,
INV-51010,2026-07-24,C1027,Capitol Electrical Co.,B,T. Chen,HVA-1033,HVAC Equipment,1,1194.8,1414.73,1422.88,1422.88,
INV-51011,2026-06-29,C1043,Dulles Building Services,B,T. Chen,WIR-1028,Wire & Cable,24,76.0,97.66,97.94,2350.56,
INV-51011,2026-06-29,C1043,Dulles Building Services,B,T. Chen,HVA-1026,HVAC Parts,2,7.14,9.26,9.33,18.66,
INV-51011,2026-06-29,C1043,Dulles Building Services,B,T. Chen,WIR-1023,Wire & Cable,4,47.27,59.52,56.48,225.92,
INV-51012,2026-08-11,C1046,Dulles Electrical Co.,B,K. Foster,HVA-1006,HVAC Equipment,3,495.45,601.59,596.78,1790.34,
INV-51012,2026-08-11,C1046,Dulles Electrical Co.,B,K. Foster,HVA-1001,HVAC Equipment,1,1321.74,1618.86,1614.92,1614.92,
INV-51013,2026-07-02,C1044,Dulles Comfort Systems,B,K. Foster,HVA-1017,HVAC Parts,10,13.44,18.89,18.71,187.1,
INV-51013,2026-07-02,C1044,Dulles Comfort Systems,B,K. Foster,CON-1034,Conduit & Fittings,16,17.7,24.2,24.26,388.16,
INV-51013,2026-07-02,C1044,Dulles Comfort Systems,B,K. Foster,CON-1004,Conduit & Fittings,13,49.09,67.04,66.55,865.15,
INV-51014,2026-08-16,C1081,Mason Power Systems,C,M. Dunn,LIG-1023,Lighting,7,160.88,249.22,246.78,1727.46,
INV-51014,2026-08-16,C1081,Mason Power Systems,C,M. Dunn,BRE-1034,Breakers & Panels,4,68.77,101.19,101.05,404.2,
INV-51015,2026-07-13,C1110,Ridgeline Energy Group,C,M. Dunn,CON-1008,Conduit & Fittings,6,3.76,5.53,5.52,33.12,
INV-51015,2026-07-13,C1110,Ridgeline Energy Group,C,M. Dunn,WIR-1021,Wire & Cable,9,162.13,222.85,224.83,2023.47,
INV-51015,2026-07-13,C1110,Ridgeline Energy Group,C,M. Dunn,HVA-1018,HVAC Parts,2,116.07,170.79,170.95,341.9,
INV-51016,2026-07-01,C1028,Capitol HVAC Services,B,S. Evans,CON-1030,Conduit & Fittings,29,42.26,61.79,62.16,1802.64,
INV-51016,2026-07-01,C1028,Capitol HVAC Services,B,S. Evans,HVA-1015,HVAC Parts,11,173.58,224.94,225.24,2477.64,
INV-51016,2026-07-01,C1028,Capitol HVAC Services,B,S. Evans,WIR-1021,Wire & Cable,18,162.13,206.43,186.34,3354.12,
INV-51017,2026-07-23,C1022,Burke Heating & Air,B,T. Chen,HVA-1033,HVAC Equipment,1,1194.8,1414.73,1401.06,1401.06,
INV-51017,2026-07-23,C1022,Burke Heating & Air,B,T. Chen,LIG-1005,Lighting,6,24.04,33.46,33.51,201.06,
INV-51017,2026-07-23,C1022,Burke Heating & Air,B,T. Chen,CON-1017,Conduit & Fittings,17,21.97,32.43,32.15,546.55,
INV-51017,2026-07-23,C1022,Burke Heating & Air,B,T. Chen,BRE-1029,Breakers & Panels,7,100.96,135.16,135.74,950.18,
INV-51017,2026-07-23,C1022,Burke Heating & Air,B,T. Chen,BRE-1018,Breakers & Panels,6,111.4,141.4,142.71,856.26,
INV-51017,2026-07-23,C1022,Burke Heating & Air,B,T. Chen,HVA-1011,HVAC Parts,12,8.86,12.66,12.75,153.0,
INV-51018,2026-09-15,C1031,Cardinal Comfort Systems,B,T. Chen,LIG-1015,Lighting,4,64.96,91.19,90.76,363.04,
INV-51018,2026-09-15,C1031,Cardinal Comfort Systems,B,T. Chen,WIR-1000,Wire & Cable,9,216.1,267.85,266.13,2395.17,
INV-51018,2026-09-15,C1031,Cardinal Comfort Systems,B,T. Chen,BRE-1000,Breakers & Panels,20,42.31,58.23,58.3,1166.0,
INV-51019,2026-08-16,C1013,Bull Run HVAC Services,A,D. Brooks,HVA-1000,HVAC Parts,2,6.37,8.23,7.91,15.82,VERBAL
INV-51019,2026-08-16,C1013,Bull Run HVAC Services,A,D. Brooks,LIG-1029,Lighting,19,98.21,119.67,120.36,2286.84,
INV-51019,2026-08-16,C1013,Bull Run HVAC Services,A,D. Brooks,HVA-1010,HVAC Parts,10,26.77,31.62,31.42,314.2,
INV-51019,2026-08-16,C1013,Bull Run HVAC Services,A,D. Brooks,HVA-1009,HVAC Equipment,3,1188.73,1325.22,1326.02,3978.06,
INV-51019,2026-08-16,C1013,Bull Run HVAC Services,A,D. Brooks,HVA-1018,HVAC Equipment,5,798.66,872.34,866.86,4334.3,
INV-51019,2026-08-16,C1013,Bull Run HVAC Services,A,D. Brooks,BRE-1028,Breakers & Panels,17,83.36,96.84,86.52,1470.84,
INV-51020,2026-08-10,C1054,Leesburg Building Services,C,R. Alvarez,BRE-1027,Breakers & Panels,11,48.96,68.89,68.53,753.83,
INV-51020,2026-08-10,C1054,Leesburg Building Services,C,R. Alvarez,BRE-1021,Breakers & Panels,6,42.96,63.66,63.87,383.22,
INV-51020,2026-08-10,C1054,Leesburg Building Services,C,R. Alvarez,HVA-1030,HVAC Equipment,1,1433.65,1827.66,1831.52,1831.52,
INV-51021,2026-09-09,C1029,Capitol Mechanical,B,M. Dunn,LIG-1023,Lighting,8,160.88,230.86,232.62,1860.96,
INV-51021,2026-09-09,C1029,Capitol Mechanical,B,M. Dunn,HVA-1010,HVAC Equipment,1,1378.41,1619.42,1625.36,1625.36,
INV-51021,2026-09-09,C1029,Capitol Mechanical,B,M. Dunn,HVA-1021,HVAC Equipment,2,2137.62,2478.35,2476.14,4952.28,
INV-51021,2026-09-09,C1029,Capitol Mechanical,B,M. Dunn,BRE-1005,Breakers & Panels,4,159.52,211.48,210.59,842.36,
INV-51021,2026-09-09,C1029,Capitol Mechanical,B,M. Dunn,HVA-1024,HVAC Parts,4,167.27,238.46,239.81,959.24,
INV-51021,2026-09-09,C1029,Capitol Mechanical,B,M. Dunn,CON-1028,Conduit & Fittings,28,8.95,13.44,13.36,374.08,
INV-51022,2026-08-12,C1002,Blue Ridge Comfort Systems,A,S. Evans,BRE-1034,Breakers & Panels,2,68.77,85.22,76.56,153.12,
INV-51022,2026-08-12,C1002,Blue Ridge Comfort Systems,A,S. Evans,WIR-1013,Wire & Cable,3,317.33,363.13,328.21,984.63,VERBAL
INV-51022,2026-08-12,C1002,Blue Ridge Comfort Systems,A,S. Evans,HVA-1020,HVAC Parts,4,6.84,8.86,8.86,35.44,
INV-51023,2026-07-29,C1041,Chantilly Mechanical,B,S. Evans,HVA-1028,HVAC Equipment,1,685.83,813.91,806.63,806.63,
INV-51023,2026-07-29,C1041,Chantilly Mechanical,B,S. Evans,CON-1014,Conduit & Fittings,21,6.03,8.79,8.84,185.64,
INV-51023,2026-07-29,C1041,Chantilly Mechanical,B,S. Evans,HVA-1005,HVAC Equipment,1,1913.09,2273.14,2273.25,2273.25,
INV-51024,2026-08-14,C1109,Ridgeline Electric,C,R. Alvarez,CON-1005,Conduit & Fittings,8,4.97,7.66,7.59,60.72,
INV-51024,2026-08-14,C1109,Ridgeline Electric,C,R. Alvarez,BRE-1018,Breakers & Panels,6,111.4,152.65,153.65,921.9,
INV-51024,2026-08-14,C1109,Ridgeline Electric,C,R. Alvarez,HVA-1035,HVAC Equipment,1,1183.06,1516.96,1516.53,1516.53,
INV-51024,2026-08-14,C1109,Ridgeline Electric,C,R. Alvarez,LIG-1005,Lighting,25,24.04,36.12,35.85,896.25,
INV-51024,2026-08-14,C1109,Ridgeline Electric,C,R. Alvarez,BRE-1034,Breakers & Panels,4,68.77,101.19,100.94,403.76,
INV-51024,2026-08-14,C1109,Ridgeline Electric,C,R. Alvarez,LIG-1022,Lighting,16,13.9,20.08,20.25,324.0,
INV-51025,2026-08-04,C1107,Reston Power Systems,C,T. Chen,LIG-1020,Lighting,23,23.46,33.62,33.56,771.88,
INV-51025,2026-08-04,C1107,Reston Power Systems,C,T. Chen,BRE-1003,Breakers & Panels,10,17.77,24.98,24.89,248.9,
INV-51025,2026-08-04,C1107,Reston Power Systems,C,T. Chen,CON-1017,Conduit & Fittings,5,21.97,35.01,34.71,173.55,
INV-51026,2026-09-09,C1013,Bull Run HVAC Services,A,D. Brooks,HVA-1001,HVAC Equipment,1,1321.74,1471.69,1474.2,1474.2,
INV-51026,2026-09-09,C1013,Bull Run HVAC Services,A,D. Brooks,WIR-1031,Wire & Cable,4,333.43,388.52,390.98,1563.92,
INV-51026,2026-09-09,C1013,Bull Run HVAC Services,A,D. Brooks,CON-1023,Conduit & Fittings,29,53.8,67.06,66.5,1928.5,
INV-51026,2026-09-09,C1013,Bull Run HVAC Services,A,D. Brooks,LIG-1026,Lighting,2,15.8,19.67,19.81,39.62,
INV-51026,2026-09-09,C1013,Bull Run HVAC Services,A,D. Brooks,WIR-1007,Wire & Cable,3,157.76,179.99,180.02,540.06,
INV-51027,2026-09-10,C1035,Chantilly Contracting,B,S. Evans,LIG-1005,Lighting,15,24.04,33.46,33.69,505.35,
INV-51027,2026-09-10,C1035,Chantilly Contracting,B,S. Evans,BRE-1035,Breakers & Panels,6,97.51,130.81,131.11,786.66,
INV-51027,2026-09-10,C1035,Chantilly Contracting,B,S. Evans,WIR-1025,Wire & Cable,2,108.67,137.62,137.35,274.7,
INV-51027,2026-09-10,C1035,Chantilly Contracting,B,S. Evans,CON-1016,Conduit & Fittings,17,2.76,3.96,3.95,67.15,
INV-51027,2026-09-10,C1035,Chantilly Contracting,B,S. Evans,BRE-1033,Breakers & Panels,12,20.29,26.53,24.59,295.08,
INV-51028,2026-07-15,C1002,Blue Ridge Comfort Systems,A,S. Evans,CON-1026,Conduit & Fittings,9,36.79,48.7,48.23,434.07,
INV-51028,2026-07-15,C1002,Blue Ridge Comfort Systems,A,S. Evans,BRE-1003,Breakers & Panels,5,17.77,21.03,19.64,98.2,
INV-51028,2026-07-15,C1002,Blue Ridge Comfort Systems,A,S. Evans,CON-1003,Conduit & Fittings,17,2.25,3.01,3.01,51.17,
INV-51028,2026-07-15,C1002,Blue Ridge Comfort Systems,A,S. Evans,CON-1006,Conduit & Fittings,30,6.73,8.64,8.56,256.8,
INV-51029,2026-08-12,C1015,Bull Run Power Systems,A,R. Alvarez,HVA-1011,HVAC Equipment,1,620.35,679.34,684.7,684.7,
INV-51029,2026-08-12,C1015,Bull Run Power Systems,A,R. Alvarez,CON-1013,Conduit & Fittings,28,25.39,31.43,30.43,852.04,
INV-51029,2026-08-12,C1015,Bull Run Power Systems,A,R. Alvarez,LIG-1016,Lighting,7,90.5,110.62,110.18,771.26,
INV-51029,2026-08-12,C1015,Bull Run Power Systems,A,R. Alvarez,WIR-1011,Wire & Cable,4,126.22,140.4,140.94,563.76,
INV-51030,2026-08-15,C1002,Blue Ridge Comfort Systems,A,S. Evans,LIG-1018,Lighting,12,40.2,50.38,50.8,609.6,
INV-51030,2026-08-15,C1002,Blue Ridge Comfort Systems,A,S. Evans,HVA-1008,HVAC Parts,1,23.36,27.9,28.17,28.17,
INV-51030,2026-08-15,C1002,Blue Ridge Comfort Systems,A,S. Evans,BRE-1003,Breakers & Panels,1,17.77,21.03,21.03,21.03,
INV-51030,2026-08-15,C1002,Blue Ridge Comfort Systems,A,S. Evans,BRE-1034,Breakers & Panels,3,68.77,85.22,86.04,258.12,
INV-51030,2026-08-15,C1002,Blue Ridge Comfort Systems,A,S. Evans,LIG-1015,Lighting,11,64.96,82.9,83.14,914.54,
INV-51031,2026-09-17,C1029,Capitol Mechanical,B,M. Dunn,WIR-1032,Wire & Cable,7,294.58,367.28,365.6,2559.2,
INV-51031,2026-09-17,C1029,Capitol Mechanical,B,M. Dunn,HVA-1034,HVAC Parts,6,21.98,29.88,28.35,170.1,MGR
INV-51031,2026-09-17,C1029,Capitol Mechanical,B,M. Dunn,HVA-1029,HVAC Equipment,1,706.2,863.89,868.58,868.58,
INV-51032,2026-08-19,C1041,Chantilly Mechanical,B,S. Evans,BRE-1034,Breakers & Panels,1,68.77,93.74,93.65,93.65,
INV-51032,2026-08-19,C1041,Chantilly Mechanical,B,S. Evans,CON-1004,Conduit & Fittings,10,49.09,67.04,66.85,668.5,
INV-51032,2026-08-19,C1041,Chantilly Mechanical,B,S. Evans,HVA-1033,HVAC Equipment,3,1194.8,1414.73,1419.57,4258.71,
INV-51033,2026-08-31,C1014,Bull Run Heating & Air,A,S. Evans,CON-1014,Conduit & Fittings,23,6.03,7.99,7.99,183.77,
INV-51033,2026-08-31,C1014,Bull Run Heating & Air,A,S. Evans,BRE-1013,Breakers & Panels,7,205.1,259.53,237.83,1664.81,
INV-51033,2026-08-31,C1014,Bull Run Heating & Air,A,S. Evans,CON-1021,Conduit & Fittings,10,8.73,11.74,11.65,116.5,
INV-51033,2026-08-31,C1014,Bull Run Heating & Air,A,S. Evans,LIG-1031,Lighting,24,46.98,61.06,60.95,1462.8,
INV-51034,2026-08-08,C1092,Old Dominion Power Systems,C,R. Alvarez,HVA-1006,HVAC Parts,4,55.33,81.04,81.55,326.2,
INV-51034,2026-08-08,C1092,Old Dominion Power Systems,C,R. Alvarez,HVA-1034,HVAC Parts,5,21.98,32.25,31.95,159.75,
INV-51034,2026-08-08,C1092,Old Dominion Power Systems,C,R. Alvarez,WIR-1008,Wire & Cable,5,100.04,139.5,140.75,703.75,
INV-51034,2026-08-08,C1092,Old Dominion Power Systems,C,R. Alvarez,BRE-1016,Breakers & Panels,7,22.89,32.45,32.41,226.87,
INV-51035,2026-08-27,C1071,Manassas Comfort Systems,C,K. Foster,WIR-1004,Wire & Cable,2,134.3,180.06,178.58,357.16,
INV-51035,2026-08-27,C1071,Manassas Comfort Systems,C,K. Foster,HVA-1027,HVAC Equipment,4,2166.2,2824.05,2823.54,11294.16,
INV-51035,2026-08-27,C1071,Manassas Comfort Systems,C,K. Foster,WIR-1018,Wire & Cable,35,47.93,67.87,68.44,2395.4,
INV-51035,2026-08-27,C1071,Manassas Comfort Systems,C,K. Foster,BRE-1034,Breakers & Panels,11,68.77,101.19,100.88,1109.68,
INV-51035,2026-08-27,C1071,Manassas Comfort Systems,C,K. Foster,LIG-1028,Lighting,22,42.41,63.05,62.78,1381.16,
INV-51036,2026-07-29,C1015,Bull Run Power Systems,A,R. Alvarez,CON-1024,Conduit & Fittings,74,3.43,4.71,4.73,350.02,
INV-51036,2026-07-29,C1015,Bull Run Power Systems,A,R. Alvarez,HVA-1010,HVAC Equipment,1,1378.41,1472.2,1481.76,1481.76,
INV-51036,2026-07-29,C1015,Bull Run Power Systems,A,R. Alvarez,LIG-1021,Lighting,3,183.41,239.04,238.35,715.05,
INV-51037,2026-07-21,C1071,Manassas Comfort Systems,C,K. Foster,HVA-1035,HVAC Parts,6,33.23,47.25,47.54,285.24,
INV-51037,2026-07-21,C1071,Manassas Comfort Systems,C,K. Foster,HVA-1032,HVAC Parts,5,40.36,59.24,59.39,296.95,
INV-51037,2026-07-21,C1071,Manassas Comfort Systems,C,K. Foster,CON-1026,Conduit & Fittings,8,36.79,57.83,58.3,466.4,
INV-51038,2026-09-01,C1012,Bull Run Energy Group,A,D. Brooks,WIR-1018,Wire & Cable,1,47.93,57.15,54.0,54.0,
INV-51038,2026-09-01,C1012,Bull Run Energy Group,A,D. Brooks,HVA-1003,HVAC Parts,5,14.6,18.01,17.85,89.25,
INV-51038,2026-09-01,C1012,Bull Run Energy Group,A,D. Brooks,WIR-1027,Wire & Cable,4,43.54,49.74,45.08,180.32,
INV-51039,2026-09-04,C1021,Burke HVAC Services,B,M. Dunn,LIG-1021,Lighting,1,183.41,262.94,247.21,247.21,MGR
INV-51039,2026-09-04,C1021,Burke HVAC Services,B,M. Dunn,CON-1006,Conduit & Fittings,19,6.73,9.5,8.8,167.2,MGR
INV-51039,2026-09-04,C1021,Burke HVAC Services,B,M. Dunn,HVA-1030,HVAC Equipment,1,1433.65,1692.99,1566.88,1566.88,
INV-51040,2026-09-21,C1012,Bull Run Energy Group,A,D. Brooks,HVA-1009,HVAC Equipment,1,1188.73,1325.22,1329.25,1329.25,
INV-51040,2026-09-21,C1012,Bull Run Energy Group,A,D. Brooks,BRE-1006,Breakers & Panels,7,18.77,23.06,20.6,144.2,
INV-51040,2026-09-21,C1012,Bull Run Energy Group,A,D. Brooks,LIG-1026,Lighting,10,15.8,19.67,19.59,195.9,
INV-51041,2026-07-18,C1067,Loudoun Energy Group,C,D. Brooks,BRE-1006,Breakers & Panels,12,18.77,27.38,27.12,325.44,
INV-51041,2026-07-18,C1067,Loudoun Energy Group,C,D. Brooks,BRE-1014,Breakers & Panels,1,162.58,245.47,243.92,243.92,
INV-51041,2026-07-18,C1067,Loudoun Energy Group,C,D. Brooks,WIR-1021,Wire & Cable,2,162.13,222.85,207.01,414.02,
INV-51041,2026-07-18,C1067,Loudoun Energy Group,C,D. Brooks,HVA-1024,HVAC Equipment,1,2463.08,3218.36,3206.71,3206.71,
INV-51041,2026-07-18,C1067,Loudoun Energy Group,C,D. Brooks,HVA-1014,HVAC Parts,16,114.93,168.43,170.09,2721.44,
INV-51042,2026-07-21,C1002,Blue Ridge Comfort Systems,A,S. Evans,LIG-1031,Lighting,19,46.98,61.06,61.49,1168.31,
INV-51042,2026-07-21,C1002,Blue Ridge Comfort Systems,A,S. Evans,BRE-1006,Breakers & Panels,11,18.77,23.06,23.25,255.75,
INV-51042,2026-07-21,C1002,Blue Ridge Comfort Systems,A,S. Evans,CON-1017,Conduit & Fittings,67,21.97,29.48,29.68,1988.56,
INV-51043,2026-09-11,C1002,Blue Ridge Comfort Systems,A,S. Evans,BRE-1029,Breakers & Panels,2,100.96,122.87,111.12,222.24,
INV-51043,2026-09-11,C1002,Blue Ridge Comfort Systems,A,S. Evans,LIG-1011,Lighting,4,19.03,24.74,24.64,98.56,
INV-51043,2026-09-11,C1002,Blue Ridge Comfort Systems,A,S. Evans,LIG-1011,Lighting,15,19.03,24.74,24.85,372.75,
INV-51043,2026-09-11,C1002,Blue Ridge Comfort Systems,A,S. Evans,HVA-1018,HVAC Equipment,1,798.66,872.34,869.64,869.64,
INV-51043,2026-09-11,C1002,Blue Ridge Comfort Systems,A,S. Evans,CON-1005,Conduit & Fittings,8,4.97,6.45,6.45,51.6,
INV-51044,2026-07-26,C1032,Cardinal Energy Group,B,T. Chen,LIG-1025,Lighting,30,11.2,15.59,15.65,469.5,
INV-51044,2026-07-26,C1032,Cardinal Energy Group,B,T. Chen,HVA-1016,HVAC Equipment,1,1182.28,1364.74,1357.26,1357.26,
INV-51044,2026-07-26,C1032,Cardinal Energy Group,B,T. Chen,WIR-1014,Wire & Cable,7,313.51,399.04,402.51,2817.57,
INV-51044,2026-07-26,C1032,Cardinal Energy Group,B,T. Chen,HVA-1011,HVAC Equipment,1,620.35,747.27,744.09,744.09,
INV-51044,2026-07-26,C1032,Cardinal Energy Group,B,T. Chen,BRE-1020,Breakers & Panels,4,33.52,45.36,45.7,182.8,
INV-51045,2026-07-09,C1043,Dulles Building Services,B,T. Chen,LIG-1009,Lighting,3,103.74,138.8,138.04,414.12,
INV-51045,2026-07-09,C1043,Dulles Building Services,B,T. Chen,HVA-1027,HVAC Equipment,2,2166.2,2615.96,2590.49,5180.98,
INV-51045,2026-07-09,C1043,Dulles Building Services,B,T. Chen,WIR-1034,Wire & Cable,11,60.49,77.3,77.19,849.09,
INV-51045,2026-07-09,C1043,Dulles Building Services,B,T. Chen,BRE-1003,Breakers & Panels,4,17.77,23.14,23.02,92.08,
INV-51045,2026-07-09,C1043,Dulles Building Services,B,T. Chen,WIR-1010,Wire & Cable,3,416.68,509.46,513.2,1539.6,
INV-51045,2026-07-09,C1043,Dulles Building Services,B,T. Chen,WIR-1006,Wire & Cable,6,223.99,270.22,269.31,1615.86,
INV-51046,2026-09-24,C1075,Manassas Energy Group,C,K. Foster,LIG-1032,Lighting,3,22.45,35.3,35.06,105.18,
INV-51046,2026-09-24,C1075,Manassas Energy Group,C,K. Foster,HVA-1004,HVAC Parts,3,16.08,23.33,23.4,70.2,
INV-51046,2026-09-24,C1075,Manassas Energy Group,C,K. Foster,BRE-1001,Breakers & Panels,4,38.81,53.94,54.08,216.32,
INV-51046,2026-09-24,C1075,Manassas Energy Group,C,K. Foster,CON-1024,Conduit & Fittings,13,3.43,5.6,5.65,73.45,
INV-51047,2026-06-29,C1016,Burke Building Services,B,K. Foster,WIR-1020,Wire & Cable,9,212.93,264.99,263.41,2370.69,
INV-51047,2026-06-29,C1016,Burke Building Services,B,K. Foster,LIG-1032,Lighting,3,22.45,32.7,32.89,98.67,
INV-51047,2026-06-29,C1016,Burke Building Services,B,K. Foster,CON-1023,Conduit & Fittings,36,53.8,73.76,73.88,2659.68,
INV-51048,2026-08-05,C1042,Chantilly Power Systems,B,T. Chen,HVA-1019,HVAC Equipment,2,1148.15,1361.25,1360.29,2720.58,
INV-51048,2026-08-05,C1042,Chantilly Power Systems,B,T. Chen,BRE-1013,Breakers & Panels,1,205.1,285.48,287.7,287.7,
INV-51048,2026-08-05,C1042,Chantilly Power Systems,B,T. Chen,HVA-1028,HVAC Equipment,2,685.83,813.91,807.6,1615.2,
INV-51048,2026-08-05,C1042,Chantilly Power Systems,B,T. Chen,LIG-1002,Lighting,18,81.88,119.13,120.09,2161.62,
INV-51048,2026-08-05,C1042,Chantilly Power Systems,B,T. Chen,CON-1028,Conduit & Fittings,24,8.95,13.44,13.54,324.96,
INV-51048,2026-08-05,C1042,Chantilly Power Systems,B,T. Chen,CON-1018,Conduit & Fittings,24,4.8,7.03,6.99,167.76,
INV-51049,2026-07-21,C1031,Cardinal Comfort Systems,B,T. Chen,BRE-1033,Breakers & Panels,3,20.29,26.53,26.58,79.74,
INV-51049,2026-07-21,C1031,Cardinal Comfort Systems,B,T. Chen,LIG-1028,Lighting,15,42.41,58.41,58.54,878.1,
INV-51049,2026-07-21,C1031,Cardinal Comfort Systems,B,T. Chen,WIR-1008,Wire & Cable,8,100.04,129.22,128.27,1026.16,
INV-51049,2026-07-21,C1031,Cardinal Comfort Systems,B,T. Chen,HVA-1010,HVAC Equipment,1,1378.41,1619.42,1619.19,1619.19,
INV-51049,2026-07-21,C1031,Cardinal Comfort Systems,B,T. Chen,HVA-1010,HVAC Equipment,2,1378.41,1619.42,1630.61,3261.22,
INV-51050,2026-08-05,C1001,Blue Ridge Building Services,A,M. Dunn,HVA-1023,HVAC Parts,3,188.12,243.52,243.91,731.73,
INV-51050,2026-08-05,C1001,Blue Ridge Building Services,A,M. Dunn,BRE-1025,Breakers & Panels,2,164.87,195.19,193.61,387.22,
INV-51050,2026-08-05,C1001,Blue Ridge Building Services,A,M. Dunn,WIR-1015,Wire & Cable,6,35.17,39.77,40.01,240.06,
INV-51050,2026-08-05,C1001,Blue Ridge Building Services,A,M. Dunn,CON-1032,Conduit & Fittings,13,22.74,29.79,30.03,390.39,
INV-51051,2026-09-24,C1089,Old Dominion Comfort Systems,C,R. Alvarez,HVA-1021,HVAC Equipment,1,2137.62,2675.49,2476.31,2476.31,MGR
INV-51051,2026-09-24,C1089,Old Dominion Comfort Systems,C,R. Alvarez,HVA-1017,HVAC Parts,2,13.44,20.4,20.25,40.5,
INV-51051,2026-09-24,C1089,Old Dominion Comfort Systems,C,R. Alvarez,HVA-1014,HVAC Equipment,2,1053.64,1315.51,1306.23,2612.46,
INV-51051,2026-09-24,C1089,Old Dominion Comfort Systems,C,R. Alvarez,LIG-1030,Lighting,12,127.4,188.87,189.75,2277.0,
INV-51052,2026-07-17,C1035,Chantilly Contracting,B,S. Evans,CON-1016,Conduit & Fittings,45,2.76,3.96,3.98,179.1,
INV-51052,2026-07-17,C1035,Chantilly Contracting,B,S. Evans,HVA-1005,HVAC Equipment,1,1913.09,2273.14,2287.61,2287.61,
INV-51052,2026-07-17,C1035,Chantilly Contracting,B,S. Evans,BRE-1004,Breakers & Panels,3,156.83,205.3,206.97,620.91,
INV-51052,2026-07-17,C1035,Chantilly Contracting,B,S. Evans,CON-1007,Conduit & Fittings,36,3.77,5.08,5.04,181.44,
INV-51052,2026-07-17,C1035,Chantilly Contracting,B,S. Evans,CON-1003,Conduit & Fittings,10,2.25,3.31,3.29,32.9,
INV-51052,2026-07-17,C1035,Chantilly Contracting,B,S. Evans,HVA-1023,HVAC Equipment,2,1062.71,1242.37,1230.54,2461.08,
INV-51053,2026-08-05,C1034,Cardinal Power Systems,B,K. Foster,HVA-1035,HVAC Parts,9,33.23,43.77,43.5,391.5,
INV-51053,2026-08-05,C1034,Cardinal Power Systems,B,K. Foster,WIR-1035,Wire & Cable,14,83.22,107.26,106.83,1495.62,
INV-51054,2026-08-16,C1014,Bull Run Heating & Air,A,S. Evans,LIG-1004,Lighting,5,64.29,78.95,78.45,392.25,
INV-51054,2026-08-16,C1014,Bull Run Heating & Air,A,S. Evans,HVA-1018,HVAC Equipment,3,798.66,872.34,868.91,2606.73,
INV-51054,2026-08-16,C1014,Bull Run Heating & Air,A,S. Evans,HVA-1017,HVAC Parts,4,13.44,17.18,17.34,69.36,
INV-51054,2026-08-16,C1014,Bull Run Heating & Air,A,S. Evans,HVA-1001,HVAC Parts,31,24.8,29.06,29.07,901.17,
INV-51054,2026-08-16,C1014,Bull Run Heating & Air,A,S. Evans,HVA-1005,HVAC Parts,1,90.38,105.84,102.32,102.32,MGR
INV-51055,2026-08-01,C1036,Chantilly Electric,B,R. Alvarez,WIR-1013,Wire & Cable,18,317.33,399.44,397.57,7156.26,
INV-51055,2026-08-01,C1036,Chantilly Electric,B,R. Alvarez,HVA-1027,HVAC Equipment,1,2166.2,2615.96,2615.09,2615.09,
INV-51055,2026-08-01,C1036,Chantilly Electric,B,R. Alvarez,HVA-1023,HVAC Parts,12,188.12,267.87,266.65,3199.8,
INV-51055,2026-08-01,C1036,Chantilly Electric,B,R. Alvarez,BRE-1034,Breakers & Panels,4,68.77,93.74,94.54,378.16,
INV-51056,2026-08-12,C1013,Bull Run HVAC Services,A,D. Brooks,HVA-1012,HVAC Parts,2,26.33,30.77,28.42,56.84,MGR
INV-51056,2026-08-12,C1013,Bull Run HVAC Services,A,D. Brooks,WIR-1006,Wire & Cable,8,223.99,245.66,248.0,1984.0,
INV-51056,2026-08-12,C1013,Bull Run HVAC Services,A,D. Brooks,BRE-1035,Breakers & Panels,22,97.51,118.92,107.58,2366.76,VERBAL
INV-51056,2026-08-12,C1013,Bull Run HVAC Services,A,D. Brooks,BRE-1024,Breakers & Panels,13,23.6,27.53,25.85,336.05,
INV-51056,2026-08-12,C1013,Bull Run HVAC Services,A,D. Brooks,WIR-1002,Wire & Cable,5,152.66,178.87,177.52,887.6,
INV-51056,2026-08-12,C1013,Bull Run HVAC Services,A,D. Brooks,HVA-1008,HVAC Equipment,1,913.36,995.01,991.08,991.08,
INV-51057,2026-07-14,C1060,Lorton Comfort Systems,C,M. Dunn,BRE-1023,Breakers & Panels,2,34.02,46.74,46.53,93.06,
INV-51057,2026-07-14,C1060,Lorton Comfort Systems,C,M. Dunn,HVA-1034,HVAC Parts,11,21.98,32.25,32.16,353.76,
INV-51057,2026-07-14,C1060,Lorton Comfort Systems,C,M. Dunn,HVA-1010,HVAC Equipment,2,1378.41,1748.24,1746.19,3492.38,
INV-51057,2026-07-14,C1060,Lorton Comfort Systems,C,M. Dunn,CON-1021,Conduit & Fittings,48,8.73,13.95,14.05,674.4,
INV-51058,2026-09-05,C1042,Chantilly Power Systems,B,T. Chen,HVA-1006,HVAC Parts,10,55.33,75.07,75.04,750.4,
INV-51058,2026-09-05,C1042,Chantilly Power Systems,B,T. Chen,HVA-1025,HVAC Equipment,4,435.7,521.87,519.58,2078.32,
INV-51058,2026-09-05,C1042,Chantilly Power Systems,B,T. Chen,HVA-1030,HVAC Equipment,1,1433.65,1692.99,1695.9,1695.9,
INV-51058,2026-09-05,C1042,Chantilly Power Systems,B,T. Chen,CON-1011,Conduit & Fittings,68,4.24,5.92,5.94,403.92,
INV-51059,2026-08-03,C1002,Blue Ridge Comfort Systems,A,S. Evans,BRE-1035,Breakers & Panels,6,97.51,118.92,107.97,647.82,
INV-51059,2026-08-03,C1002,Blue Ridge Comfort Systems,A,S. Evans,BRE-1013,Breakers & Panels,7,205.1,259.53,258.35,1808.45,
INV-51059,2026-08-03,C1002,Blue Ridge Comfort Systems,A,S. Evans,WIR-1001,Wire & Cable,34,67.02,73.7,74.24,2524.16,
INV-51059,2026-08-03,C1002,Blue Ridge Comfort Systems,A,S. Evans,LIG-1002,Lighting,3,81.88,108.3,108.68,326.04,
INV-51060,2026-09-24,C1108,Ridgeline Comfort Systems,C,S. Evans,LIG-1034,Lighting,3,44.13,63.04,62.74,188.22,
INV-51060,2026-09-24,C1108,Ridgeline Comfort Systems,C,S. Evans,BRE-1002,Breakers & Panels,7,117.95,172.57,171.24,1198.68,
INV-51060,2026-09-24,C1108,Ridgeline Comfort Systems,C,S. Evans,WIR-1003,Wire & Cable,21,52.37,69.83,69.55,1460.55,
INV-51061,2026-08-31,C1046,Dulles Electrical Co.,B,K. Foster,LIG-1000,Lighting,24,11.27,15.11,15.06,361.44,
INV-51061,2026-08-31,C1046,Dulles Electrical Co.,B,K. Foster,HVA-1002,HVAC Equipment,1,1734.3,2032.02,2035.89,2035.89,
INV-51062,2026-06-29,C1105,Reston Heating & Air,C,K. Foster,HVA-1025,HVAC Parts,4,66.1,101.77,100.82,403.28,
INV-51062,2026-06-29,C1105,Reston Heating & Air,C,K. Foster,HVA-1032,HVAC Equipment,4,850.39,1090.87,1099.41,4397.64,
INV-51062,2026-06-29,C1105,Reston Heating & Air,C,K. Foster,CON-1023,Conduit & Fittings,11,53.8,79.63,79.73,877.03,
INV-51062,2026-06-29,C1105,Reston Heating & Air,C,K. Foster,HVA-1030,HVAC Parts,1,7.81,11.67,11.58,11.58,
INV-51062,2026-06-29,C1105,Reston Heating & Air,C,K. Foster,BRE-1016,Breakers & Panels,16,22.89,32.45,32.59,521.44,
INV-51062,2026-06-29,C1105,Reston Heating & Air,C,K. Foster,LIG-1013,Lighting,7,9.5,13.96,14.05,98.35,
INV-51063,2026-09-12,C1021,Burke HVAC Services,B,M. Dunn,LIG-1024,Lighting,2,41.61,56.47,56.63,113.26,
INV-51063,2026-09-12,C1021,Burke HVAC Services,B,M. Dunn,BRE-1011,Breakers & Panels,4,108.7,147.58,147.82,591.28,
INV-51063,2026-09-12,C1021,Burke HVAC Services,B,M. Dunn,CON-1006,Conduit & Fittings,74,6.73,9.5,9.41,696.34,
INV-51063,2026-09-12,C1021,Burke HVAC Services,B,M. Dunn,LIG-1006,Lighting,5,17.96,25.81,25.95,129.75,
INV-51064,2026-08-23,C1090,Old Dominion Electric,C,K. Foster,WIR-1007,Wire & Cable,10,157.76,213.74,212.47,2124.7,
INV-51064,2026-08-23,C1090,Old Dominion Electric,C,K. Foster,LIG-1003,Lighting,9,183.14,285.01,282.29,2540.61,
INV-51064,2026-08-23,C1090,Old Dominion Electric,C,K. Foster,HVA-1010,HVAC Equipment,1,1378.41,1748.24,1759.85,1759.85,
INV-51064,2026-08-23,C1090,Old Dominion Electric,C,K. Foster,WIR-1030,Wire & Cable,1,123.15,164.76,165.3,165.3,
INV-51064,2026-08-23,C1090,Old Dominion Electric,C,K. Foster,HVA-1034,HVAC Parts,13,21.98,32.25,32.42,421.46,
INV-51064,2026-08-23,C1090,Old Dominion Electric,C,K. Foster,LIG-1028,Lighting,11,42.41,63.05,63.0,693.0,
INV-51065,2026-07-25,C1031,Cardinal Comfort Systems,B,T. Chen,LIG-1011,Lighting,3,19.03,27.22,27.48,82.44,
INV-51065,2026-07-25,C1031,Cardinal Comfort Systems,B,T. Chen,WIR-1017,Wire & Cable,3,51.35,65.17,65.82,197.46,
INV-51065,2026-07-25,C1031,Cardinal Comfort Systems,B,T. Chen,WIR-1032,Wire & Cable,13,294.58,367.28,369.58,4804.54,
INV-51066,2026-09-22,C1063,Lorton HVAC Services,C,D. Brooks,LIG-1029,Lighting,5,98.21,142.11,142.86,714.3,
INV-51066,2026-09-22,C1063,Lorton HVAC Services,C,D. Brooks,CON-1007,Conduit & Fittings,4,3.77,5.48,5.52,22.08,
INV-51067,2026-07-23,C1039,Chantilly HVAC Services,B,R. Alvarez,LIG-1024,Lighting,2,41.61,56.47,56.75,113.5,
INV-51067,2026-07-23,C1039,Chantilly HVAC Services,B,R. Alvarez,LIG-1006,Lighting,14,17.96,25.81,25.79,361.06,
INV-51068,2026-09-21,C1099,Reston Comfort Systems,C,K. Foster,HVA-1026,HVAC Parts,7,7.14,9.99,9.94,69.58,
INV-51068,2026-09-21,C1099,Reston Comfort Systems,C,K. Foster,LIG-1009,Lighting,16,103.74,149.84,148.47,2375.52,
INV-51068,2026-09-21,C1099,Reston Comfort Systems,C,K. Foster,WIR-1032,Wire & Cable,5,294.58,396.49,399.42,1997.1,
INV-51068,2026-09-21,C1099,Reston Comfort Systems,C,K. Foster,LIG-1009,Lighting,70,103.74,149.84,151.3,10591.0,
INV-51068,2026-09-21,C1099,Reston Comfort Systems,C,K. Foster,HVA-1013,HVAC Equipment,1,1860.42,2392.65,2380.58,2380.58,
INV-51069,2026-08-16,C1110,Ridgeline Energy Group,C,M. Dunn,WIR-1017,Wire & Cable,1,51.35,70.36,70.87,70.87,
INV-51069,2026-08-16,C1110,Ridgeline Energy Group,C,M. Dunn,CON-1023,Conduit & Fittings,33,53.8,79.63,80.36,2651.88,
INV-51069,2026-08-16,C1110,Ridgeline Energy Group,C,M. Dunn,HVA-1004,HVAC Parts,2,16.08,23.33,23.26,46.52,
INV-51069,2026-08-16,C1110,Ridgeline Energy Group,C,M. Dunn,WIR-1001,Wire & Cable,5,67.02,87.51,87.32,436.6,
INV-51069,2026-08-16,C1110,Ridgeline Energy Group,C,M. Dunn,LIG-1022,Lighting,10,13.9,20.08,19.99,199.9,
INV-51069,2026-08-16,C1110,Ridgeline Energy Group,C,M. Dunn,CON-1006,Conduit & Fittings,7,6.73,10.26,10.18,71.26,
INV-51070,2026-08-09,C1009,Bull Run Contracting,A,M. Dunn,HVA-1016,HVAC Parts,9,11.14,14.34,14.37,129.33,
INV-51070,2026-08-09,C1009,Bull Run Contracting,A,M. Dunn,HVA-1026,HVAC Equipment,1,478.34,534.55,537.61,537.61,
INV-51071,2026-09-26,C1002,Blue Ridge Comfort Systems,A,S. Evans,HVA-1023,HVAC Equipment,2,1062.71,1129.42,1118.6,2237.2,
INV-51071,2026-09-26,C1002,Blue Ridge Comfort Systems,A,S. Evans,HVA-1024,HVAC Parts,27,167.27,216.78,214.81,5799.87,
INV-51071,2026-09-26,C1002,Blue Ridge Comfort Systems,A,S. Evans,BRE-1025,Breakers & Panels,23,164.87,195.19,178.25,4099.75,
INV-51071,2026-09-26,C1002,Blue Ridge Comfort Systems,A,S. Evans,LIG-1028,Lighting,9,42.41,53.1,53.4,480.6,
INV-51071,2026-09-26,C1002,Blue Ridge Comfort Systems,A,S. Evans,HVA-1002,HVAC Equipment,1,1734.3,1847.29,1863.67,1863.67,
INV-51072,2026-08-19,C1046,Dulles Electrical Co.,B,K. Foster,LIG-1016,Lighting,7,90.5,121.68,122.2,855.4,
INV-51072,2026-08-19,C1046,Dulles Electrical Co.,B,K. Foster,LIG-1021,Lighting,3,183.41,262.94,261.6,784.8,
INV-51072,2026-08-19,C1046,Dulles Electrical Co.,B,K. Foster,WIR-1012,Wire & Cable,4,133.61,163.27,162.59,650.36,
INV-51072,2026-08-19,C1046,Dulles Electrical Co.,B,K. Foster,WIR-1025,Wire & Cable,2,108.67,137.62,137.25,274.5,
INV-51072,2026-08-19,C1046,Dulles Electrical Co.,B,K. Foster,CON-1012,Conduit & Fittings,4,12.67,17.91,18.06,72.24,
INV-51073,2026-09-04,C1019,Burke Electrical Co.,B,K. Foster,HVA-1021,HVAC Parts,10,221.97,306.92,304.42,3044.2,
INV-51073,2026-09-04,C1019,Burke Electrical Co.,B,K. Foster,HVA-1022,HVAC Equipment,1,465.16,537.74,542.16,542.16,
INV-51073,2026-09-04,C1019,Burke Electrical Co.,B,K. Foster,WIR-1024,Wire & Cable,8,274.36,350.42,351.86,2814.88,
INV-51074,2026-07-27,C1046,Dulles Electrical Co.,B,K. Foster,HVA-1003,HVAC Parts,3,14.6,19.81,19.94,59.82,
INV-51074,2026-07-27,C1046,Dulles Electrical Co.,B,K. Foster,LIG-1009,Lighting,10,103.74,138.8,138.48,1384.8,
INV-51074,2026-07-27,C1046,Dulles Electrical Co.,B,K. Foster,BRE-1013,Breakers & Panels,5,205.1,285.48,285.54,1427.7,
INV-51075,2026-08-18,C1013,Bull Run HVAC Services,A,D. Brooks,BRE-1011,Breakers & Panels,5,108.7,134.17,125.0,625.0,
INV-51075,2026-08-18,C1013,Bull Run HVAC Services,A,D. Brooks,LIG-1011,Lighting,31,19.03,24.74,24.91,772.21,
INV-51075,2026-08-18,C1013,Bull Run HVAC Services,A,D. Brooks,CON-1011,Conduit & Fittings,54,4.24,5.38,5.36,289.44,
INV-51075,2026-08-18,C1013,Bull Run HVAC Services,A,D. Brooks,HVA-1000,HVAC Parts,4,6.37,8.23,8.22,32.88,
INV-51076,2026-08-03,C1006,Blue Ridge Heating & Air,A,M. Dunn,CON-1022,Conduit & Fittings,40,3.57,4.46,4.47,178.8,
INV-51076,2026-08-03,C1006,Blue Ridge Heating & Air,A,M. Dunn,LIG-1008,Lighting,6,37.77,44.8,45.23,271.38,
INV-51076,2026-08-03,C1006,Blue Ridge Heating & Air,A,M. Dunn,LIG-1028,Lighting,3,42.41,53.1,52.96,158.88,
INV-51076,2026-08-03,C1006,Blue Ridge Heating & Air,A,M. Dunn,LIG-1029,Lighting,56,98.21,119.67,120.74,6761.44,
INV-51076,2026-08-03,C1006,Blue Ridge Heating & Air,A,M. Dunn,CON-1013,Conduit & Fittings,20,25.39,31.43,31.65,633.0,
INV-51076,2026-08-03,C1006,Blue Ridge Heating & Air,A,M. Dunn,CON-1034,Conduit & Fittings,9,17.7,22.0,21.83,196.47,
INV-51077,2026-09-17,C1050,Fairfax Comfort Systems,B,R. Alvarez,HVA-1008,HVAC Parts,12,23.36,30.69,30.42,365.04,
INV-51077,2026-09-17,C1050,Fairfax Comfort Systems,B,R. Alvarez,CON-1003,Conduit & Fittings,14,2.25,3.31,3.31,46.34,
INV-51077,2026-09-17,C1050,Fairfax Comfort Systems,B,R. Alvarez,HVA-1007,HVAC Equipment,5,1114.79,1370.94,1370.82,6854.1,
INV-51078,2026-08-03,C1083,Occoquan Electric,C,M. Dunn,CON-1015,Conduit & Fittings,4,2.29,3.31,3.34,13.36,
INV-51078,2026-08-03,C1083,Occoquan Electric,C,M. Dunn,WIR-1031,Wire & Cable,7,333.43,461.37,464.9,3254.3,
INV-51078,2026-08-03,C1083,Occoquan Electric,C,M. Dunn,BRE-1010,Breakers & Panels,2,41.23,56.56,56.54,113.08,
INV-51079,2026-07-07,C1020,Burke Energy Group,B,S. Evans,LIG-1011,Lighting,13,19.03,27.22,27.11,352.43,
INV-51079,2026-07-07,C1020,Burke Energy Group,B,S. Evans,LIG-1022,Lighting,10,13.9,18.6,18.5,185.0,
INV-51079,2026-07-07,C1020,Burke Energy Group,B,S. Evans,HVA-1028,HVAC Equipment,1,685.83,813.91,808.83,808.83,
INV-51080,2026-09-14,C1092,Old Dominion Power Systems,C,R. Alvarez,LIG-1027,Lighting,13,15.54,23.09,23.13,300.69,
INV-51080,2026-09-14,C1092,Old Dominion Power Systems,C,R. Alvarez,CON-1035,Conduit & Fittings,17,50.27,81.87,81.92,1392.64,
INV-51081,2026-09-12,C1080,Mason Heating & Air,C,K. Foster,CON-1030,Conduit & Fittings,23,42.26,66.71,66.81,1536.63,
INV-51081,2026-09-12,C1080,Mason Heating & Air,C,K. Foster,HVA-1030,HVAC Parts,2,7.81,11.67,11.62,23.24,
INV-51082,2026-08-31,C1053,Fairfax Power Systems,C,M. Dunn,HVA-1027,HVAC Equipment,1,2166.2,2824.05,2811.27,2811.27,
INV-51082,2026-08-31,C1053,Fairfax Power Systems,C,M. Dunn,HVA-1011,HVAC Equipment,1,620.35,806.71,803.0,803.0,
INV-51082,2026-08-31,C1053,Fairfax Power Systems,C,M. Dunn,HVA-1000,HVAC Parts,5,6.37,9.78,9.85,49.25,
INV-51083,2026-08-12,C1011,Bull Run Electrical Co.,A,D. Brooks,LIG-1013,Lighting,21,9.5,11.76,11.7,245.7,
INV-51083,2026-08-12,C1011,Bull Run Electrical Co.,A,D. Brooks,HVA-1028,HVAC Parts,12,6.16,7.68,7.71,92.52,
INV-51083,2026-08-12,C1011,Bull Run Electrical Co.,A,D. Brooks,CON-1018,Conduit & Fittings,105,4.8,6.39,6.36,667.8,
INV-51083,2026-08-12,C1011,Bull Run Electrical Co.,A,D. Brooks,CON-1010,Conduit & Fittings,37,12.81,15.62,15.5,573.5,
INV-51084,2026-07-04,C1010,Bull Run Electric,A,K. Foster,WIR-1017,Wire & Cable,7,51.35,59.25,59.43,416.01,
INV-51084,2026-07-04,C1010,Bull Run Electric,A,K. Foster,HVA-1029,HVAC Parts,4,7.05,9.1,9.11,36.44,
INV-51084,2026-07-04,C1010,Bull Run Electric,A,K. Foster,WIR-1006,Wire & Cable,2,223.99,245.66,244.87,489.74,
INV-51084,2026-07-04,C1010,Bull Run Electric,A,K. Foster,WIR-1023,Wire & Cable,10,47.27,54.11,53.91,539.1,
INV-51085,2026-09-25,C1011,Bull Run Electrical Co.,A,D. Brooks,HVA-1026,HVAC Equipment,1,478.34,534.55,539.41,539.41,
INV-51085,2026-09-25,C1011,Bull Run Electrical Co.,A,D. Brooks,CON-1005,Conduit & Fittings,46,4.97,6.45,6.42,295.32,
INV-51086,2026-08-14,C1026,Capitol Comfort Systems,B,R. Alvarez,CON-1028,Conduit & Fittings,9,8.95,13.44,13.45,121.05,
INV-51086,2026-08-14,C1026,Capitol Comfort Systems,B,R. Alvarez,CON-1022,Conduit & Fittings,8,3.57,4.9,4.86,38.88,
INV-51086,2026-08-14,C1026,Capitol Comfort Systems,B,R. Alvarez,LIG-1001,Lighting,12,30.22,40.13,40.0,480.0,
INV-51087,2026-07-30,C1024,Burke Power Systems,B,D. Brooks,WIR-1034,Wire & Cable,3,60.49,77.3,77.68,233.04,
INV-51087,2026-07-30,C1024,Burke Power Systems,B,D. Brooks,CON-1017,Conduit & Fittings,8,21.97,32.43,30.38,243.04,VERBAL
INV-51088,2026-08-08,C1039,Chantilly HVAC Services,B,R. Alvarez,LIG-1021,Lighting,3,183.41,262.94,260.99,782.97,
INV-51088,2026-08-08,C1039,Chantilly HVAC Services,B,R. Alvarez,HVA-1012,HVAC Parts,2,26.33,33.84,33.55,67.1,
INV-51088,2026-08-08,C1039,Chantilly HVAC Services,B,R. Alvarez,HVA-1022,HVAC Equipment,3,465.16,537.74,533.91,1601.73,
INV-51088,2026-08-08,C1039,Chantilly HVAC Services,B,R. Alvarez,HVA-1024,HVAC Equipment,2,2463.08,2981.22,2975.11,5950.22,
INV-51089,2026-07-06,C1023,Burke Mechanical,B,D. Brooks,LIG-1014,Lighting,8,9.82,13.85,13.93,111.44,
INV-51089,2026-07-06,C1023,Burke Mechanical,B,D. Brooks,CON-1017,Conduit & Fittings,27,21.97,32.43,32.72,883.44,
INV-51089,2026-07-06,C1023,Burke Mechanical,B,D. Brooks,WIR-1004,Wire & Cable,9,134.3,166.8,166.37,1497.33,
INV-51089,2026-07-06,C1023,Burke Mechanical,B,D. Brooks,WIR-1005,Wire & Cable,3,392.51,480.62,483.49,1450.47,
INV-51090,2026-07-20,C1031,Cardinal Comfort Systems,B,T. Chen,BRE-1027,Breakers & Panels,20,48.96,63.82,63.56,1271.2,
INV-51090,2026-07-20,C1031,Cardinal Comfort Systems,B,T. Chen,HVA-1009,HVAC Parts,6,7.94,10.38,10.33,61.98,
INV-51090,2026-07-20,C1031,Cardinal Comfort Systems,B,T. Chen,BRE-1034,Breakers & Panels,15,68.77,93.74,93.68,1405.2,
INV-51090,2026-07-20,C1031,Cardinal Comfort Systems,B,T. Chen,BRE-1018,Breakers & Panels,1,111.4,141.4,142.66,142.66,
INV-51091,2026-07-17,C1006,Blue Ridge Heating & Air,A,M. Dunn,HVA-1010,HVAC Equipment,1,1378.41,1472.2,1475.65,1475.65,
INV-51091,2026-07-17,C1006,Blue Ridge Heating & Air,A,M. Dunn,WIR-1000,Wire & Cable,1,216.1,243.5,241.82,241.82,
INV-51091,2026-07-17,C1006,Blue Ridge Heating & Air,A,M. Dunn,HVA-1018,HVAC Parts,3,116.07,143.82,143.27,429.81,
INV-51091,2026-07-17,C1006,Blue Ridge Heating & Air,A,M. Dunn,HVA-1016,HVAC Parts,7,11.14,14.34,14.34,100.38,
INV-51091,2026-07-17,C1006,Blue Ridge Heating & Air,A,M. Dunn,BRE-1032,Breakers & Panels,3,49.92,61.18,61.52,184.56,
INV-51092,2026-09-22,C1110,Ridgeline Energy Group,C,M. Dunn,BRE-1019,Breakers & Panels,18,66.96,93.98,93.14,1676.52,
INV-51092,2026-09-22,C1110,Ridgeline Energy Group,C,M. Dunn,CON-1034,Conduit & Fittings,16,17.7,26.12,25.96,415.36,
INV-51092,2026-09-22,C1110,Ridgeline Energy Group,C,M. Dunn,LIG-1010,Lighting,9,87.43,125.52,125.31,1127.79,
INV-51092,2026-09-22,C1110,Ridgeline Energy Group,C,M. Dunn,LIG-1015,Lighting,7,64.96,98.44,99.03,693.21,
INV-51092,2026-09-22,C1110,Ridgeline Energy Group,C,M. Dunn,WIR-1015,Wire & Cable,4,35.17,47.22,47.54,190.16,
INV-51092,2026-09-22,C1110,Ridgeline Energy Group,C,M. Dunn,WIR-1035,Wire & Cable,10,83.22,115.8,115.44,1154.4,
INV-51093,2026-08-13,C1021,Burke HVAC Services,B,M. Dunn,CON-1030,Conduit & Fittings,7,42.26,61.79,61.9,433.3,
INV-51093,2026-08-13,C1021,Burke HVAC Services,B,M. Dunn,LIG-1010,Lighting,6,87.43,116.27,116.59,699.54,
INV-51093,2026-08-13,C1021,Burke HVAC Services,B,M. Dunn,HVA-1008,HVAC Equipment,2,913.36,1094.51,1092.56,2185.12,
INV-51093,2026-08-13,C1021,Burke HVAC Services,B,M. Dunn,LIG-1019,Lighting,9,22.4,30.18,30.46,274.14,
INV-51094,2026-09-19,C1070,Manassas Building Services,C,M. Dunn,HVA-1020,HVAC Equipment,5,953.96,1184.88,1191.98,5959.9,
INV-51094,2026-09-19,C1070,Manassas Building Services,C,M. Dunn,LIG-1033,Lighting,2,27.69,41.64,41.29,82.58,
INV-51095,2026-08-22,C1007,Bull Run Building Services,A,M. Dunn,LIG-1000,Lighting,29,11.27,13.74,13.87,402.23,
INV-51095,2026-08-22,C1007,Bull Run Building Services,A,M. Dunn,BRE-1017,Breakers & Panels,6,33.16,42.02,42.43,254.58,
INV-51095,2026-08-22,C1007,Bull Run Building Services,A,M. Dunn,BRE-1008,Breakers & Panels,4,67.45,78.7,78.28,313.12,
INV-51095,2026-08-22,C1007,Bull Run Building Services,A,M. Dunn,LIG-1009,Lighting,7,103.74,126.18,125.27,876.89,
INV-51095,2026-08-22,C1007,Bull Run Building Services,A,M. Dunn,WIR-1032,Wire & Cable,14,294.58,333.89,335.8,4701.2,
INV-51095,2026-08-22,C1007,Bull Run Building Services,A,M. Dunn,BRE-1018,Breakers & Panels,1,111.4,128.54,129.23,129.23,
INV-51096,2026-09-20,C1043,Dulles Building Services,B,T. Chen,HVA-1004,HVAC Equipment,9,1034.98,1265.17,1255.16,11296.44,
INV-51096,2026-09-20,C1043,Dulles Building Services,B,T. Chen,BRE-1015,Breakers & Panels,4,93.54,125.32,124.53,498.12,
INV-51096,2026-09-20,C1043,Dulles Building Services,B,T. Chen,WIR-1005,Wire & Cable,7,392.51,480.62,477.8,3344.6,
INV-51096,2026-09-20,C1043,Dulles Building Services,B,T. Chen,HVA-1014,HVAC Parts,4,114.93,156.02,150.69,602.76,MGR
INV-51096,2026-09-20,C1043,Dulles Building Services,B,T. Chen,BRE-1021,Breakers & Panels,12,42.96,58.97,59.31,711.72,
INV-51096,2026-09-20,C1043,Dulles Building Services,B,T. Chen,CON-1018,Conduit & Fittings,10,4.8,7.03,7.02,70.2,
INV-51097,2026-08-21,C1050,Fairfax Comfort Systems,B,R. Alvarez,HVA-1002,HVAC Equipment,1,1734.3,2032.02,2051.41,2051.41,
INV-51097,2026-08-21,C1050,Fairfax Comfort Systems,B,R. Alvarez,LIG-1014,Lighting,19,9.82,13.85,13.8,262.2,
INV-51097,2026-08-21,C1050,Fairfax Comfort Systems,B,R. Alvarez,LIG-1013,Lighting,4,9.5,12.94,12.96,51.84,
INV-51097,2026-08-21,C1050,Fairfax Comfort Systems,B,R. Alvarez,CON-1035,Conduit & Fittings,8,50.27,75.84,75.34,602.72,
INV-51097,2026-08-21,C1050,Fairfax Comfort Systems,B,R. Alvarez,HVA-1002,HVAC Equipment,3,1734.3,2032.02,2016.5,6049.5,
INV-51098,2026-08-03,C1033,Cardinal HVAC Services,B,D. Brooks,BRE-1005,Breakers & Panels,26,159.52,211.48,200.22,5205.72,
INV-51098,2026-08-03,C1033,Cardinal HVAC Services,B,D. Brooks,CON-1030,Conduit & Fittings,19,42.26,61.79,62.11,1180.09,
INV-51098,2026-08-03,C1033,Cardinal HVAC Services,B,D. Brooks,WIR-1022,Wire & Cable,36,83.06,108.21,107.17,3858.12,
INV-51098,2026-08-03,C1033,Cardinal HVAC Services,B,D. Brooks,WIR-1020,Wire & Cable,4,212.93,264.99,266.39,1065.56,
INV-51099,2026-07-26,C1015,Bull Run Power Systems,A,R. Alvarez,CON-1028,Conduit & Fittings,62,8.95,12.22,12.23,758.26,
INV-51099,2026-07-26,C1015,Bull Run Power Systems,A,R. Alvarez,CON-1029,Conduit & Fittings,10,15.74,19.34,19.5,195.0,
INV-51099,2026-07-26,C1015,Bull Run Power Systems,A,R. Alvarez,CON-1034,Conduit & Fittings,48,17.7,22.0,21.84,1048.32,
INV-51099,2026-07-26,C1015,Bull Run Power Systems,A,R. Alvarez,BRE-1014,Breakers & Panels,3,162.58,206.71,205.61,616.83,
INV-51100,2026-09-19,C1077,Manassas Heating & Air,C,T. Chen,BRE-1014,Breakers & Panels,6,162.58,245.47,247.16,1482.96,
INV-51100,2026-09-19,C1077,Manassas Heating & Air,C,T. Chen,HVA-1021,HVAC Equipment,1,2137.62,2675.49,2674.32,2674.32,
INV-51100,2026-09-19,C1077,Manassas Heating & Air,C,T. Chen,WIR-1023,Wire & Cable,13,47.27,64.26,63.98,831.74,
INV-51100,2026-09-19,C1077,Manassas Heating & Air,C,T. Chen,HVA-1000,HVAC Equipment,1,402.96,535.02,539.39,539.39,
INV-51100,2026-09-19,C1077,Manassas Heating & Air,C,T. Chen,LIG-1032,Lighting,15,22.45,35.3,35.38,530.7,
INV-51101,2026-07-11,C1037,Chantilly Electrical Co.,B,D. Brooks,HVA-1014,HVAC Equipment,1,1053.64,1218.58,1137.03,1137.03,MGR
INV-51101,2026-07-11,C1037,Chantilly Electrical Co.,B,D. Brooks,BRE-1025,Breakers & Panels,6,164.87,214.71,214.85,1289.1,
INV-51102,2026-09-05,C1040,Chantilly Heating & Air,B,K. Foster,HVA-1024,HVAC Equipment,1,2463.08,2981.22,2965.43,2965.43,
INV-51102,2026-09-05,C1040,Chantilly Heating & Air,B,K. Foster,BRE-1003,Breakers & Panels,6,17.77,23.14,23.28,139.68,
INV-51102,2026-09-05,C1040,Chantilly Heating & Air,B,K. Foster,HVA-1023,HVAC Parts,3,188.12,267.87,268.65,805.95,
INV-51102,2026-09-05,C1040,Chantilly Heating & Air,B,K. Foster,HVA-1001,HVAC Equipment,1,1321.74,1618.86,1608.84,1608.84,
INV-51103,2026-07-30,C1034,Cardinal Power Systems,B,K. Foster,BRE-1010,Breakers & Panels,5,41.23,52.4,52.87,264.35,
INV-51103,2026-07-30,C1034,Cardinal Power Systems,B,K. Foster,BRE-1019,Breakers & Panels,3,66.96,87.06,86.69,260.07,
INV-51103,2026-07-30,C1034,Cardinal Power Systems,B,K. Foster,HVA-1025,HVAC Equipment,1,435.7,521.87,524.06,524.06,
INV-51104,2026-08-27,C1107,Reston Power Systems,C,T. Chen,CON-1017,Conduit & Fittings,15,21.97,35.01,35.33,529.95,
INV-51104,2026-08-27,C1107,Reston Power Systems,C,T. Chen,HVA-1008,HVAC Parts,10,23.36,33.13,33.31,333.1,
INV-51104,2026-08-27,C1107,Reston Power Systems,C,T. Chen,LIG-1025,Lighting,2,11.2,16.83,16.72,33.44,
INV-51105,2026-07-16,C1004,Blue Ridge Electrical Co.,A,T. Chen,BRE-1000,Breakers & Panels,6,42.31,52.94,52.81,316.86,
INV-51105,2026-07-16,C1004,Blue Ridge Electrical Co.,A,T. Chen,HVA-1003,HVAC Parts,2,14.6,18.01,17.22,34.44,MGR
INV-51106,2026-07-15,C1013,Bull Run HVAC Services,A,D. Brooks,HVA-1031,HVAC Parts,6,45.05,55.73,56.02,336.12,
INV-51106,2026-07-15,C1013,Bull Run HVAC Services,A,D. Brooks,WIR-1027,Wire & Cable,1,43.54,49.74,49.38,49.38,
INV-51107,2026-08-08,C1008,Bull Run Comfort Systems,A,D. Brooks,HVA-1032,HVAC Equipment,2,850.39,918.62,920.74,1841.48,
INV-51107,2026-08-08,C1008,Bull Run Comfort Systems,A,D. Brooks,HVA-1000,HVAC Equipment,1,402.96,450.54,454.75,454.75,
INV-51107,2026-08-08,C1008,Bull Run Comfort Systems,A,D. Brooks,WIR-1030,Wire & Cable,7,123.15,138.74,137.58,963.06,
INV-51107,2026-08-08,C1008,Bull Run Comfort Systems,A,D. Brooks,HVA-1009,HVAC Equipment,2,1188.73,1325.22,1315.98,2631.96,
INV-51107,2026-08-08,C1008,Bull Run Comfort Systems,A,D. Brooks,HVA-1010,HVAC Parts,3,26.77,31.62,31.5,94.5,
INV-51107,2026-08-08,C1008,Bull Run Comfort Systems,A,D. Brooks,CON-1032,Conduit & Fittings,11,22.74,29.79,29.68,326.48,
INV-51108,2026-09-07,C1038,Chantilly Energy Group,B,S. Evans,HVA-1034,HVAC Parts,5,21.98,29.88,29.89,149.45,
INV-51108,2026-09-07,C1038,Chantilly Energy Group,B,S. Evans,WIR-1020,Wire & Cable,17,212.93,264.99,265.35,4510.95,
INV-51109,2026-09-01,C1041,Chantilly Mechanical,B,S. Evans,HVA-1001,HVAC Parts,4,24.8,31.97,31.69,126.76,
INV-51109,2026-09-01,C1041,Chantilly Mechanical,B,S. Evans,BRE-1029,Breakers & Panels,14,100.96,135.16,122.29,1712.06,
INV-51109,2026-09-01,C1041,Chantilly Mechanical,B,S. Evans,WIR-1012,Wire & Cable,10,133.61,163.27,163.41,1634.1,
INV-51110,2026-07-25,C1064,Lorton Power Systems,C,S. Evans,CON-1013,Conduit & Fittings,12,25.39,37.33,37.44,449.28,
INV-51110,2026-07-25,C1064,Lorton Power Systems,C,S. Evans,CON-1017,Conduit & Fittings,38,21.97,35.01,35.02,1330.76,
INV-51111,2026-07-19,C1109,Ridgeline Electric,C,R. Alvarez,BRE-1027,Breakers & Panels,7,48.96,68.89,69.34,485.38,
INV-51111,2026-07-19,C1109,Ridgeline Electric,C,R. Alvarez,BRE-1017,Breakers & Panels,2,33.16,49.9,50.16,100.32,
INV-51112,2026-07-15,C1010,Bull Run Electric,A,K. Foster,HVA-1035,HVAC Equipment,2,1183.06,1277.44,1271.77,2543.54,
INV-51112,2026-07-15,C1010,Bull Run Electric,A,K. Foster,BRE-1032,Breakers & Panels,7,49.92,61.18,61.2,428.4,
INV-51112,2026-07-15,C1010,Bull Run Electric,A,K. Foster,HVA-1026,HVAC Equipment,2,478.34,534.55,529.93,1059.86,
INV-51112,2026-07-15,C1010,Bull Run Electric,A,K. Foster,BRE-1014,Breakers & Panels,3,162.58,206.71,205.57,616.71,
INV-51113,2026-09-18,C1043,Dulles Building Services,B,T. Chen,BRE-1017,Breakers & Panels,4,33.16,46.23,46.07,184.28,
INV-51113,2026-09-18,C1043,Dulles Building Services,B,T. Chen,HVA-1025,HVAC Equipment,13,435.7,521.87,498.53,6480.89,MGR
INV-51113,2026-09-18,C1043,Dulles Building Services,B,T. Chen,CON-1000,Conduit & Fittings,4,23.85,32.38,32.63,130.52,
INV-51114,2026-09-19,C1004,Blue Ridge Electrical Co.,A,T. Chen,LIG-1031,Lighting,9,46.98,61.06,61.67,555.03,
INV-51114,2026-09-19,C1004,Blue Ridge Electrical Co.,A,T. Chen,CON-1027,Conduit & Fittings,40,53.89,70.66,70.98,2839.2,
INV-51114,2026-09-19,C1004,Blue Ridge Electrical Co.,A,T. Chen,LIG-1011,Lighting,5,19.03,24.74,24.54,122.7,
INV-51114,2026-09-19,C1004,Blue Ridge Electrical Co.,A,T. Chen,HVA-1033,HVAC Parts,5,37.29,43.79,43.8,219.0,
INV-51115,2026-08-14,C1003,Blue Ridge Electric,A,D. Brooks,LIG-1028,Lighting,16,42.41,53.1,53.61,857.76,
INV-51115,2026-08-14,C1003,Blue Ridge Electric,A,D. Brooks,WIR-1028,Wire & Cable,2,76.0,88.78,80.48,160.96,
INV-51115,2026-08-14,C1003,Blue Ridge Electric,A,D. Brooks,HVA-1000,HVAC Parts,3,6.37,8.23,8.25,24.75,
INV-51116,2026-09-08,C1032,Cardinal Energy Group,B,T. Chen,HVA-1029,HVAC Parts,5,7.05,10.01,10.1,50.5,
INV-51116,2026-09-08,C1032,Cardinal Energy Group,B,T. Chen,CON-1017,Conduit & Fittings,6,21.97,32.43,32.18,193.08,
INV-51116,2026-09-08,C1032,Cardinal Energy Group,B,T. Chen,HVA-1031,HVAC Parts,13,45.05,61.3,61.7,802.1,
INV-51117,2026-08-03,C1013,Bull Run HVAC Services,A,D. Brooks,LIG-1017,Lighting,14,36.9,44.1,44.46,622.44,
INV-51117,2026-08-03,C1013,Bull Run HVAC Services,A,D. Brooks,CON-1018,Conduit & Fittings,25,4.8,6.39,6.4,160.0,
INV-51118,2026-09-09,C1018,Burke Electric,B,S. Evans,LIG-1015,Lighting,3,64.96,91.19,90.81,272.43,
INV-51118,2026-09-09,C1018,Burke Electric,B,S. Evans,CON-1024,Conduit & Fittings,46,3.43,5.18,5.17,237.82,
INV-51118,2026-09-09,C1018,Burke Electric,B,S. Evans,CON-1017,Conduit & Fittings,24,21.97,32.43,32.52,780.48,
INV-51119,2026-08-14,C1005,Blue Ridge Energy Group,A,M. Dunn,HVA-1017,HVAC Equipment,1,2240.25,2432.9,2456.36,2456.36,
INV-51119,2026-08-14,C1005,Blue Ridge Energy Group,A,M. Dunn,LIG-1020,Lighting,8,23.46,28.31,28.55,228.4,
INV-51119,2026-08-14,C1005,Blue Ridge Energy Group,A,M. Dunn,BRE-1020,Breakers & Panels,2,33.52,41.24,41.29,82.58,
INV-51119,2026-08-14,C1005,Blue Ridge Energy Group,A,M. Dunn,HVA-1022,HVAC Equipment,1,465.16,488.86,486.87,486.87,
INV-51119,2026-08-14,C1005,Blue Ridge Energy Group,A,M. Dunn,WIR-1006,Wire & Cable,3,223.99,245.66,244.27,732.81,
INV-51120,2026-08-11,C1017,Burke Contracting,B,K. Foster,CON-1000,Conduit & Fittings,18,23.85,32.38,32.47,584.46,
INV-51120,2026-08-11,C1017,Burke Contracting,B,K. Foster,BRE-1020,Breakers & Panels,8,33.52,45.36,45.49,363.92,
INV-51120,2026-08-11,C1017,Burke Contracting,B,K. Foster,CON-1006,Conduit & Fittings,20,6.73,9.5,9.49,189.8,
INV-51120,2026-08-11,C1017,Burke Contracting,B,K. Foster,LIG-1011,Lighting,22,19.03,27.22,27.13,596.86,
INV-51120,2026-08-11,C1017,Burke Contracting,B,K. Foster,HVA-1000,HVAC Equipment,1,402.96,495.6,491.12,491.12,
INV-51121,2026-08-04,C1020,Burke Energy Group,B,S. Evans,CON-1015,Conduit & Fittings,39,2.29,3.06,2.89,112.71,VERBAL
INV-51121,2026-08-04,C1020,Burke Energy Group,B,S. Evans,LIG-1027,Lighting,6,15.54,21.38,21.2,127.2,
INV-51121,2026-08-04,C1020,Burke Energy Group,B,S. Evans,WIR-1028,Wire & Cable,5,76.0,97.66,88.98,444.9,
INV-51121,2026-08-04,C1020,Burke Energy Group,B,S. Evans,HVA-1024,HVAC Parts,1,167.27,238.46,240.4,240.4,
INV-51122,2026-07-13,C1091,Old Dominion Mechanical,C,D. Brooks,LIG-1014,Lighting,58,9.82,14.95,14.98,868.84,
INV-51122,2026-07-13,C1091,Old Dominion Mechanical,C,D. Brooks,BRE-1013,Breakers & Panels,12,205.1,308.19,307.74,3692.88,
INV-51122,2026-07-13,C1091,Old Dominion Mechanical,C,D. Brooks,HVA-1021,HVAC Equipment,1,2137.62,2675.49,2677.17,2677.17,
INV-51122,2026-07-13,C1091,Old Dominion Mechanical,C,D. Brooks,BRE-1033,Breakers & Panels,2,20.29,28.64,27.11,54.22,
INV-51123,2026-09-19,C1038,Chantilly Energy Group,B,S. Evans,HVA-1003,HVAC Parts,13,14.6,19.81,19.91,258.83,
INV-51123,2026-09-19,C1038,Chantilly Energy Group,B,S. Evans,CON-1035,Conduit & Fittings,5,50.27,75.84,75.52,377.6,
INV-51123,2026-09-19,C1038,Chantilly Energy Group,B,S. Evans,CON-1028,Conduit & Fittings,43,8.95,13.44,13.37,574.91,
INV-51123,2026-09-19,C1038,Chantilly Energy Group,B,S. Evans,WIR-1035,Wire & Cable,3,83.22,107.26,106.52,319.56,
INV-51124,2026-09-02,C1071,Manassas Comfort Systems,C,K. Foster,LIG-1016,Lighting,10,90.5,131.36,131.96,1319.6,
INV-51124,2026-09-02,C1071,Manassas Comfort Systems,C,K. Foster,HVA-1011,HVAC Parts,9,8.86,13.67,13.6,122.4,
INV-51124,2026-09-02,C1071,Manassas Comfort Systems,C,K. Foster,WIR-1022,Wire & Cable,4,83.06,116.82,116.54,466.16,
INV-51125,2026-07-30,C1018,Burke Electric,B,S. Evans,BRE-1033,Breakers & Panels,10,20.29,26.53,26.61,266.1,
INV-51125,2026-07-30,C1018,Burke Electric,B,S. Evans,BRE-1018,Breakers & Panels,10,111.4,141.4,141.6,1416.0,
INV-51125,2026-07-30,C1018,Burke Electric,B,S. Evans,CON-1033,Conduit & Fittings,6,3.42,4.66,4.66,27.96,
INV-51126,2026-09-19,C1049,Dulles Heating & Air,B,K. Foster,WIR-1034,Wire & Cable,15,60.49,77.3,71.18,1067.7,MGR
INV-51126,2026-09-19,C1049,Dulles Heating & Air,B,K. Foster,LIG-1005,Lighting,26,24.04,33.46,33.16,862.16,
INV-51126,2026-09-19,C1049,Dulles Heating & Air,B,K. Foster,LIG-1011,Lighting,3,19.03,27.22,27.27,81.81,
INV-51127,2026-08-24,C1082,Occoquan Building Services,C,D. Brooks,HVA-1017,HVAC Equipment,1,2240.25,2889.06,2874.31,2874.31,
INV-51127,2026-08-24,C1082,Occoquan Building Services,C,D. Brooks,HVA-1034,HVAC Parts,10,21.98,32.25,32.57,325.7,
INV-51127,2026-08-24,C1082,Occoquan Building Services,C,D. Brooks,HVA-1016,HVAC Parts,4,11.14,17.03,17.04,68.16,
INV-51127,2026-08-24,C1082,Occoquan Building Services,C,D. Brooks,HVA-1026,HVAC Equipment,2,478.34,634.78,634.32,1268.64,
INV-51127,2026-08-24,C1082,Occoquan Building Services,C,D. Brooks,WIR-1007,Wire & Cable,6,157.76,213.74,192.64,1155.84,VERBAL
INV-51127,2026-08-24,C1082,Occoquan Building Services,C,D. Brooks,BRE-1006,Breakers & Panels,9,18.77,27.38,27.37,246.33,
INV-51128,2026-07-21,C1096,Potomac Energy Group,C,K. Foster,CON-1014,Conduit & Fittings,7,6.03,9.49,9.49,66.43,
INV-51128,2026-07-21,C1096,Potomac Energy Group,C,K. Foster,LIG-1031,Lighting,6,46.98,72.51,73.18,439.08,
INV-51128,2026-07-21,C1096,Potomac Energy Group,C,K. Foster,LIG-1028,Lighting,6,42.41,63.05,63.28,379.68,
INV-51128,2026-07-21,C1096,Potomac Energy Group,C,K. Foster,CON-1013,Conduit & Fittings,19,25.39,37.33,37.09,704.71,
INV-51129,2026-09-05,C1012,Bull Run Energy Group,A,D. Brooks,CON-1015,Conduit & Fittings,90,2.29,2.78,2.81,252.9,
INV-51129,2026-09-05,C1012,Bull Run Energy Group,A,D. Brooks,WIR-1034,Wire & Cable,2,60.49,70.27,69.71,139.42,
INV-51129,2026-09-05,C1012,Bull Run Energy Group,A,D. Brooks,BRE-1007,Breakers & Panels,3,24.67,31.43,31.33,93.99,
INV-51129,2026-09-05,C1012,Bull Run Energy Group,A,D. Brooks,HVA-1004,HVAC Parts,4,16.08,19.65,19.6,78.4,
INV-51129,2026-09-05,C1012,Bull Run Energy Group,A,D. Brooks,WIR-1024,Wire & Cable,5,274.36,318.57,320.36,1601.8,
INV-51130,2026-07-26,C1081,Mason Power Systems,C,M. Dunn,HVA-1012,HVAC Parts,2,26.33,36.54,36.71,73.42,
INV-51130,2026-07-26,C1081,Mason Power Systems,C,M. Dunn,WIR-1016,Wire & Cable,6,87.34,115.72,116.56,699.36,
INV-51130,2026-07-26,C1081,Mason Power Systems,C,M. Dunn,LIG-1024,Lighting,14,41.61,60.96,61.28,857.92,
INV-51131,2026-07-19,C1028,Capitol HVAC Services,B,S. Evans,WIR-1014,Wire & Cable,3,313.51,399.04,378.17,1134.51,
INV-51131,2026-07-19,C1028,Capitol HVAC Services,B,S. Evans,HVA-1021,HVAC Parts,10,221.97,306.92,309.58,3095.8,
INV-51131,2026-07-19,C1028,Capitol HVAC Services,B,S. Evans,WIR-1013,Wire & Cable,3,317.33,399.44,401.65,1204.95,
INV-51132,2026-09-13,C1048,Dulles HVAC Services,B,R. Alvarez,BRE-1005,Breakers & Panels,11,159.52,211.48,212.95,2342.45,
INV-51132,2026-09-13,C1048,Dulles HVAC Services,B,R. Alvarez,HVA-1011,HVAC Equipment,3,620.35,747.27,752.79,2258.37,
INV-51132,2026-09-13,C1048,Dulles HVAC Services,B,R. Alvarez,CON-1003,Conduit & Fittings,45,2.25,3.31,3.28,147.6,
INV-51133,2026-08-17,C1060,Lorton Comfort Systems,C,M. Dunn,LIG-1010,Lighting,10,87.43,125.52,119.35,1193.5,
INV-51133,2026-08-17,C1060,Lorton Comfort Systems,C,M. Dunn,CON-1012,Conduit & Fittings,8,12.67,19.33,19.5,156.0,
INV-51133,2026-08-17,C1060,Lorton Comfort Systems,C,M. Dunn,CON-1018,Conduit & Fittings,11,4.8,7.59,7.62,83.82,
INV-51133,2026-08-17,C1060,Lorton Comfort Systems,C,M. Dunn,BRE-1021,Breakers & Panels,36,42.96,63.66,64.27,2313.72,
INV-51134,2026-09-16,C1028,Capitol HVAC Services,B,S. Evans,CON-1026,Conduit & Fittings,26,36.79,53.57,53.27,1385.02,
INV-51134,2026-09-16,C1028,Capitol HVAC Services,B,S. Evans,HVA-1026,HVAC Equipment,1,478.34,588.01,586.64,586.64,
INV-51134,2026-09-16,C1028,Capitol HVAC Services,B,S. Evans,WIR-1003,Wire & Cable,4,52.37,64.69,64.77,259.08,
INV-51135,2026-07-11,C1049,Dulles Heating & Air,B,K. Foster,HVA-1010,HVAC Parts,2,26.77,34.79,34.73,69.46,
INV-51135,2026-07-11,C1049,Dulles Heating & Air,B,K. Foster,WIR-1008,Wire & Cable,3,100.04,129.22,128.99,386.97,
INV-51135,2026-07-11,C1049,Dulles Heating & Air,B,K. Foster,LIG-1022,Lighting,6,13.9,18.6,18.73,112.38,
INV-51135,2026-07-11,C1049,Dulles Heating & Air,B,K. Foster,HVA-1001,HVAC Parts,18,24.8,31.97,32.23,580.14,
INV-51136,2026-08-28,C1045,Dulles Contracting,B,S. Evans,HVA-1009,HVAC Parts,1,7.94,10.38,10.35,10.35,
INV-51136,2026-08-28,C1045,Dulles Contracting,B,S. Evans,LIG-1030,Lighting,4,127.4,174.95,176.31,705.24,
INV-51136,2026-08-28,C1045,Dulles Contracting,B,S. Evans,CON-1011,Conduit & Fittings,51,4.24,5.92,5.92,301.92,
INV-51137,2026-09-07,C1026,Capitol Comfort Systems,B,R. Alvarez,HVA-1035,HVAC Equipment,2,1183.06,1405.18,1401.51,2803.02,
INV-51137,2026-09-07,C1026,Capitol Comfort Systems,B,R. Alvarez,WIR-1000,Wire & Cable,3,216.1,267.85,267.68,803.04,
INV-51138,2026-07-04,C1001,Blue Ridge Building Services,A,M. Dunn,WIR-1001,Wire & Cable,3,67.02,73.7,73.98,221.94,
INV-51138,2026-07-04,C1001,Blue Ridge Building Services,A,M. Dunn,HVA-1034,HVAC Equipment,5,1666.74,1813.14,1825.28,9126.4,
INV-51138,2026-07-04,C1001,Blue Ridge Building Services,A,M. Dunn,HVA-1032,HVAC Equipment,1,850.39,918.62,924.66,924.66,
INV-51139,2026-08-15,C1067,Loudoun Energy Group,C,D. Brooks,BRE-1027,Breakers & Panels,1,48.96,68.89,68.59,68.59,
INV-51139,2026-08-15,C1067,Loudoun Energy Group,C,D. Brooks,CON-1025,Conduit & Fittings,8,8.4,12.75,12.73,101.84,
INV-51139,2026-08-15,C1067,Loudoun Energy Group,C,D. Brooks,WIR-1003,Wire & Cable,9,52.37,69.83,66.26,596.34,
INV-51139,2026-08-15,C1067,Loudoun Energy Group,C,D. Brooks,WIR-1024,Wire & Cable,10,274.36,378.3,381.33,3813.3,
INV-51139,2026-08-15,C1067,Loudoun Energy Group,C,D. Brooks,HVA-1034,HVAC Parts,2,21.98,32.25,32.28,64.56,
INV-51140,2026-08-12,C1050,Fairfax Comfort Systems,B,R. Alvarez,HVA-1017,HVAC Parts,1,13.44,18.89,19.06,19.06,
INV-51140,2026-08-12,C1050,Fairfax Comfort Systems,B,R. Alvarez,CON-1013,Conduit & Fittings,13,25.39,34.58,34.25,445.25,
INV-51140,2026-08-12,C1050,Fairfax Comfort Systems,B,R. Alvarez,CON-1000,Conduit & Fittings,24,23.85,32.38,32.42,778.08,
INV-51140,2026-08-12,C1050,Fairfax Comfort Systems,B,R. Alvarez,HVA-1020,HVAC Parts,6,6.84,9.74,9.68,58.08,
INV-51141,2026-08-31,C1047,Dulles Energy Group,B,T. Chen,HVA-1032,HVAC Equipment,1,850.39,1010.49,1016.51,1016.51,
INV-51141,2026-08-31,C1047,Dulles Energy Group,B,T. Chen,BRE-1000,Breakers & Panels,7,42.31,58.23,57.97,405.79,
INV-51141,2026-08-31,C1047,Dulles Energy Group,B,T. Chen,BRE-1012,Breakers & Panels,4,33.82,45.94,45.59,182.36,
INV-51141,2026-08-31,C1047,Dulles Energy Group,B,T. Chen,LIG-1025,Lighting,5,11.2,15.59,15.63,78.15,
INV-51142,2026-09-21,C1011,Bull Run Electrical Co.,A,D. Brooks,BRE-1014,Breakers & Panels,13,162.58,206.71,207.9,2702.7,
INV-51142,2026-09-21,C1011,Bull Run Electrical Co.,A,D. Brooks,WIR-1034,Wire & Cable,2,60.49,70.27,70.32,140.64,
INV-51142,2026-09-21,C1011,Bull Run Electrical Co.,A,D. Brooks,HVA-1016,HVAC Equipment,1,1182.28,1240.67,1242.39,1242.39,
INV-51142,2026-09-21,C1011,Bull Run Electrical Co.,A,D. Brooks,WIR-1031,Wire & Cable,16,333.43,388.52,385.24,6163.84,
INV-51142,2026-09-21,C1011,Bull Run Electrical Co.,A,D. Brooks,WIR-1035,Wire & Cable,55,83.22,97.51,89.07,4898.85,
INV-51143,2026-09-19,C1071,Manassas Comfort Systems,C,K. Foster,LIG-1033,Lighting,13,27.69,41.64,41.43,538.59,
INV-51143,2026-09-19,C1071,Manassas Comfort Systems,C,K. Foster,CON-1031,Conduit & Fittings,19,2.97,4.33,4.34,82.46,
INV-51143,2026-09-19,C1071,Manassas Comfort Systems,C,K. Foster,CON-1015,Conduit & Fittings,21,2.29,3.31,3.31,69.51,
INV-51143,2026-09-19,C1071,Manassas Comfort Systems,C,K. Foster,HVA-1019,HVAC Equipment,1,1148.15,1469.54,1474.78,1474.78,
INV-51144,2026-06-29,C1061,Lorton Contracting,C,K. Foster,WIR-1021,Wire & Cable,2,162.13,222.85,221.52,443.04,
INV-51144,2026-06-29,C1061,Lorton Contracting,C,K. Foster,CON-1005,Conduit & Fittings,6,4.97,7.66,7.62,45.72,
INV-51144,2026-06-29,C1061,Lorton Contracting,C,K. Foster,HVA-1011,HVAC Parts,7,8.86,13.67,13.55,94.85,
INV-51144,2026-06-29,C1061,Lorton Contracting,C,K. Foster,HVA-1003,HVAC Equipment,1,767.04,951.91,952.63,952.63,
INV-51144,2026-06-29,C1061,Lorton Contracting,C,K. Foster,BRE-1012,Breakers & Panels,8,33.82,49.6,49.51,396.08,
INV-51145,2026-08-27,C1070,Manassas Building Services,C,M. Dunn,BRE-1004,Breakers & Panels,5,156.83,221.63,219.82,1099.1,
INV-51145,2026-08-27,C1070,Manassas Building Services,C,M. Dunn,HVA-1022,HVAC Equipment,9,465.16,580.52,578.63,5207.67,
INV-51145,2026-08-27,C1070,Manassas Building Services,C,M. Dunn,CON-1021,Conduit & Fittings,36,8.73,13.95,14.07,506.52,
INV-51145,2026-08-27,C1070,Manassas Building Services,C,M. Dunn,CON-1005,Conduit & Fittings,8,4.97,7.66,7.59,60.72,
INV-51145,2026-08-27,C1070,Manassas Building Services,C,M. Dunn,HVA-1025,HVAC Equipment,1,435.7,563.38,560.08,560.08,
INV-51145,2026-08-27,C1070,Manassas Building Services,C,M. Dunn,WIR-1025,Wire & Cable,5,108.67,148.57,147.23,736.15,
INV-51146,2026-09-26,C1063,Lorton HVAC Services,C,D. Brooks,BRE-1003,Breakers & Panels,9,17.77,24.98,23.35,210.15,
INV-51146,2026-09-26,C1063,Lorton HVAC Services,C,D. Brooks,WIR-1026,Wire & Cable,29,42.97,59.75,59.67,1730.43,
INV-51146,2026-09-26,C1063,Lorton HVAC Services,C,D. Brooks,HVA-1008,HVAC Equipment,3,913.36,1181.57,1186.25,3558.75,
INV-51147,2026-09-05,C1023,Burke Mechanical,B,D. Brooks,BRE-1022,Breakers & Panels,1,51.87,72.05,72.5,72.5,
INV-51147,2026-09-05,C1023,Burke Mechanical,B,D. Brooks,WIR-1006,Wire & Cable,19,223.99,270.22,246.52,4683.88,
INV-51147,2026-09-05,C1023,Burke Mechanical,B,D. Brooks,BRE-1026,Breakers & Panels,11,12.67,16.4,16.5,181.5,
INV-51148,2026-09-20,C1103,Reston Energy Group,C,S. Evans,HVA-1000,HVAC Parts,6,6.37,9.78,9.84,59.04,
INV-51148,2026-09-20,C1103,Reston Energy Group,C,S. Evans,CON-1026,Conduit & Fittings,9,36.79,57.83,57.84,520.56,
INV-51148,2026-09-20,C1103,Reston Energy Group,C,S. Evans,BRE-1015,Breakers & Panels,8,93.54,135.29,135.33,1082.64,
INV-51149,2026-09-02,C1012,Bull Run Energy Group,A,D. Brooks,LIG-1020,Lighting,5,23.46,28.31,28.29,141.45,
INV-51149,2026-09-02,C1012,Bull Run Energy Group,A,D. Brooks,BRE-1031,Breakers & Panels,10,33.11,39.01,39.23,392.3,
INV-51149,2026-09-02,C1012,Bull Run Energy Group,A,D. Brooks,BRE-1033,Breakers & Panels,19,20.29,24.12,24.27,461.13,
INV-51149,2026-09-02,C1012,Bull Run Energy Group,A,D. Brooks,WIR-1003,Wire & Cable,7,52.37,58.81,59.21,414.47,
INV-51149,2026-09-02,C1012,Bull Run Energy Group,A,D. Brooks,WIR-1005,Wire & Cable,4,392.51,436.93,409.32,1637.28,
INV-51149,2026-09-02,C1012,Bull Run Energy Group,A,D. Brooks,WIR-1025,Wire & Cable,4,108.67,125.11,118.34,473.36,
INV-51150,2026-07-26,C1008,Bull Run Comfort Systems,A,D. Brooks,WIR-1015,Wire & Cable,8,35.17,39.77,39.54,316.32,
INV-51150,2026-07-26,C1008,Bull Run Comfort Systems,A,D. Brooks,WIR-1013,Wire & Cable,19,317.33,363.13,337.28,6408.32,
INV-51150,2026-07-26,C1008,Bull Run Comfort Systems,A,D. Brooks,HVA-1023,HVAC Equipment,2,1062.71,1129.42,1132.27,2264.54,
INV-51150,2026-07-26,C1008,Bull Run Comfort Systems,A,D. Brooks,CON-1020,Conduit & Fittings,22,32.14,41.08,41.11,904.42,
INV-51150,2026-07-26,C1008,Bull Run Comfort Systems,A,D. Brooks,HVA-1035,HVAC Equipment,1,1183.06,1277.44,1270.75,1270.75,
INV-51151,2026-07-20,C1043,Dulles Building Services,B,T. Chen,BRE-1032,Breakers & Panels,6,49.92,67.29,67.39,404.34,
INV-51151,2026-07-20,C1043,Dulles Building Services,B,T. Chen,LIG-1005,Lighting,6,24.04,33.46,33.32,199.92,
INV-51151,2026-07-20,C1043,Dulles Building Services,B,T. Chen,LIG-1016,Lighting,10,90.5,121.68,120.96,1209.6,
INV-51151,2026-07-20,C1043,Dulles Building Services,B,T. Chen,LIG-1027,Lighting,5,15.54,21.38,21.28,106.4,
INV-51151,2026-07-20,C1043,Dulles Building Services,B,T. Chen,BRE-1001,Breakers & Panels,3,38.81,49.97,50.24,150.72,
INV-51151,2026-07-20,C1043,Dulles Building Services,B,T. Chen,CON-1004,Conduit & Fittings,53,49.09,67.04,67.46,3575.38,
INV-51152,2026-08-17,C1011,Bull Run Electrical Co.,A,D. Brooks,WIR-1009,Wire & Cable,6,329.33,392.5,364.45,2186.7,
INV-51152,2026-08-17,C1011,Bull Run Electrical Co.,A,D. Brooks,CON-1006,Conduit & Fittings,25,6.73,8.64,8.67,216.75,
INV-51152,2026-08-17,C1011,Bull Run Electrical Co.,A,D. Brooks,CON-1022,Conduit & Fittings,35,3.57,4.46,4.42,154.7,
INV-51152,2026-08-17,C1011,Bull Run Electrical Co.,A,D. Brooks,HVA-1014,HVAC Parts,2,114.93,141.83,134.76,269.52,
INV-51153,2026-07-15,C1006,Blue Ridge Heating & Air,A,M. Dunn,BRE-1015,Breakers & Panels,18,93.54,113.93,114.8,2066.4,
INV-51153,2026-07-15,C1006,Blue Ridge Heating & Air,A,M. Dunn,CON-1020,Conduit & Fittings,26,32.14,41.08,40.96,1064.96,
INV-51153,2026-07-15,C1006,Blue Ridge Heating & Air,A,M. Dunn,HVA-1035,HVAC Parts,2,33.23,39.79,39.9,79.8,
INV-51154,2026-09-24,C1005,Blue Ridge Energy Group,A,M. Dunn,BRE-1029,Breakers & Panels,6,100.96,122.87,123.62,741.72,
INV-51154,2026-09-24,C1005,Blue Ridge Energy Group,A,M. Dunn,BRE-1000,Breakers & Panels,3,42.31,52.94,52.57,157.71,
INV-51154,2026-09-24,C1005,Blue Ridge Energy Group,A,M. Dunn,BRE-1005,Breakers & Panels,3,159.52,192.26,193.61,580.83,
INV-51154,2026-09-24,C1005,Blue Ridge Energy Group,A,M. Dunn,LIG-1011,Lighting,4,19.03,24.74,24.9,99.6,
INV-51155,2026-08-05,C1056,Leesburg Electric,C,K. Foster,CON-1015,Conduit & Fittings,63,2.29,3.31,3.3,207.9,
INV-51155,2026-08-05,C1056,Leesburg Electric,C,K. Foster,CON-1006,Conduit & Fittings,3,6.73,10.26,10.32,30.96,
INV-51155,2026-08-05,C1056,Leesburg Electric,C,K. Foster,WIR-1029,Wire & Cable,6,61.38,82.07,81.33,487.98,
INV-51156,2026-06-30,C1018,Burke Electric,B,S. Evans,LIG-1024,Lighting,4,41.61,56.47,56.61,226.44,
INV-51156,2026-06-30,C1018,Burke Electric,B,S. Evans,LIG-1010,Lighting,14,87.43,116.27,116.83,1635.62,
INV-51156,2026-06-30,C1018,Burke Electric,B,S. Evans,LIG-1007,Lighting,11,114.08,149.09,148.46,1633.06,
INV-51157,2026-09-16,C1006,Blue Ridge Heating & Air,A,M. Dunn,WIR-1008,Wire & Cable,2,100.04,117.47,118.48,236.96,
INV-51157,2026-09-16,C1006,Blue Ridge Heating & Air,A,M. Dunn,BRE-1013,Breakers & Panels,30,205.1,259.53,261.68,7850.4,
INV-51157,2026-09-16,C1006,Blue Ridge Heating & Air,A,M. Dunn,CON-1027,Conduit & Fittings,18,53.89,70.66,70.16,1262.88,
INV-51157,2026-09-16,C1006,Blue Ridge Heating & Air,A,M. Dunn,HVA-1022,HVAC Parts,2,133.45,164.52,165.07,330.14,
INV-51158,2026-08-29,C1082,Occoquan Building Services,C,D. Brooks,HVA-1003,HVAC Equipment,1,767.04,951.91,952.25,952.25,
INV-51158,2026-08-29,C1082,Occoquan Building Services,C,D. Brooks,HVA-1025,HVAC Parts,1,66.1,101.77,101.77,101.77,
INV-51158,2026-08-29,C1082,Occoquan Building Services,C,D. Brooks,HVA-1031,HVAC Parts,5,45.05,66.18,65.9,329.5,
INV-51158,2026-08-29,C1082,Occoquan Building Services,C,D. Brooks,LIG-1007,Lighting,9,114.08,160.95,160.54,1444.86,
INV-51159,2026-08-19,C1092,Old Dominion Power Systems,C,R. Alvarez,LIG-1006,Lighting,17,17.96,27.86,27.89,474.13,
INV-51159,2026-08-19,C1092,Old Dominion Power Systems,C,R. Alvarez,HVA-1007,HVAC Equipment,4,1114.79,1480.0,1470.88,5883.52,
INV-51159,2026-08-19,C1092,Old Dominion Power Systems,C,R. Alvarez,HVA-1004,HVAC Parts,7,16.08,23.33,23.36,163.52,
INV-51160,2026-07-19,C1010,Bull Run Electric,A,K. Foster,HVA-1022,HVAC Parts,4,133.45,164.52,164.43,657.72,
INV-51160,2026-07-19,C1010,Bull Run Electric,A,K. Foster,HVA-1018,HVAC Parts,2,116.07,143.82,143.89,287.78,
INV-51160,2026-07-19,C1010,Bull Run Electric,A,K. Foster,HVA-1021,HVAC Equipment,2,2137.62,2253.05,2231.58,4463.16,
INV-51160,2026-07-19,C1010,Bull Run Electric,A,K. Foster,BRE-1027,Breakers & Panels,3,48.96,58.02,54.34,163.02,MGR
INV-51160,2026-07-19,C1010,Bull Run Electric,A,K. Foster,CON-1018,Conduit & Fittings,7,4.8,6.39,6.39,44.73,
INV-51161,2026-08-12,C1005,Blue Ridge Energy Group,A,M. Dunn,WIR-1025,Wire & Cable,30,108.67,125.11,126.25,3787.5,
INV-51161,2026-08-12,C1005,Blue Ridge Energy Group,A,M. Dunn,HVA-1016,HVAC Equipment,2,1182.28,1240.67,1250.11,2500.22,
INV-51161,2026-08-12,C1005,Blue Ridge Energy Group,A,M. Dunn,WIR-1021,Wire & Cable,1,162.13,187.66,186.62,186.62,
INV-51161,2026-08-12,C1005,Blue Ridge Energy Group,A,M. Dunn,HVA-1001,HVAC Parts,3,24.8,29.06,28.78,86.34,
INV-51161,2026-08-12,C1005,Blue Ridge Energy Group,A,M. Dunn,CON-1029,Conduit & Fittings,62,15.74,19.34,19.44,1205.28,
INV-51161,2026-08-12,C1005,Blue Ridge Energy Group,A,M. Dunn,WIR-1000,Wire & Cable,2,216.1,243.5,242.71,485.42,
INV-51162,2026-09-07,C1027,Capitol Electrical Co.,B,T. Chen,HVA-1027,HVAC Equipment,1,2166.2,2615.96,2599.31,2599.31,
INV-51162,2026-09-07,C1027,Capitol Electrical Co.,B,T. Chen,CON-1020,Conduit & Fittings,13,32.14,45.19,45.39,590.07,
INV-51162,2026-09-07,C1027,Capitol Electrical Co.,B,T. Chen,BRE-1022,Breakers & Panels,15,51.87,72.05,72.26,1083.9,
INV-51162,2026-09-07,C1027,Capitol Electrical Co.,B,T. Chen,BRE-1032,Breakers & Panels,3,49.92,67.29,66.89,200.67,
INV-51162,2026-09-07,C1027,Capitol Electrical Co.,B,T. Chen,BRE-1007,Breakers & Panels,7,24.67,34.58,34.57,241.99,
INV-51162,2026-09-07,C1027,Capitol Electrical Co.,B,T. Chen,WIR-1031,Wire & Cable,7,333.43,427.37,424.06,2968.42,
INV-51163,2026-07-05,C1026,Capitol Comfort Systems,B,R. Alvarez,BRE-1008,Breakers & Panels,1,67.45,86.57,87.01,87.01,
INV-51163,2026-07-05,C1026,Capitol Comfort Systems,B,R. Alvarez,CON-1003,Conduit & Fittings,26,2.25,3.31,3.28,85.28,
INV-51163,2026-07-05,C1026,Capitol Comfort Systems,B,R. Alvarez,CON-1035,Conduit & Fittings,31,50.27,75.84,75.4,2337.4,
INV-51163,2026-07-05,C1026,Capitol Comfort Systems,B,R. Alvarez,WIR-1032,Wire & Cable,1,294.58,367.28,367.32,367.32,
INV-51164,2026-09-19,C1011,Bull Run Electrical Co.,A,D. Brooks,WIR-1007,Wire & Cable,1,157.76,179.99,160.74,160.74,
INV-51164,2026-09-19,C1011,Bull Run Electrical Co.,A,D. Brooks,HVA-1028,HVAC Parts,4,6.16,7.68,7.66,30.64,
INV-51164,2026-09-19,C1011,Bull Run Electrical Co.,A,D. Brooks,LIG-1023,Lighting,10,160.88,209.87,208.2,2082.0,
INV-51164,2026-09-19,C1011,Bull Run Electrical Co.,A,D. Brooks,BRE-1003,Breakers & Panels,4,17.77,21.03,20.94,83.76,
INV-51165,2026-07-20,C1015,Bull Run Power Systems,A,R. Alvarez,CON-1001,Conduit & Fittings,11,32.08,42.21,42.29,465.19,
INV-51165,2026-07-20,C1015,Bull Run Power Systems,A,R. Alvarez,WIR-1015,Wire & Cable,2,35.17,39.77,39.43,78.86,
INV-51165,2026-07-20,C1015,Bull Run Power Systems,A,R. Alvarez,CON-1008,Conduit & Fittings,26,3.76,4.66,4.65,120.9,
INV-51165,2026-07-20,C1015,Bull Run Power Systems,A,R. Alvarez,WIR-1030,Wire & Cable,3,123.15,138.74,137.4,412.2,
INV-51165,2026-07-20,C1015,Bull Run Power Systems,A,R. Alvarez,CON-1026,Conduit & Fittings,8,36.79,48.7,48.91,391.28,
INV-51165,2026-07-20,C1015,Bull Run Power Systems,A,R. Alvarez,HVA-1012,HVAC Equipment,1,922.14,986.23,988.27,988.27,
INV-51166,2026-08-07,C1049,Dulles Heating & Air,B,K. Foster,WIR-1000,Wire & Cable,6,216.1,267.85,267.09,1602.54,
INV-51166,2026-08-07,C1049,Dulles Heating & Air,B,K. Foster,BRE-1009,Breakers & Panels,2,29.59,39.28,39.19,78.38,
INV-51166,2026-08-07,C1049,Dulles Heating & Air,B,K. Foster,BRE-1007,Breakers & Panels,19,24.67,34.58,34.87,662.53,
INV-51167,2026-08-01,C1072,Manassas Contracting,C,M. Dunn,HVA-1025,HVAC Equipment,2,435.7,563.38,567.7,1135.4,
INV-51167,2026-08-01,C1072,Manassas Contracting,C,M. Dunn,BRE-1006,Breakers & Panels,4,18.77,27.38,27.16,108.64,
INV-51167,2026-08-01,C1072,Manassas Contracting,C,M. Dunn,HVA-1008,HVAC Parts,9,23.36,33.13,33.2,298.8,
INV-51167,2026-08-01,C1072,Manassas Contracting,C,M. Dunn,HVA-1034,HVAC Parts,1,21.98,32.25,32.56,32.56,
INV-51168,2026-06-29,C1028,Capitol HVAC Services,B,S. Evans,BRE-1001,Breakers & Panels,3,38.81,49.97,46.24,138.72,
INV-51168,2026-06-29,C1028,Capitol HVAC Services,B,S. Evans,CON-1010,Conduit & Fittings,27,12.81,17.19,17.24,465.48,
INV-51168,2026-06-29,C1028,Capitol HVAC Services,B,S. Evans,LIG-1013,Lighting,19,9.5,12.94,13.03,247.57,
INV-51168,2026-06-29,C1028,Capitol HVAC Services,B,S. Evans,HVA-1019,HVAC Equipment,2,1148.15,1361.25,1347.66,2695.32,
INV-51168,2026-06-29,C1028,Capitol HVAC Services,B,S. Evans,HVA-1009,HVAC Equipment,1,1188.73,1457.75,1463.6,1463.6,
INV-51168,2026-06-29,C1028,Capitol HVAC Services,B,S. Evans,HVA-1029,HVAC Equipment,1,706.2,863.89,865.26,865.26,
INV-51169,2026-09-02,C1008,Bull Run Comfort Systems,A,D. Brooks,HVA-1007,HVAC Equipment,1,1114.79,1246.31,1241.35,1241.35,
INV-51169,2026-09-02,C1008,Bull Run Comfort Systems,A,D. Brooks,CON-1016,Conduit & Fittings,38,2.76,3.6,3.64,138.32,
INV-51169,2026-09-02,C1008,Bull Run Comfort Systems,A,D. Brooks,HVA-1009,HVAC Equipment,1,1188.73,1325.22,1334.8,1334.8,
INV-51170,2026-07-20,C1049,Dulles Heating & Air,B,K. Foster,HVA-1024,HVAC Equipment,1,2463.08,2981.22,3006.67,3006.67,
INV-51170,2026-07-20,C1049,Dulles Heating & Air,B,K. Foster,BRE-1028,Breakers & Panels,14,83.36,106.52,99.99,1399.86,VERBAL
INV-51171,2026-09-07,C1015,Bull Run Power Systems,A,R. Alvarez,WIR-1017,Wire & Cable,7,51.35,59.25,59.23,414.61,
INV-51171,2026-09-07,C1015,Bull Run Power Systems,A,R. Alvarez,CON-1028,Conduit & Fittings,21,8.95,12.22,12.1,254.1,
INV-51171,2026-09-07,C1015,Bull Run Power Systems,A,R. Alvarez,WIR-1021,Wire & Cable,15,162.13,187.66,187.14,2807.1,
INV-51171,2026-09-07,C1015,Bull Run Power Systems,A,R. Alvarez,CON-1026,Conduit & Fittings,46,36.79,48.7,48.37,2225.02,
INV-51171,2026-09-07,C1015,Bull Run Power Systems,A,R. Alvarez,HVA-1035,HVAC Parts,5,33.23,39.79,39.92,199.6,
INV-51171,2026-09-07,C1015,Bull Run Power Systems,A,R. Alvarez,LIG-1007,Lighting,30,114.08,135.54,134.72,4041.6,
INV-51172,2026-08-08,C1041,Chantilly Mechanical,B,S. Evans,LIG-1017,Lighting,6,36.9,48.51,45.74,274.44,VERBAL
INV-51172,2026-08-08,C1041,Chantilly Mechanical,B,S. Evans,HVA-1008,HVAC Equipment,5,913.36,1094.51,1100.51,5502.55,
INV-51172,2026-08-08,C1041,Chantilly Mechanical,B,S. Evans,WIR-1030,Wire & Cable,6,123.15,152.62,152.52,915.12,
INV-51172,2026-08-08,C1041,Chantilly Mechanical,B,S. Evans,CON-1023,Conduit & Fittings,7,53.8,73.76,73.59,515.13,
INV-51173,2026-07-21,C1010,Bull Run Electric,A,K. Foster,HVA-1005,HVAC Equipment,6,1913.09,2066.49,2064.26,12385.56,
INV-51173,2026-07-21,C1010,Bull Run Electric,A,K. Foster,BRE-1000,Breakers & Panels,5,42.31,52.94,52.7,263.5,
INV-51173,2026-07-21,C1010,Bull Run Electric,A,K. Foster,HVA-1020,HVAC Equipment,1,953.96,997.79,992.61,992.61,
INV-51174,2026-07-31,C1024,Burke Power Systems,B,D. Brooks,CON-1005,Conduit & Fittings,85,4.97,7.09,7.05,599.25,
INV-51174,2026-07-31,C1024,Burke Power Systems,B,D. Brooks,HVA-1026,HVAC Equipment,2,478.34,588.01,582.38,1164.76,
INV-51174,2026-07-31,C1024,Burke Power Systems,B,D. Brooks,LIG-1032,Lighting,4,22.45,32.7,32.92,131.68,
INV-51174,2026-07-31,C1024,Burke Power Systems,B,D. Brooks,CON-1008,Conduit & Fittings,21,3.76,5.12,5.15,108.15,
INV-51174,2026-07-31,C1024,Burke Power Systems,B,D. Brooks,BRE-1021,Breakers & Panels,2,42.96,58.97,58.63,117.26,
INV-51174,2026-07-31,C1024,Burke Power Systems,B,D. Brooks,LIG-1021,Lighting,1,183.41,262.94,263.54,263.54,
INV-51175,2026-07-04,C1026,Capitol Comfort Systems,B,R. Alvarez,HVA-1009,HVAC Parts,1,7.94,10.38,10.43,10.43,
INV-51175,2026-07-04,C1026,Capitol Comfort Systems,B,R. Alvarez,BRE-1012,Breakers & Panels,8,33.82,45.94,45.98,367.84,
INV-51175,2026-07-04,C1026,Capitol Comfort Systems,B,R. Alvarez,LIG-1007,Lighting,4,114.08,149.09,149.87,599.48,
INV-51175,2026-07-04,C1026,Capitol Comfort Systems,B,R. Alvarez,HVA-1000,HVAC Parts,2,6.37,9.06,9.1,18.2,
INV-51176,2026-07-26,C1008,Bull Run Comfort Systems,A,D. Brooks,CON-1028,Conduit & Fittings,28,8.95,12.22,12.26,343.28,
INV-51176,2026-07-26,C1008,Bull Run Comfort Systems,A,D. Brooks,HVA-1004,HVAC Parts,7,16.08,19.65,19.71,137.97,
INV-51176,2026-07-26,C1008,Bull Run Comfort Systems,A,D. Brooks,LIG-1012,Lighting,9,28.4,34.41,34.74,312.66,
INV-51177,2026-08-07,C1004,Blue Ridge Electrical Co.,A,T. Chen,WIR-1001,Wire & Cable,4,67.02,73.7,68.16,272.64,MGR
INV-51177,2026-08-07,C1004,Blue Ridge Electrical Co.,A,T. Chen,HVA-1005,HVAC Equipment,1,1913.09,2066.49,2062.22,2062.22,
INV-51177,2026-08-07,C1004,Blue Ridge Electrical Co.,A,T. Chen,CON-1035,Conduit & Fittings,12,50.27,68.94,69.34,832.08,
INV-51177,2026-08-07,C1004,Blue Ridge Electrical Co.,A,T. Chen,LIG-1019,Lighting,19,22.4,27.44,27.4,520.6,
INV-51177,2026-08-07,C1004,Blue Ridge Electrical Co.,A,T. Chen,CON-1017,Conduit & Fittings,28,21.97,29.48,29.44,824.32,
INV-51177,2026-08-07,C1004,Blue Ridge Electrical Co.,A,T. Chen,CON-1011,Conduit & Fittings,6,4.24,5.38,5.33,31.98,
INV-51178,2026-07-31,C1025,Capitol Building Services,B,R. Alvarez,WIR-1022,Wire & Cable,1,83.06,108.21,108.73,108.73,
INV-51178,2026-07-31,C1025,Capitol Building Services,B,R. Alvarez,CON-1016,Conduit & Fittings,9,2.76,3.96,3.95,35.55,
INV-51178,2026-07-31,C1025,Capitol Building Services,B,R. Alvarez,HVA-1010,HVAC Parts,6,26.77,34.79,34.55,207.3,
INV-51178,2026-07-31,C1025,Capitol Building Services,B,R. Alvarez,HVA-1017,HVAC Parts,1,13.44,18.89,18.84,18.84,
INV-51179,2026-09-06,C1036,Chantilly Electric,B,R. Alvarez,HVA-1019,HVAC Parts,1,165.59,225.39,223.93,223.93,
INV-51179,2026-09-06,C1036,Chantilly Electric,B,R. Alvarez,CON-1025,Conduit & Fittings,31,8.4,11.81,11.71,363.01,
INV-51179,2026-09-06,C1036,Chantilly Electric,B,R. Alvarez,HVA-1015,HVAC Equipment,1,646.24,744.3,745.54,745.54,
INV-51180,2026-07-19,C1043,Dulles Building Services,B,T. Chen,BRE-1025,Breakers & Panels,4,164.87,214.71,214.36,857.44,
INV-51180,2026-07-19,C1043,Dulles Building Services,B,T. Chen,HVA-1011,HVAC Parts,5,8.86,12.66,12.67,63.35,
INV-51181,2026-08-23,C1087,Occoquan Power Systems,C,K. Foster,HVA-1022,HVAC Equipment,1,465.16,580.52,582.41,582.41,
INV-51181,2026-08-23,C1087,Occoquan Power Systems,C,K. Foster,CON-1005,Conduit & Fittings,65,4.97,7.66,7.4,481.0,
INV-51182,2026-09-15,C1031,Cardinal Comfort Systems,B,T. Chen,HVA-1004,HVAC Equipment,2,1034.98,1265.17,1275.76,2551.52,
INV-51182,2026-09-15,C1031,Cardinal Comfort Systems,B,T. Chen,WIR-1032,Wire & Cable,4,294.58,367.28,365.13,1460.52,
INV-51182,2026-09-15,C1031,Cardinal Comfort Systems,B,T. Chen,WIR-1021,Wire & Cable,8,162.13,206.43,206.67,1653.36,
INV-51183,2026-07-05,C1086,Occoquan Mechanical,C,S. Evans,LIG-1021,Lighting,8,183.41,283.86,286.61,2292.88,
INV-51183,2026-07-05,C1086,Occoquan Mechanical,C,S. Evans,CON-1019,Conduit & Fittings,14,3.49,5.15,5.2,72.8,
INV-51183,2026-07-05,C1086,Occoquan Mechanical,C,S. Evans,LIG-1007,Lighting,2,114.08,160.95,161.69,323.38,
INV-51183,2026-07-05,C1086,Occoquan Mechanical,C,S. Evans,LIG-1010,Lighting,7,87.43,125.52,125.27,876.89,
INV-51183,2026-07-05,C1086,Occoquan Mechanical,C,S. Evans,HVA-1024,HVAC Equipment,3,2463.08,3218.36,3217.54,9652.62,
INV-51183,2026-07-05,C1086,Occoquan Mechanical,C,S. Evans,CON-1026,Conduit & Fittings,12,36.79,57.83,57.66,691.92,
INV-51184,2026-08-26,C1050,Fairfax Comfort Systems,B,R. Alvarez,WIR-1024,Wire & Cable,23,274.36,350.42,348.47,8014.81,
INV-51184,2026-08-26,C1050,Fairfax Comfort Systems,B,R. Alvarez,HVA-1017,HVAC Equipment,1,2240.25,2676.19,2664.36,2664.36,
INV-51184,2026-08-26,C1050,Fairfax Comfort Systems,B,R. Alvarez,BRE-1035,Breakers & Panels,3,97.51,130.81,126.13,378.39,
INV-51184,2026-08-26,C1050,Fairfax Comfort Systems,B,R. Alvarez,LIG-1020,Lighting,4,23.46,31.14,30.87,123.48,
INV-51184,2026-08-26,C1050,Fairfax Comfort Systems,B,R. Alvarez,HVA-1016,HVAC Equipment,1,1182.28,1364.74,1372.61,1372.61,
INV-51185,2026-09-18,C1086,Occoquan Mechanical,C,S. Evans,CON-1025,Conduit & Fittings,4,8.4,12.75,12.75,51.0,
INV-51185,2026-09-18,C1086,Occoquan Mechanical,C,S. Evans,LIG-1012,Lighting,10,28.4,40.86,41.13,411.3,
INV-51185,2026-09-18,C1086,Occoquan Mechanical,C,S. Evans,CON-1011,Conduit & Fittings,7,4.24,6.39,6.42,44.94,
INV-51185,2026-09-18,C1086,Occoquan Mechanical,C,S. Evans,WIR-1022,Wire & Cable,5,83.06,116.82,115.98,579.9,
INV-51185,2026-09-18,C1086,Occoquan Mechanical,C,S. Evans,HVA-1001,HVAC Equipment,5,1321.74,1747.63,1742.63,8713.15,
INV-51185,2026-09-18,C1086,Occoquan Mechanical,C,S. Evans,CON-1035,Conduit & Fittings,11,50.27,81.87,81.14,892.54,
INV-51186,2026-09-23,C1053,Fairfax Power Systems,C,M. Dunn,LIG-1035,Lighting,4,45.87,71.97,72.48,289.92,
INV-51186,2026-09-23,C1053,Fairfax Power Systems,C,M. Dunn,CON-1011,Conduit & Fittings,11,4.24,6.39,6.45,70.95,
INV-51186,2026-09-23,C1053,Fairfax Power Systems,C,M. Dunn,LIG-1015,Lighting,23,64.96,98.44,99.3,2283.9,
INV-51187,2026-07-16,C1110,Ridgeline Energy Group,C,M. Dunn,BRE-1007,Breakers & Panels,1,24.67,37.33,37.35,37.35,
INV-51187,2026-07-16,C1110,Ridgeline Energy Group,C,M. Dunn,LIG-1035,Lighting,5,45.87,71.97,72.08,360.4,
INV-51187,2026-07-16,C1110,Ridgeline Energy Group,C,M. Dunn,BRE-1024,Breakers & Panels,9,23.6,32.69,32.91,296.19,
INV-51187,2026-07-16,C1110,Ridgeline Energy Group,C,M. Dunn,CON-1014,Conduit & Fittings,28,6.03,9.49,9.52,266.56,
INV-51188,2026-09-25,C1048,Dulles HVAC Services,B,R. Alvarez,HVA-1023,HVAC Equipment,1,1062.71,1242.37,1168.63,1168.63,MGR
INV-51188,2026-09-25,C1048,Dulles HVAC Services,B,R. Alvarez,BRE-1029,Breakers & Panels,10,100.96,135.16,135.4,1354.0,
INV-51188,2026-09-25,C1048,Dulles HVAC Services,B,R. Alvarez,WIR-1004,Wire & Cable,28,134.3,166.8,167.15,4680.2,
INV-51189,2026-08-19,C1039,Chantilly HVAC Services,B,R. Alvarez,WIR-1029,Wire & Cable,8,61.38,76.02,75.33,602.64,
INV-51189,2026-08-19,C1039,Chantilly HVAC Services,B,R. Alvarez,CON-1004,Conduit & Fittings,21,49.09,67.04,67.05,1408.05,
INV-51189,2026-08-19,C1039,Chantilly HVAC Services,B,R. Alvarez,BRE-1002,Breakers & Panels,8,117.95,159.85,159.92,1279.36,
INV-51189,2026-08-19,C1039,Chantilly HVAC Services,B,R. Alvarez,HVA-1022,HVAC Equipment,2,465.16,537.74,533.82,1067.64,
INV-51190,2026-07-05,C1032,Cardinal Energy Group,B,T. Chen,HVA-1013,HVAC Equipment,2,1860.42,2216.35,2200.29,4400.58,
INV-51190,2026-07-05,C1032,Cardinal Energy Group,B,T. Chen,BRE-1001,Breakers & Panels,1,38.81,49.97,50.39,50.39,
INV-51191,2026-07-21,C1021,Burke HVAC Services,B,M. Dunn,HVA-1004,HVAC Parts,6,16.08,21.61,21.59,129.54,
INV-51191,2026-07-21,C1021,Burke HVAC Services,B,M. Dunn,CON-1002,Conduit & Fittings,34,2.46,3.56,3.53,120.02,
INV-51191,2026-07-21,C1021,Burke HVAC Services,B,M. Dunn,BRE-1003,Breakers & Panels,6,17.77,23.14,23.26,139.56,
INV-51192,2026-08-03,C1028,Capitol HVAC Services,B,S. Evans,WIR-1032,Wire & Cable,18,294.58,367.28,367.16,6608.88,
INV-51192,2026-08-03,C1028,Capitol HVAC Services,B,S. Evans,WIR-1028,Wire & Cable,9,76.0,97.66,97.19,874.71,
INV-51192,2026-08-03,C1028,Capitol HVAC Services,B,S. Evans,LIG-1000,Lighting,7,11.27,15.11,15.15,106.05,
INV-51192,2026-08-03,C1028,Capitol HVAC Services,B,S. Evans,CON-1024,Conduit & Fittings,21,3.43,5.18,5.18,108.78,
INV-51192,2026-08-03,C1028,Capitol HVAC Services,B,S. Evans,HVA-1026,HVAC Equipment,2,478.34,588.01,589.55,1179.1,
INV-51193,2026-08-29,C1052,Fairfax Mechanical,C,D. Brooks,WIR-1024,Wire & Cable,1,274.36,378.3,354.6,354.6,
INV-51193,2026-08-29,C1052,Fairfax Mechanical,C,D. Brooks,LIG-1026,Lighting,9,15.8,23.36,23.34,210.06,
INV-51193,2026-08-29,C1052,Fairfax Mechanical,C,D. Brooks,BRE-1031,Breakers & Panels,15,33.11,46.32,46.18,692.7,
INV-51193,2026-08-29,C1052,Fairfax Mechanical,C,D. Brooks,LIG-1026,Lighting,4,15.8,23.36,23.2,92.8,
INV-51194,2026-07-24,C1016,Burke Building Services,B,K. Foster,CON-1026,Conduit & Fittings,37,36.79,53.57,53.93,1995.41,
INV-51194,2026-07-24,C1016,Burke Building Services,B,K. Foster,LIG-1033,Lighting,11,27.69,38.57,38.69,425.59,
INV-51194,2026-07-24,C1016,Burke Building Services,B,K. Foster,LIG-1033,Lighting,2,27.69,38.57,38.75,77.5,
INV-51194,2026-07-24,C1016,Burke Building Services,B,K. Foster,HVA-1001,HVAC Parts,3,24.8,31.97,29.82,89.46,VERBAL
INV-51195,2026-08-25,C1013,Bull Run HVAC Services,A,D. Brooks,HVA-1018,HVAC Equipment,1,798.66,872.34,824.04,824.04,MGR
INV-51195,2026-08-25,C1013,Bull Run HVAC Services,A,D. Brooks,HVA-1002,HVAC Equipment,1,1734.3,1847.29,1839.56,1839.56,
INV-51195,2026-08-25,C1013,Bull Run HVAC Services,A,D. Brooks,LIG-1018,Lighting,21,40.2,50.38,50.8,1066.8,
INV-51195,2026-08-25,C1013,Bull Run HVAC Services,A,D. Brooks,WIR-1033,Wire & Cable,2,54.3,63.73,64.06,128.12,
INV-51196,2026-07-15,C1028,Capitol HVAC Services,B,S. Evans,HVA-1013,HVAC Equipment,2,1860.42,2216.35,2195.71,4391.42,
INV-51196,2026-07-15,C1028,Capitol HVAC Services,B,S. Evans,HVA-1010,HVAC Parts,7,26.77,34.79,34.63,242.41,
INV-51196,2026-07-15,C1028,Capitol HVAC Services,B,S. Evans,HVA-1005,HVAC Equipment,2,1913.09,2273.14,2289.78,4579.56,
INV-51196,2026-07-15,C1028,Capitol HVAC Services,B,S. Evans,HVA-1029,HVAC Equipment,3,706.2,863.89,864.02,2592.06,
INV-51197,2026-07-17,C1116,Shenandoah Energy Group,C,D. Brooks,LIG-1016,Lighting,20,90.5,131.36,130.19,2603.8,
INV-51197,2026-07-17,C1116,Shenandoah Energy Group,C,D. Brooks,HVA-1017,HVAC Equipment,1,2240.25,2889.06,2885.43,2885.43,
INV-51197,2026-07-17,C1116,Shenandoah Energy Group,C,D. Brooks,LIG-1015,Lighting,3,64.96,98.44,98.73,296.19,
INV-51198,2026-08-25,C1022,Burke Heating & Air,B,T. Chen,BRE-1001,Breakers & Panels,2,38.81,49.97,49.94,99.88,
INV-51198,2026-08-25,C1022,Burke Heating & Air,B,T. Chen,LIG-1026,Lighting,13,15.8,21.64,21.45,278.85,
INV-51198,2026-08-25,C1022,Burke Heating & Air,B,T. Chen,LIG-1022,Lighting,6,13.9,18.6,18.76,112.56,
INV-51198,2026-08-25,C1022,Burke Heating & Air,B,T. Chen,LIG-1031,Lighting,10,46.98,67.17,66.9,669.0,
INV-51199,2026-09-02,C1100,Reston Contracting,C,K. Foster,WIR-1008,Wire & Cable,14,100.04,139.5,138.67,1941.38,
INV-51199,2026-09-02,C1100,Reston Contracting,C,K. Foster,HVA-1024,HVAC Equipment,2,2463.08,3218.36,3247.73,6495.46,
INV-51200,2026-09-17,C1001,Blue Ridge Building Services,A,M. Dunn,HVA-1033,HVAC Parts,18,37.29,43.79,43.35,780.3,
INV-51200,2026-09-17,C1001,Blue Ridge Building Services,A,M. Dunn,CON-1007,Conduit & Fittings,82,3.77,4.62,4.63,379.66,
INV-51200,2026-09-17,C1001,Blue Ridge Building Services,A,M. Dunn,HVA-1008,HVAC Equipment,1,913.36,995.01,999.26,999.26,
INV-51201,2026-08-08,C1042,Chantilly Power Systems,B,T. Chen,BRE-1000,Breakers & Panels,1,42.31,58.23,58.5,58.5,
INV-51201,2026-08-08,C1042,Chantilly Power Systems,B,T. Chen,HVA-1012,HVAC Equipment,1,922.14,1084.86,1075.44,1075.44,
INV-51201,2026-08-08,C1042,Chantilly Power Systems,B,T. Chen,BRE-1017,Breakers & Panels,2,33.16,46.23,46.02,92.04,
INV-51201,2026-08-08,C1042,Chantilly Power Systems,B,T. Chen,HVA-1007,HVAC Equipment,1,1114.79,1370.94,1384.29,1384.29,
INV-51202,2026-09-09,C1014,Bull Run Heating & Air,A,S. Evans,HVA-1013,HVAC Equipment,1,1860.42,2014.86,1927.26,1927.26,VERBAL
INV-51202,2026-09-09,C1014,Bull Run Heating & Air,A,S. Evans,BRE-1028,Breakers & Panels,4,83.36,96.84,97.43,389.72,
INV-51202,2026-09-09,C1014,Bull Run Heating & Air,A,S. Evans,LIG-1033,Lighting,9,27.69,35.06,35.12,316.08,
INV-51202,2026-09-09,C1014,Bull Run Heating & Air,A,S. Evans,CON-1007,Conduit & Fittings,42,3.77,4.62,4.62,194.04,
INV-51203,2026-07-28,C1092,Old Dominion Power Systems,C,R. Alvarez,WIR-1033,Wire & Cable,24,54.3,75.68,76.36,1832.64,
INV-51203,2026-07-28,C1092,Old Dominion Power Systems,C,R. Alvarez,HVA-1034,HVAC Equipment,1,1666.74,2153.11,2140.14,2140.14,
INV-51203,2026-07-28,C1092,Old Dominion Power Systems,C,R. Alvarez,LIG-1021,Lighting,21,183.41,283.86,282.72,5937.12,
INV-51203,2026-07-28,C1092,Old Dominion Power Systems,C,R. Alvarez,HVA-1029,HVAC Parts,1,7.05,10.8,10.76,10.76,
INV-51204,2026-09-21,C1006,Blue Ridge Heating & Air,A,M. Dunn,HVA-1012,HVAC Parts,18,26.33,30.77,30.54,549.72,
INV-51204,2026-09-21,C1006,Blue Ridge Heating & Air,A,M. Dunn,HVA-1006,HVAC Equipment,2,495.45,546.9,550.56,1101.12,
INV-51204,2026-09-21,C1006,Blue Ridge Heating & Air,A,M. Dunn,WIR-1029,Wire & Cable,7,61.38,69.11,68.64,480.48,
INV-51204,2026-09-21,C1006,Blue Ridge Heating & Air,A,M. Dunn,CON-1033,Conduit & Fittings,10,3.42,4.24,4.26,42.6,
INV-51205,2026-08-16,C1036,Chantilly Electric,B,R. Alvarez,HVA-1001,HVAC Parts,1,24.8,31.97,30.82,30.82,VERBAL
INV-51205,2026-08-16,C1036,Chantilly Electric,B,R. Alvarez,HVA-1001,HVAC Parts,2,24.8,31.97,31.7,63.4,
INV-51205,2026-08-16,C1036,Chantilly Electric,B,R. Alvarez,WIR-1002,Wire & Cable,5,152.66,196.76,196.05,980.25,
INV-51205,2026-08-16,C1036,Chantilly Electric,B,R. Alvarez,WIR-1012,Wire & Cable,15,133.61,163.27,163.31,2449.65,
INV-51205,2026-08-16,C1036,Chantilly Electric,B,R. Alvarez,CON-1013,Conduit & Fittings,17,25.39,34.58,34.65,589.05,
INV-51205,2026-08-16,C1036,Chantilly Electric,B,R. Alvarez,HVA-1027,HVAC Equipment,2,2166.2,2615.96,2605.15,5210.3,
INV-51206,2026-08-04,C1104,Reston HVAC Services,C,D. Brooks,BRE-1035,Breakers & Panels,1,97.51,141.22,140.18,140.18,
INV-51206,2026-08-04,C1104,Reston HVAC Services,C,D. Brooks,BRE-1027,Breakers & Panels,12,48.96,68.89,62.24,746.88,
INV-51207,2026-09-22,C1003,Blue Ridge Electric,A,D. Brooks,BRE-1014,Breakers & Panels,22,162.58,206.71,185.74,4086.28,VERBAL
INV-51207,2026-09-22,C1003,Blue Ridge Electric,A,D. Brooks,LIG-1002,Lighting,6,81.88,108.3,109.03,654.18,
INV-51207,2026-09-22,C1003,Blue Ridge Electric,A,D. Brooks,LIG-1026,Lighting,17,15.8,19.67,19.75,335.75,
INV-51207,2026-09-22,C1003,Blue Ridge Electric,A,D. Brooks,LIG-1025,Lighting,2,11.2,14.18,14.17,28.34,
INV-51207,2026-09-22,C1003,Blue Ridge Electric,A,D. Brooks,HVA-1020,HVAC Parts,3,6.84,8.86,8.87,26.61,
INV-51208,2026-08-09,C1053,Fairfax Power Systems,C,M. Dunn,HVA-1010,HVAC Equipment,5,1378.41,1748.24,1748.69,8743.45,
INV-51208,2026-08-09,C1053,Fairfax Power Systems,C,M. Dunn,HVA-1021,HVAC Parts,12,221.97,331.33,328.1,3937.2,
INV-51208,2026-08-09,C1053,Fairfax Power Systems,C,M. Dunn,WIR-1035,Wire & Cable,3,83.22,115.8,115.08,345.24,
INV-51208,2026-08-09,C1053,Fairfax Power Systems,C,M. Dunn,HVA-1013,HVAC Equipment,2,1860.42,2392.65,2381.05,4762.1,
INV-51208,2026-08-09,C1053,Fairfax Power Systems,C,M. Dunn,BRE-1011,Breakers & Panels,5,108.7,159.32,159.59,797.95,
INV-51209,2026-07-06,C1058,Leesburg Heating & Air,C,D. Brooks,CON-1025,Conduit & Fittings,13,8.4,12.75,12.72,165.36,
INV-51209,2026-07-06,C1058,Leesburg Heating & Air,C,D. Brooks,LIG-1023,Lighting,17,160.88,249.22,250.23,4253.91,
INV-51209,2026-07-06,C1058,Leesburg Heating & Air,C,D. Brooks,WIR-1005,Wire & Cable,5,392.51,518.85,515.48,2577.4,
INV-51209,2026-07-06,C1058,Leesburg Heating & Air,C,D. Brooks,WIR-1018,Wire & Cable,2,47.93,67.87,67.64,135.28,
INV-51210,2026-08-09,C1037,Chantilly Electrical Co.,B,D. Brooks,BRE-1029,Breakers & Panels,2,100.96,135.16,136.32,272.64,
INV-51210,2026-08-09,C1037,Chantilly Electrical Co.,B,D. Brooks,CON-1020,Conduit & Fittings,3,32.14,45.19,44.82,134.46,
INV-51211,2026-07-31,C1092,Old Dominion Power Systems,C,R. Alvarez,BRE-1002,Breakers & Panels,13,117.95,172.57,172.38,2240.94,
INV-51211,2026-07-31,C1092,Old Dominion Power Systems,C,R. Alvarez,LIG-1002,Lighting,7,81.88,128.61,128.14,896.98,
INV-51211,2026-07-31,C1092,Old Dominion Power Systems,C,R. Alvarez,LIG-1033,Lighting,36,27.69,41.64,39.76,1431.36,MGR
INV-51211,2026-07-31,C1092,Old Dominion Power Systems,C,R. Alvarez,HVA-1030,HVAC Equipment,1,1433.65,1827.66,1843.86,1843.86,
INV-51212,2026-08-14,C1044,Dulles Comfort Systems,B,K. Foster,CON-1020,Conduit & Fittings,16,32.14,45.19,45.39,726.24,
INV-51212,2026-08-14,C1044,Dulles Comfort Systems,B,K. Foster,BRE-1026,Breakers & Panels,4,12.67,16.4,16.25,65.0,
INV-51212,2026-08-14,C1044,Dulles Comfort Systems,B,K. Foster,HVA-1029,HVAC Parts,1,7.05,10.01,9.97,9.97,
INV-51213,2026-07-04,C1032,Cardinal Energy Group,B,T. Chen,CON-1007,Conduit & Fittings,22,3.77,5.08,5.04,110.88,
INV-51213,2026-07-04,C1032,Cardinal Energy Group,B,T. Chen,HVA-1029,HVAC Equipment,2,706.2,863.89,867.04,1734.08,
INV-51213,2026-07-04,C1032,Cardinal Energy Group,B,T. Chen,WIR-1024,Wire & Cable,3,274.36,350.42,351.61,1054.83,
INV-51213,2026-07-04,C1032,Cardinal Energy Group,B,T. Chen,BRE-1013,Breakers & Panels,1,205.1,285.48,284.74,284.74,
INV-51213,2026-07-04,C1032,Cardinal Energy Group,B,T. Chen,LIG-1004,Lighting,2,64.29,86.85,87.3,174.6,
INV-51214,2026-09-06,C1025,Capitol Building Services,B,R. Alvarez,HVA-1023,HVAC Parts,3,188.12,267.87,265.79,797.37,
INV-51214,2026-09-06,C1025,Capitol Building Services,B,R. Alvarez,WIR-1005,Wire & Cable,6,392.51,480.62,482.87,2897.22,
INV-51214,2026-09-06,C1025,Capitol Building Services,B,R. Alvarez,BRE-1006,Breakers & Panels,3,18.77,25.36,25.21,75.63,
INV-51214,2026-09-06,C1025,Capitol Building Services,B,R. Alvarez,WIR-1022,Wire & Cable,12,83.06,108.21,108.01,1296.12,
INV-51214,2026-09-06,C1025,Capitol Building Services,B,R. Alvarez,HVA-1018,HVAC Parts,7,116.07,158.21,157.91,1105.37,
INV-51215,2026-08-26,C1008,Bull Run Comfort Systems,A,D. Brooks,BRE-1033,Breakers & Panels,5,20.29,24.12,23.88,119.4,
INV-51215,2026-08-26,C1008,Bull Run Comfort Systems,A,D. Brooks,HVA-1029,HVAC Parts,4,7.05,9.1,9.1,36.4,
INV-51215,2026-08-26,C1008,Bull Run Comfort Systems,A,D. Brooks,BRE-1035,Breakers & Panels,5,97.51,118.92,118.35,591.75,
INV-51215,2026-08-26,C1008,Bull Run Comfort Systems,A,D. Brooks,WIR-1029,Wire & Cable,2,61.38,69.11,68.73,137.46,
INV-51216,2026-07-02,C1100,Reston Contracting,C,K. Foster,CON-1013,Conduit & Fittings,16,25.39,37.33,37.34,597.44,
INV-51216,2026-07-02,C1100,Reston Contracting,C,K. Foster,LIG-1000,Lighting,12,11.27,16.31,16.16,193.92,
INV-51216,2026-07-02,C1100,Reston Contracting,C,K. Foster,WIR-1014,Wire & Cable,4,313.51,430.78,427.91,1711.64,
INV-51217,2026-07-05,C1007,Bull Run Building Services,A,M. Dunn,CON-1030,Conduit & Fittings,23,42.26,56.18,55.92,1286.16,
INV-51217,2026-07-05,C1007,Bull Run Building Services,A,M. Dunn,WIR-1002,Wire & Cable,6,152.66,178.87,180.37,1082.22,
INV-51217,2026-07-05,C1007,Bull Run Building Services,A,M. Dunn,BRE-1028,Breakers & Panels,12,83.36,96.84,97.03,1164.36,
INV-51218,2026-08-19,C1049,Dulles Heating & Air,B,K. Foster,CON-1033,Conduit & Fittings,6,3.42,4.66,4.69,28.14,
INV-51218,2026-08-19,C1049,Dulles Heating & Air,B,K. Foster,WIR-1007,Wire & Cable,9,157.76,197.99,197.97,1781.73,
INV-51219,2026-09-06,C1015,Bull Run Power Systems,A,R. Alvarez,LIG-1019,Lighting,2,22.4,27.44,27.69,55.38,
INV-51219,2026-09-06,C1015,Bull Run Power Systems,A,R. Alvarez,CON-1026,Conduit & Fittings,7,36.79,48.7,48.54,339.78,
INV-51220,2026-09-22,C1031,Cardinal Comfort Systems,B,T. Chen,BRE-1024,Breakers & Panels,8,23.6,30.28,29.99,239.92,
INV-51220,2026-09-22,C1031,Cardinal Comfort Systems,B,T. Chen,HVA-1006,HVAC Parts,6,55.33,75.07,75.04,450.24,
INV-51220,2026-09-22,C1031,Cardinal Comfort Systems,B,T. Chen,HVA-1002,HVAC Equipment,1,1734.3,2032.02,2036.51,2036.51,
INV-51221,2026-09-17,C1042,Chantilly Power Systems,B,T. Chen,WIR-1006,Wire & Cable,1,223.99,270.22,271.33,271.33,
INV-51221,2026-09-17,C1042,Chantilly Power Systems,B,T. Chen,BRE-1030,Breakers & Panels,2,12.43,15.91,15.77,31.54,
INV-51221,2026-09-17,C1042,Chantilly Power Systems,B,T. Chen,HVA-1027,HVAC Equipment,1,2166.2,2615.96,2624.87,2624.87,
INV-51221,2026-09-17,C1042,Chantilly Power Systems,B,T. Chen,BRE-1009,Breakers & Panels,1,29.59,39.28,39.51,39.51,
INV-51222,2026-09-20,C1112,Ridgeline Heating & Air,C,S. Evans,LIG-1030,Lighting,6,127.4,188.87,188.19,1129.14,
INV-51222,2026-09-20,C1112,Ridgeline Heating & Air,C,S. Evans,CON-1010,Conduit & Fittings,6,12.81,18.55,18.48,110.88,
INV-51222,2026-09-20,C1112,Ridgeline Heating & Air,C,S. Evans,HVA-1031,HVAC Parts,2,45.05,66.18,66.24,132.48,
INV-51223,2026-09-18,C1002,Blue Ridge Comfort Systems,A,S. Evans,HVA-1035,HVAC Parts,6,33.23,39.79,39.71,238.26,
INV-51223,2026-09-18,C1002,Blue Ridge Comfort Systems,A,S. Evans,CON-1011,Conduit & Fittings,29,4.24,5.38,5.42,157.18,
INV-51224,2026-08-17,C1013,Bull Run HVAC Services,A,D. Brooks,BRE-1004,Breakers & Panels,2,156.83,186.64,185.7,371.4,
INV-51224,2026-08-17,C1013,Bull Run HVAC Services,A,D. Brooks,HVA-1025,HVAC Parts,3,66.1,85.7,85.23,255.69,
INV-51224,2026-08-17,C1013,Bull Run HVAC Services,A,D. Brooks,BRE-1020,Breakers & Panels,9,33.52,41.24,40.94,368.46,
INV-51225,2026-08-11,C1001,Blue Ridge Building Services,A,M. Dunn,WIR-1006,Wire & Cable,3,223.99,245.66,231.54,694.62,VERBAL
INV-51225,2026-08-11,C1001,Blue Ridge Building Services,A,M. Dunn,HVA-1018,HVAC Equipment,1,798.66,872.34,869.61,869.61,
INV-51225,2026-08-11,C1001,Blue Ridge Building Services,A,M. Dunn,HVA-1000,HVAC Parts,5,6.37,8.23,8.29,41.45,
INV-51225,2026-08-11,C1001,Blue Ridge Building Services,A,M. Dunn,BRE-1018,Breakers & Panels,5,111.4,128.54,129.69,648.45,
INV-51226,2026-09-24,C1006,Blue Ridge Heating & Air,A,M. Dunn,LIG-1027,Lighting,19,15.54,19.44,18.85,358.15,MGR
INV-51226,2026-09-24,C1006,Blue Ridge Heating & Air,A,M. Dunn,BRE-1015,Breakers & Panels,3,93.54,113.93,113.07,339.21,
INV-51226,2026-09-24,C1006,Blue Ridge Heating & Air,A,M. Dunn,LIG-1012,Lighting,4,28.4,34.41,34.75,139.0,
INV-51226,2026-09-24,C1006,Blue Ridge Heating & Air,A,M. Dunn,LIG-1022,Lighting,4,13.9,16.91,16.07,64.28,MGR
INV-51226,2026-09-24,C1006,Blue Ridge Heating & Air,A,M. Dunn,HVA-1033,HVAC Equipment,1,1194.8,1286.12,1278.27,1278.27,
INV-51227,2026-07-04,C1014,Bull Run Heating & Air,A,S. Evans,HVA-1026,HVAC Parts,10,7.14,8.42,8.47,84.7,
INV-51227,2026-07-04,C1014,Bull Run Heating & Air,A,S. Evans,BRE-1025,Breakers & Panels,2,164.87,195.19,196.39,392.78,
INV-51227,2026-07-04,C1014,Bull Run Heating & Air,A,S. Evans,HVA-1007,HVAC Parts,6,201.93,238.82,237.24,1423.44,
INV-51228,2026-09-01,C1030,Capitol Power Systems,B,M. Dunn,HVA-1014,HVAC Equipment,1,1053.64,1218.58,1228.35,1228.35,
INV-51228,2026-09-01,C1030,Capitol Power Systems,B,M. Dunn,HVA-1007,HVAC Equipment,1,1114.79,1370.94,1368.23,1368.23,
INV-51229,2026-09-05,C1047,Dulles Energy Group,B,T. Chen,WIR-1014,Wire & Cable,6,313.51,399.04,399.13,2394.78,
INV-51229,2026-09-05,C1047,Dulles Energy Group,B,T. Chen,WIR-1004,Wire & Cable,4,134.3,166.8,167.65,670.6,
INV-51229,2026-09-05,C1047,Dulles Energy Group,B,T. Chen,LIG-1033,Lighting,2,27.69,38.57,38.95,77.9,
INV-51229,2026-09-05,C1047,Dulles Energy Group,B,T. Chen,BRE-1011,Breakers & Panels,3,108.7,147.58,148.96,446.88,
INV-51230,2026-08-03,C1046,Dulles Electrical Co.,B,K. Foster,CON-1034,Conduit & Fittings,12,17.7,24.2,24.31,291.72,
INV-51230,2026-08-03,C1046,Dulles Electrical Co.,B,K. Foster,HVA-1009,HVAC Equipment,2,1188.73,1457.75,1453.33,2906.66,
INV-51231,2026-06-29,C1007,Bull Run Building Services,A,M. Dunn,CON-1013,Conduit & Fittings,8,25.39,31.43,31.38,251.04,
INV-51231,2026-06-29,C1007,Bull Run Building Services,A,M. Dunn,HVA-1024,HVAC Parts,3,167.27,216.78,205.47,616.41,MGR
INV-51231,2026-06-29,C1007,Bull Run Building Services,A,M. Dunn,HVA-1013,HVAC Equipment,1,1860.42,2014.86,2029.48,2029.48,
INV-51231,2026-06-29,C1007,Bull Run Building Services,A,M. Dunn,WIR-1016,Wire & Cable,2,87.34,97.45,96.99,193.98,
INV-51231,2026-06-29,C1007,Bull Run Building Services,A,M. Dunn,LIG-1006,Lighting,7,17.96,23.46,23.66,165.62,
INV-51232,2026-08-02,C1013,Bull Run HVAC Services,A,D. Brooks,WIR-1034,Wire & Cable,1,60.49,70.27,66.01,66.01,
INV-51232,2026-08-02,C1013,Bull Run HVAC Services,A,D. Brooks,CON-1021,Conduit & Fittings,17,8.73,11.74,11.18,190.06,VERBAL
INV-51232,2026-08-02,C1013,Bull Run HVAC Services,A,D. Brooks,HVA-1011,HVAC Equipment,2,620.35,679.34,672.57,1345.14,
INV-51232,2026-08-02,C1013,Bull Run HVAC Services,A,D. Brooks,HVA-1009,HVAC Equipment,1,1188.73,1325.22,1314.9,1314.9,
INV-51233,2026-08-02,C1043,Dulles Building Services,B,T. Chen,HVA-1020,HVAC Equipment,1,953.96,1097.57,1028.54,1028.54,VERBAL
INV-51233,2026-08-02,C1043,Dulles Building Services,B,T. Chen,LIG-1024,Lighting,15,41.61,56.47,53.74,806.1,
INV-51233,2026-08-02,C1043,Dulles Building Services,B,T. Chen,WIR-1027,Wire & Cable,9,43.54,54.71,54.86,493.74,
INV-51233,2026-08-02,C1043,Dulles Building Services,B,T. Chen,HVA-1031,HVAC Equipment,2,1021.28,1244.98,1252.01,2504.02,
INV-51234,2026-08-29,C1072,Manassas Contracting,C,M. Dunn,LIG-1024,Lighting,9,41.61,60.96,61.11,549.99,
INV-51234,2026-08-29,C1072,Manassas Contracting,C,M. Dunn,WIR-1003,Wire & Cable,9,52.37,69.83,69.71,627.39,
INV-51234,2026-08-29,C1072,Manassas Contracting,C,M. Dunn,BRE-1017,Breakers & Panels,4,33.16,49.9,50.29,201.16,
INV-51234,2026-08-29,C1072,Manassas Contracting,C,M. Dunn,CON-1012,Conduit & Fittings,22,12.67,19.33,19.52,429.44,
INV-51234,2026-08-29,C1072,Manassas Contracting,C,M. Dunn,LIG-1011,Lighting,24,19.03,29.38,29.42,706.08,
INV-51234,2026-08-29,C1072,Manassas Contracting,C,M. Dunn,HVA-1015,HVAC Parts,3,173.58,242.83,243.53,730.59,
INV-51235,2026-09-20,C1026,Capitol Comfort Systems,B,R. Alvarez,HVA-1011,HVAC Parts,4,8.86,12.66,12.58,50.32,
INV-51235,2026-09-20,C1026,Capitol Comfort Systems,B,R. Alvarez,CON-1029,Conduit & Fittings,30,15.74,21.28,21.45,643.5,
INV-51235,2026-09-20,C1026,Capitol Comfort Systems,B,R. Alvarez,HVA-1026,HVAC Equipment,1,478.34,588.01,584.36,584.36,
INV-51235,2026-09-20,C1026,Capitol Comfort Systems,B,R. Alvarez,LIG-1031,Lighting,16,46.98,67.17,66.74,1067.84,
INV-51235,2026-09-20,C1026,Capitol Comfort Systems,B,R. Alvarez,LIG-1019,Lighting,5,22.4,30.18,30.47,152.35,
INV-51235,2026-09-20,C1026,Capitol Comfort Systems,B,R. Alvarez,WIR-1013,Wire & Cable,11,317.33,399.44,400.97,4410.67,
INV-51236,2026-08-15,C1021,Burke HVAC Services,B,M. Dunn,WIR-1019,Wire & Cable,6,116.68,151.54,152.31,913.86,
INV-51236,2026-08-15,C1021,Burke HVAC Services,B,M. Dunn,WIR-1017,Wire & Cable,10,51.35,65.17,64.54,645.4,
INV-51236,2026-08-15,C1021,Burke HVAC Services,B,M. Dunn,WIR-1011,Wire & Cable,5,126.22,154.44,153.64,768.2,
INV-51237,2026-07-19,C1090,Old Dominion Electric,C,K. Foster,HVA-1013,HVAC Equipment,1,1860.42,2392.65,2397.88,2397.88,
INV-51237,2026-07-19,C1090,Old Dominion Electric,C,K. Foster,HVA-1005,HVAC Parts,10,90.38,125.69,125.43,1254.3,
INV-51237,2026-07-19,C1090,Old Dominion Electric,C,K. Foster,CON-1012,Conduit & Fittings,13,12.67,19.33,19.39,252.07,
INV-51237,2026-07-19,C1090,Old Dominion Electric,C,K. Foster,WIR-1015,Wire & Cable,8,35.17,47.22,47.61,380.88,
INV-51238,2026-08-23,C1018,Burke Electric,B,S. Evans,BRE-1013,Breakers & Panels,3,205.1,285.48,286.92,860.76,
INV-51238,2026-08-23,C1018,Burke Electric,B,S. Evans,HVA-1012,HVAC Parts,1,26.33,33.84,33.59,33.59,
INV-51238,2026-08-23,C1018,Burke Electric,B,S. Evans,CON-1027,Conduit & Fittings,5,53.89,77.72,78.16,390.8,
INV-51238,2026-08-23,C1018,Burke Electric,B,S. Evans,HVA-1025,HVAC Equipment,3,435.7,521.87,526.03,1578.09,
INV-51239,2026-07-08,C1050,Fairfax Comfort Systems,B,R. Alvarez,WIR-1027,Wire & Cable,14,43.54,54.71,54.65,765.1,
INV-51239,2026-07-08,C1050,Fairfax Comfort Systems,B,R. Alvarez,BRE-1020,Breakers & Panels,6,33.52,45.36,45.46,272.76,
INV-51239,2026-07-08,C1050,Fairfax Comfort Systems,B,R. Alvarez,CON-1013,Conduit & Fittings,57,25.39,34.58,34.82,1984.74,
INV-51239,2026-07-08,C1050,Fairfax Comfort Systems,B,R. Alvarez,WIR-1021,Wire & Cable,4,162.13,206.43,206.9,827.6,
INV-51240,2026-07-16,C1024,Burke Power Systems,B,D. Brooks,BRE-1019,Breakers & Panels,8,66.96,87.06,79.09,632.72,
INV-51240,2026-07-16,C1024,Burke Power Systems,B,D. Brooks,WIR-1030,Wire & Cable,10,123.15,152.62,141.97,1419.7,
INV-51241,2026-07-17,C1013,Bull Run HVAC Services,A,D. Brooks,LIG-1002,Lighting,10,81.88,108.3,108.67,1086.7,
INV-51241,2026-07-17,C1013,Bull Run HVAC Services,A,D. Brooks,HVA-1022,HVAC Equipment,1,465.16,488.86,484.38,484.38,
INV-51242,2026-08-25,C1019,Burke Electrical Co.,B,K. Foster,LIG-1026,Lighting,16,15.8,21.64,21.61,345.76,
INV-51242,2026-08-25,C1019,Burke Electrical Co.,B,K. Foster,HVA-1031,HVAC Parts,3,45.05,61.3,61.62,184.86,
INV-51243,2026-06-29,C1013,Bull Run HVAC Services,A,D. Brooks,HVA-1014,HVAC Equipment,2,1053.64,1107.8,1104.2,2208.4,
INV-51243,2026-06-29,C1013,Bull Run HVAC Services,A,D. Brooks,WIR-1027,Wire & Cable,3,43.54,49.74,50.22,150.66,
INV-51243,2026-06-29,C1013,Bull Run HVAC Services,A,D. Brooks,HVA-1018,HVAC Parts,2,116.07,143.82,143.17,286.34,
INV-51243,2026-06-29,C1013,Bull Run HVAC Services,A,D. Brooks,CON-1025,Conduit & Fittings,27,8.4,10.74,10.84,292.68,
INV-51243,2026-06-29,C1013,Bull Run HVAC Services,A,D. Brooks,CON-1027,Conduit & Fittings,21,53.89,70.66,70.56,1481.76,
INV-51244,2026-09-09,C1048,Dulles HVAC Services,B,R. Alvarez,HVA-1020,HVAC Parts,3,6.84,9.74,8.99,26.97,MGR
INV-51244,2026-09-09,C1048,Dulles HVAC Services,B,R. Alvarez,CON-1034,Conduit & Fittings,109,17.7,24.2,24.28,2646.52,
INV-51244,2026-09-09,C1048,Dulles HVAC Services,B,R. Alvarez,WIR-1012,Wire & Cable,6,133.61,163.27,164.37,986.22,
INV-51245,2026-08-11,C1046,Dulles Electrical Co.,B,K. Foster,CON-1017,Conduit & Fittings,13,21.97,32.43,32.45,421.85,
INV-51245,2026-08-11,C1046,Dulles Electrical Co.,B,K. Foster,LIG-1034,Lighting,12,44.13,58.4,57.99,695.88,
INV-51245,2026-08-11,C1046,Dulles Electrical Co.,B,K. Foster,HVA-1007,HVAC Parts,3,201.93,262.7,260.99,782.97,
INV-51246,2026-08-05,C1004,Blue Ridge Electrical Co.,A,T. Chen,LIG-1014,Lighting,13,9.82,12.59,12.48,162.24,
INV-51246,2026-08-05,C1004,Blue Ridge Electrical Co.,A,T. Chen,WIR-1009,Wire & Cable,4,329.33,392.5,395.55,1582.2,
INV-51246,2026-08-05,C1004,Blue Ridge Electrical Co.,A,T. Chen,LIG-1020,Lighting,9,23.46,28.31,28.31,254.79,
INV-51247,2026-07-31,C1002,Blue Ridge Comfort Systems,A,S. Evans,HVA-1009,HVAC Parts,2,7.94,9.44,9.52,19.04,
INV-51247,2026-07-31,C1002,Blue Ridge Comfort Systems,A,S. Evans,CON-1029,Conduit & Fittings,20,15.74,19.34,19.2,384.0,
INV-51248,2026-09-13,C1004,Blue Ridge Electrical Co.,A,T. Chen,CON-1033,Conduit & Fittings,20,3.42,4.24,4.2,84.0,
INV-51248,2026-09-13,C1004,Blue Ridge Electrical Co.,A,T. Chen,WIR-1022,Wire & Cable,10,83.06,98.38,98.1,981.0,
INV-51249,2026-09-04,C1103,Reston Energy Group,C,S. Evans,BRE-1029,Breakers & Panels,1,100.96,145.91,144.98,144.98,
INV-51249,2026-09-04,C1103,Reston Energy Group,C,S. Evans,WIR-1015,Wire & Cable,15,35.17,47.22,43.42,651.3,
INV-51250,2026-09-13,C1009,Bull Run Contracting,A,M. Dunn,BRE-1031,Breakers & Panels,7,33.11,39.01,38.79,271.53,
INV-51250,2026-09-13,C1009,Bull Run Contracting,A,M. Dunn,HVA-1025,HVAC Parts,12,66.1,85.7,85.9,1030.8,
INV-51250,2026-09-13,C1009,Bull Run Contracting,A,M. Dunn,HVA-1008,HVAC Equipment,5,913.36,995.01,989.48,4947.4,
INV-51251,2026-07-29,C1038,Chantilly Energy Group,B,S. Evans,BRE-1026,Breakers & Panels,5,12.67,16.4,16.49,82.45,
INV-51251,2026-07-29,C1038,Chantilly Energy Group,B,S. Evans,CON-1001,Conduit & Fittings,2,32.08,46.43,46.64,93.28,
INV-51251,2026-07-29,C1038,Chantilly Energy Group,B,S. Evans,LIG-1003,Lighting,46,183.14,264.01,265.3,12203.8,
INV-51251,2026-07-29,C1038,Chantilly Energy Group,B,S. Evans,HVA-1029,HVAC Equipment,2,706.2,863.89,867.26,1734.52,
INV-51251,2026-07-29,C1038,Chantilly Energy Group,B,S. Evans,HVA-1003,HVAC Equipment,1,767.04,881.77,884.32,884.32,
INV-51252,2026-07-15,C1033,Cardinal HVAC Services,B,D. Brooks,CON-1030,Conduit & Fittings,12,42.26,61.79,61.54,738.48,
INV-51252,2026-07-15,C1033,Cardinal HVAC Services,B,D. Brooks,BRE-1020,Breakers & Panels,15,33.52,45.36,45.76,686.4,
INV-51252,2026-07-15,C1033,Cardinal HVAC Services,B,D. Brooks,BRE-1000,Breakers & Panels,2,42.31,58.23,57.87,115.74,
INV-51253,2026-08-12,C1095,Potomac Electric,C,S. Evans,HVA-1000,HVAC Parts,3,6.37,9.78,9.69,29.07,
INV-51253,2026-08-12,C1095,Potomac Electric,C,S. Evans,HVA-1014,HVAC Equipment,1,1053.64,1315.51,1322.4,1322.4,
INV-51253,2026-08-12,C1095,Potomac Electric,C,S. Evans,CON-1027,Conduit & Fittings,4,53.89,83.9,83.76,335.04,
INV-51253,2026-08-12,C1095,Potomac Electric,C,S. Evans,BRE-1031,Breakers & Panels,4,33.11,46.32,42.05,168.2,
INV-51253,2026-08-12,C1095,Potomac Electric,C,S. Evans,LIG-1021,Lighting,17,183.41,283.86,283.1,4812.7,
INV-51254,2026-07-22,C1030,Capitol Power Systems,B,M. Dunn,WIR-1005,Wire & Cable,27,392.51,480.62,479.0,12933.0,
INV-51254,2026-07-22,C1030,Capitol Power Systems,B,M. Dunn,HVA-1000,HVAC Parts,3,6.37,9.06,9.04,27.12,
INV-51254,2026-07-22,C1030,Capitol Power Systems,B,M. Dunn,CON-1019,Conduit & Fittings,3,3.49,4.77,4.73,14.19,
INV-51254,2026-07-22,C1030,Capitol Power Systems,B,M. Dunn,LIG-1018,Lighting,13,40.2,55.41,55.19,717.47,
INV-51254,2026-07-22,C1030,Capitol Power Systems,B,M. Dunn,BRE-1033,Breakers & Panels,7,20.29,26.53,26.57,185.99,
INV-51254,2026-07-22,C1030,Capitol Power Systems,B,M. Dunn,HVA-1017,HVAC Equipment,15,2240.25,2676.19,2653.18,39797.7,
INV-51255,2026-09-10,C1099,Reston Comfort Systems,C,K. Foster,LIG-1008,Lighting,6,37.77,53.2,53.45,320.7,
INV-51255,2026-09-10,C1099,Reston Comfort Systems,C,K. Foster,LIG-1023,Lighting,3,160.88,249.22,251.49,754.47,
INV-51255,2026-09-10,C1099,Reston Comfort Systems,C,K. Foster,CON-1006,Conduit & Fittings,13,6.73,10.26,10.24,133.12,
INV-51255,2026-09-10,C1099,Reston Comfort Systems,C,K. Foster,WIR-1027,Wire & Cable,3,43.54,59.06,58.59,175.77,
INV-51255,2026-09-10,C1099,Reston Comfort Systems,C,K. Foster,WIR-1001,Wire & Cable,28,67.02,87.51,86.72,2428.16,
INV-51256,2026-08-23,C1007,Bull Run Building Services,A,M. Dunn,HVA-1005,HVAC Equipment,1,1913.09,2066.49,2065.48,2065.48,
INV-51256,2026-08-23,C1007,Bull Run Building Services,A,M. Dunn,BRE-1004,Breakers & Panels,3,156.83,186.64,188.46,565.38,
INV-51256,2026-08-23,C1007,Bull Run Building Services,A,M. Dunn,HVA-1023,HVAC Parts,7,188.12,243.52,244.98,1714.86,
INV-51256,2026-08-23,C1007,Bull Run Building Services,A,M. Dunn,HVA-1005,HVAC Parts,5,90.38,105.84,104.87,524.35,
INV-51257,2026-08-22,C1054,Leesburg Building Services,C,R. Alvarez,LIG-1007,Lighting,1,114.08,160.95,161.91,161.91,
INV-51257,2026-08-22,C1054,Leesburg Building Services,C,R. Alvarez,LIG-1015,Lighting,28,64.96,98.44,98.81,2766.68,
INV-51257,2026-08-22,C1054,Leesburg Building Services,C,R. Alvarez,BRE-1005,Breakers & Panels,4,159.52,228.3,227.67,910.68,
INV-51257,2026-08-22,C1054,Leesburg Building Services,C,R. Alvarez,HVA-1017,HVAC Equipment,1,2240.25,2889.06,2869.88,2869.88,
INV-51257,2026-08-22,C1054,Leesburg Building Services,C,R. Alvarez,BRE-1004,Breakers & Panels,4,156.83,221.63,223.77,895.08,
INV-51257,2026-08-22,C1054,Leesburg Building Services,C,R. Alvarez,WIR-1027,Wire & Cable,8,43.54,59.06,58.6,468.8,
INV-51258,2026-09-13,C1038,Chantilly Energy Group,B,S. Evans,BRE-1003,Breakers & Panels,5,17.77,23.14,20.69,103.45,
INV-51258,2026-09-13,C1038,Chantilly Energy Group,B,S. Evans,LIG-1002,Lighting,5,81.88,119.13,119.03,595.15,
INV-51258,2026-09-13,C1038,Chantilly Energy Group,B,S. Evans,BRE-1015,Breakers & Panels,4,93.54,125.32,125.37,501.48,
INV-51258,2026-09-13,C1038,Chantilly Energy Group,B,S. Evans,HVA-1018,HVAC Equipment,6,798.66,959.57,960.31,5761.86,
INV-51258,2026-09-13,C1038,Chantilly Energy Group,B,S. Evans,HVA-1012,HVAC Equipment,1,922.14,1084.86,1077.7,1077.7,
INV-51259,2026-07-16,C1083,Occoquan Electric,C,M. Dunn,LIG-1004,Lighting,37,64.29,93.76,93.59,3462.83,
INV-51259,2026-07-16,C1083,Occoquan Electric,C,M. Dunn,BRE-1028,Breakers & Panels,2,83.36,115.0,114.26,228.52,
INV-51259,2026-07-16,C1083,Occoquan Electric,C,M. Dunn,CON-1034,Conduit & Fittings,52,17.7,26.12,25.99,1351.48,
INV-51259,2026-07-16,C1083,Occoquan Electric,C,M. Dunn,CON-1030,Conduit & Fittings,27,42.26,66.71,66.66,1799.82,
INV-51260,2026-08-22,C1020,Burke Energy Group,B,S. Evans,BRE-1011,Breakers & Panels,3,108.7,147.58,146.83,440.49,
INV-51260,2026-08-22,C1020,Burke Energy Group,B,S. Evans,CON-1000,Conduit & Fittings,14,23.85,32.38,32.22,451.08,
INV-51260,2026-08-22,C1020,Burke Energy Group,B,S. Evans,LIG-1002,Lighting,6,81.88,119.13,119.97,719.82,
INV-51260,2026-08-22,C1020,Burke Energy Group,B,S. Evans,WIR-1001,Wire & Cable,2,67.02,81.07,80.37,160.74,
INV-51261,2026-09-15,C1006,Blue Ridge Heating & Air,A,M. Dunn,BRE-1024,Breakers & Panels,6,23.6,27.53,27.42,164.52,
INV-51261,2026-09-15,C1006,Blue Ridge Heating & Air,A,M. Dunn,CON-1006,Conduit & Fittings,3,6.73,8.64,8.66,25.98,
INV-51261,2026-09-15,C1006,Blue Ridge Heating & Air,A,M. Dunn,WIR-1020,Wire & Cable,5,212.93,240.9,242.01,1210.05,
INV-51262,2026-09-21,C1011,Bull Run Electrical Co.,A,D. Brooks,BRE-1032,Breakers & Panels,18,49.92,61.18,61.0,1098.0,
INV-51262,2026-09-21,C1011,Bull Run Electrical Co.,A,D. Brooks,BRE-1030,Breakers & Panels,2,12.43,14.46,14.59,29.18,
INV-51262,2026-09-21,C1011,Bull Run Electrical Co.,A,D. Brooks,WIR-1031,Wire & Cable,9,333.43,388.52,392.2,3529.8,
INV-51263,2026-08-29,C1006,Blue Ridge Heating & Air,A,M. Dunn,LIG-1028,Lighting,18,42.41,53.1,53.45,962.1,
INV-51263,2026-08-29,C1006,Blue Ridge Heating & Air,A,M. Dunn,HVA-1018,HVAC Equipment,1,798.66,872.34,877.4,877.4,
INV-51264,2026-09-08,C1004,Blue Ridge Electrical Co.,A,T. Chen,HVA-1011,HVAC Parts,9,8.86,11.51,11.42,102.78,
INV-51264,2026-09-08,C1004,Blue Ridge Electrical Co.,A,T. Chen,HVA-1016,HVAC Parts,8,11.14,14.34,14.32,114.56,
INV-51264,2026-09-08,C1004,Blue Ridge Electrical Co.,A,T. Chen,HVA-1015,HVAC Equipment,3,646.24,676.63,674.34,2023.02,
INV-51265,2026-08-02,C1059,Leesburg Mechanical,C,K. Foster,WIR-1021,Wire & Cable,22,162.13,222.85,223.08,4907.76,
INV-51265,2026-08-02,C1059,Leesburg Mechanical,C,K. Foster,CON-1002,Conduit & Fittings,6,2.46,3.85,3.84,23.04,
INV-51265,2026-08-02,C1059,Leesburg Mechanical,C,K. Foster,HVA-1004,HVAC Equipment,1,1034.98,1365.81,1353.21,1353.21,
INV-51265,2026-08-02,C1059,Leesburg Mechanical,C,K. Foster,BRE-1009,Breakers & Panels,3,29.59,42.41,42.28,126.84,
INV-51266,2026-08-14,C1015,Bull Run Power Systems,A,R. Alvarez,CON-1018,Conduit & Fittings,10,4.8,6.39,6.34,63.4,
INV-51266,2026-08-14,C1015,Bull Run Power Systems,A,R. Alvarez,BRE-1022,Breakers & Panels,58,51.87,65.5,65.1,3775.8,
INV-51266,2026-08-14,C1015,Bull Run Power Systems,A,R. Alvarez,BRE-1005,Breakers & Panels,2,159.52,192.26,191.64,383.28,
INV-51266,2026-08-14,C1015,Bull Run Power Systems,A,R. Alvarez,HVA-1012,HVAC Parts,2,26.33,30.77,30.81,61.62,
INV-51266,2026-08-14,C1015,Bull Run Power Systems,A,R. Alvarez,HVA-1026,HVAC Equipment,3,478.34,534.55,537.24,1611.72,
INV-51266,2026-08-14,C1015,Bull Run Power Systems,A,R. Alvarez,HVA-1009,HVAC Equipment,1,1188.73,1325.22,1319.35,1319.35,
INV-51267,2026-07-28,C1010,Bull Run Electric,A,K. Foster,HVA-1035,HVAC Parts,3,33.23,39.79,40.15,120.45,
INV-51267,2026-07-28,C1010,Bull Run Electric,A,K. Foster,BRE-1014,Breakers & Panels,4,162.58,206.71,208.55,834.2,
INV-51267,2026-07-28,C1010,Bull Run Electric,A,K. Foster,HVA-1004,HVAC Equipment,1,1034.98,1150.15,1152.07,1152.07,
INV-51267,2026-07-28,C1010,Bull Run Electric,A,K. Foster,WIR-1024,Wire & Cable,14,274.36,318.57,317.94,4451.16,
INV-51268,2026-09-12,C1102,Reston Electrical Co.,C,R. Alvarez,LIG-1029,Lighting,5,98.21,142.11,141.53,707.65,
INV-51268,2026-09-12,C1102,Reston Electrical Co.,C,R. Alvarez,WIR-1007,Wire & Cable,12,157.76,213.74,213.23,2558.76,
INV-51268,2026-09-12,C1102,Reston Electrical Co.,C,R. Alvarez,HVA-1032,HVAC Parts,2,40.36,59.24,59.75,119.5,
INV-51269,2026-07-02,C1039,Chantilly HVAC Services,B,R. Alvarez,CON-1007,Conduit & Fittings,92,3.77,5.08,5.13,471.96,
INV-51269,2026-07-02,C1039,Chantilly HVAC Services,B,R. Alvarez,CON-1035,Conduit & Fittings,7,50.27,75.84,76.33,534.31,
INV-51269,2026-07-02,C1039,Chantilly HVAC Services,B,R. Alvarez,CON-1033,Conduit & Fittings,14,3.42,4.66,4.62,64.68,
INV-51269,2026-07-02,C1039,Chantilly HVAC Services,B,R. Alvarez,BRE-1031,Breakers & Panels,6,33.11,42.91,43.1,258.6,
INV-51270,2026-08-05,C1048,Dulles HVAC Services,B,R. Alvarez,LIG-1034,Lighting,26,44.13,58.4,58.47,1520.22,
INV-51270,2026-08-05,C1048,Dulles HVAC Services,B,R. Alvarez,BRE-1025,Breakers & Panels,12,164.87,214.71,215.04,2580.48,
INV-51270,2026-08-05,C1048,Dulles HVAC Services,B,R. Alvarez,BRE-1033,Breakers & Panels,6,20.29,26.53,26.7,160.2,
INV-51270,2026-08-05,C1048,Dulles HVAC Services,B,R. Alvarez,BRE-1004,Breakers & Panels,6,156.83,205.3,206.27,1237.62,
INV-51270,2026-08-05,C1048,Dulles HVAC Services,B,R. Alvarez,CON-1020,Conduit & Fittings,10,32.14,45.19,45.08,450.8,
INV-51270,2026-08-05,C1048,Dulles HVAC Services,B,R. Alvarez,CON-1017,Conduit & Fittings,6,21.97,32.43,32.35,194.1,
INV-51271,2026-07-15,C1004,Blue Ridge Electrical Co.,A,T. Chen,HVA-1020,HVAC Parts,5,6.84,8.86,8.82,44.1,
INV-51271,2026-07-15,C1004,Blue Ridge Electrical Co.,A,T. Chen,CON-1035,Conduit & Fittings,7,50.27,68.94,68.35,478.45,
INV-51271,2026-07-15,C1004,Blue Ridge Electrical Co.,A,T. Chen,BRE-1018,Breakers & Panels,2,111.4,128.54,129.32,258.64,
INV-51271,2026-07-15,C1004,Blue Ridge Electrical Co.,A,T. Chen,HVA-1001,HVAC Equipment,1,1321.74,1471.69,1485.65,1485.65,
INV-51271,2026-07-15,C1004,Blue Ridge Electrical Co.,A,T. Chen,HVA-1015,HVAC Equipment,2,646.24,676.63,678.2,1356.4,
INV-51272,2026-08-30,C1030,Capitol Power Systems,B,M. Dunn,BRE-1010,Breakers & Panels,14,41.23,52.4,52.73,738.22,
INV-51272,2026-08-30,C1030,Capitol Power Systems,B,M. Dunn,WIR-1015,Wire & Cable,11,35.17,43.74,43.75,481.25,
INV-51272,2026-08-30,C1030,Capitol Power Systems,B,M. Dunn,BRE-1032,Breakers & Panels,3,49.92,67.29,67.25,201.75,
INV-51273,2026-07-31,C1087,Occoquan Power Systems,C,K. Foster,LIG-1007,Lighting,15,114.08,160.95,161.96,2429.4,
INV-51273,2026-07-31,C1087,Occoquan Power Systems,C,K. Foster,CON-1013,Conduit & Fittings,10,25.39,37.33,37.35,373.5,
INV-51274,2026-07-04,C1037,Chantilly Electrical Co.,B,D. Brooks,HVA-1018,HVAC Equipment,1,798.66,959.57,951.82,951.82,
INV-51274,2026-07-04,C1037,Chantilly Electrical Co.,B,D. Brooks,HVA-1021,HVAC Parts,4,221.97,306.92,308.5,1234.0,
INV-51274,2026-07-04,C1037,Chantilly Electrical Co.,B,D. Brooks,CON-1000,Conduit & Fittings,5,23.85,32.38,32.69,163.45,
INV-51274,2026-07-04,C1037,Chantilly Electrical Co.,B,D. Brooks,LIG-1030,Lighting,2,127.4,174.95,167.26,334.52,VERBAL
INV-51274,2026-07-04,C1037,Chantilly Electrical Co.,B,D. Brooks,LIG-1015,Lighting,2,64.96,91.19,91.6,183.2,
INV-51275,2026-08-27,C1107,Reston Power Systems,C,T. Chen,BRE-1015,Breakers & Panels,13,93.54,135.29,136.28,1771.64,
INV-51275,2026-08-27,C1107,Reston Power Systems,C,T. Chen,WIR-1008,Wire & Cable,10,100.04,139.5,138.16,1381.6,
INV-51276,2026-07-26,C1013,Bull Run HVAC Services,A,D. Brooks,LIG-1027,Lighting,15,15.54,19.44,19.58,293.7,
INV-51276,2026-07-26,C1013,Bull Run HVAC Services,A,D. Brooks,HVA-1033,HVAC Parts,3,37.29,43.79,44.19,132.57,
INV-51276,2026-07-26,C1013,Bull Run HVAC Services,A,D. Brooks,CON-1025,Conduit & Fittings,11,8.4,10.74,10.75,118.25,
INV-51277,2026-09-10,C1050,Fairfax Comfort Systems,B,R. Alvarez,HVA-1011,HVAC Equipment,11,620.35,747.27,741.88,8160.68,
INV-51277,2026-09-10,C1050,Fairfax Comfort Systems,B,R. Alvarez,LIG-1016,Lighting,6,90.5,121.68,122.17,733.02,
INV-51277,2026-09-10,C1050,Fairfax Comfort Systems,B,R. Alvarez,LIG-1019,Lighting,1,22.4,30.18,30.08,30.08,
INV-51278,2026-07-24,C1013,Bull Run HVAC Services,A,D. Brooks,CON-1034,Conduit & Fittings,33,17.7,22.0,21.91,723.03,
INV-51278,2026-07-24,C1013,Bull Run HVAC Services,A,D. Brooks,HVA-1015,HVAC Equipment,1,646.24,676.63,678.91,678.91,
INV-51279,2026-07-13,C1046,Dulles Electrical Co.,B,K. Foster,HVA-1026,HVAC Equipment,1,478.34,588.01,591.85,591.85,
INV-51279,2026-07-13,C1046,Dulles Electrical Co.,B,K. Foster,LIG-1023,Lighting,13,160.88,230.86,230.64,2998.32,
INV-51279,2026-07-13,C1046,Dulles Electrical Co.,B,K. Foster,HVA-1009,HVAC Parts,5,7.94,10.38,10.34,51.7,
INV-51279,2026-07-13,C1046,Dulles Electrical Co.,B,K. Foster,WIR-1026,Wire & Cable,2,42.97,55.34,54.84,109.68,
INV-51279,2026-07-13,C1046,Dulles Electrical Co.,B,K. Foster,HVA-1032,HVAC Equipment,2,850.39,1010.49,1003.84,2007.68,
INV-51279,2026-07-13,C1046,Dulles Electrical Co.,B,K. Foster,HVA-1029,HVAC Parts,2,7.05,10.01,9.95,19.9,
INV-51280,2026-09-01,C1002,Blue Ridge Comfort Systems,A,S. Evans,HVA-1024,HVAC Equipment,5,2463.08,2710.2,2685.75,13428.75,
INV-51280,2026-09-01,C1002,Blue Ridge Comfort Systems,A,S. Evans,HVA-1014,HVAC Equipment,2,1053.64,1107.8,1106.01,2212.02,
INV-51280,2026-09-01,C1002,Blue Ridge Comfort Systems,A,S. Evans,CON-1022,Conduit & Fittings,17,3.57,4.46,4.43,75.31,
INV-51280,2026-09-01,C1002,Blue Ridge Comfort Systems,A,S. Evans,CON-1027,Conduit & Fittings,16,53.89,70.66,70.64,1130.24,
INV-51280,2026-09-01,C1002,Blue Ridge Comfort Systems,A,S. Evans,LIG-1011,Lighting,25,19.03,24.74,24.87,621.75,
INV-51281,2026-07-10,C1002,Blue Ridge Comfort Systems,A,S. Evans,WIR-1000,Wire & Cable,9,216.1,243.5,217.89,1961.01,
INV-51281,2026-07-10,C1002,Blue Ridge Comfort Systems,A,S. Evans,HVA-1019,HVAC Equipment,1,1148.15,1237.5,1241.64,1241.64,
INV-51281,2026-07-10,C1002,Blue Ridge Comfort Systems,A,S. Evans,HVA-1013,HVAC Parts,6,12.39,14.87,14.92,89.52,
INV-51281,2026-07-10,C1002,Blue Ridge Comfort Systems,A,S. Evans,BRE-1019,Breakers & Panels,7,66.96,79.14,78.8,551.6,
INV-51281,2026-07-10,C1002,Blue Ridge Comfort Systems,A,S. Evans,HVA-1009,HVAC Equipment,8,1188.73,1325.22,1338.36,10706.88,
INV-51282,2026-08-25,C1055,Leesburg Contracting,C,D. Brooks,CON-1033,Conduit & Fittings,4,3.42,5.03,5.06,20.24,
INV-51282,2026-08-25,C1055,Leesburg Contracting,C,D. Brooks,HVA-1019,HVAC Parts,6,165.59,243.31,242.28,1453.68,
INV-51282,2026-08-25,C1055,Leesburg Contracting,C,D. Brooks,HVA-1021,HVAC Equipment,3,2137.62,2675.49,2654.57,7963.71,
INV-51283,2026-08-03,C1011,Bull Run Electrical Co.,A,D. Brooks,HVA-1018,HVAC Parts,1,116.07,143.82,145.15,145.15,
INV-51283,2026-08-03,C1011,Bull Run Electrical Co.,A,D. Brooks,CON-1024,Conduit & Fittings,3,3.43,4.71,4.67,14.01,
INV-51283,2026-08-03,C1011,Bull Run Electrical Co.,A,D. Brooks,HVA-1031,HVAC Parts,5,45.05,55.73,55.71,278.55,
INV-51283,2026-08-03,C1011,Bull Run Electrical Co.,A,D. Brooks,HVA-1003,HVAC Equipment,1,767.04,801.61,805.49,805.49,
INV-51283,2026-08-03,C1011,Bull Run Electrical Co.,A,D. Brooks,BRE-1035,Breakers & Panels,1,97.51,118.92,119.65,119.65,
INV-51283,2026-08-03,C1011,Bull Run Electrical Co.,A,D. Brooks,WIR-1021,Wire & Cable,3,162.13,187.66,187.35,562.05,
INV-51284,2026-06-29,C1021,Burke HVAC Services,B,M. Dunn,HVA-1024,HVAC Equipment,3,2463.08,2981.22,2962.17,8886.51,
INV-51284,2026-06-29,C1021,Burke HVAC Services,B,M. Dunn,BRE-1004,Breakers & Panels,6,156.83,205.3,204.57,1227.42,
INV-51285,2026-09-07,C1025,Capitol Building Services,B,R. Alvarez,LIG-1035,Lighting,11,45.87,66.67,66.7,733.7,
INV-51285,2026-09-07,C1025,Capitol Building Services,B,R. Alvarez,WIR-1033,Wire & Cable,2,54.3,70.1,69.49,138.98,
INV-51285,2026-09-07,C1025,Capitol Building Services,B,R. Alvarez,WIR-1001,Wire & Cable,1,67.02,81.07,81.81,81.81,
INV-51285,2026-09-07,C1025,Capitol Building Services,B,R. Alvarez,HVA-1020,HVAC Parts,5,6.84,9.74,9.75,48.75,
INV-51285,2026-09-07,C1025,Capitol Building Services,B,R. Alvarez,CON-1020,Conduit & Fittings,41,32.14,45.19,44.74,1834.34,
INV-51285,2026-09-07,C1025,Capitol Building Services,B,R. Alvarez,WIR-1024,Wire & Cable,2,274.36,350.42,350.96,701.92,
INV-51286,2026-09-11,C1115,Shenandoah Electrical Co.,C,K. Foster,LIG-1034,Lighting,9,44.13,63.04,62.42,561.78,
INV-51286,2026-09-11,C1115,Shenandoah Electrical Co.,C,K. Foster,CON-1020,Conduit & Fittings,24,32.14,48.78,48.51,1164.24,
INV-51286,2026-09-11,C1115,Shenandoah Electrical Co.,C,K. Foster,BRE-1015,Breakers & Panels,11,93.54,135.29,134.55,1480.05,
INV-51286,2026-09-11,C1115,Shenandoah Electrical Co.,C,K. Foster,WIR-1008,Wire & Cable,17,100.04,139.5,139.23,2366.91,
INV-51286,2026-09-11,C1115,Shenandoah Electrical Co.,C,K. Foster,HVA-1003,HVAC Parts,3,14.6,21.38,21.35,64.05,
INV-51287,2026-07-01,C1069,Loudoun Power Systems,C,T. Chen,BRE-1013,Breakers & Panels,2,205.1,308.19,307.91,615.82,
INV-51287,2026-07-01,C1069,Loudoun Power Systems,C,T. Chen,HVA-1016,HVAC Parts,1,11.14,17.03,16.92,16.92,
INV-51287,2026-07-01,C1069,Loudoun Power Systems,C,T. Chen,HVA-1012,HVAC Equipment,1,922.14,1171.15,1169.71,1169.71,
INV-51287,2026-07-01,C1069,Loudoun Power Systems,C,T. Chen,WIR-1003,Wire & Cable,12,52.37,69.83,69.53,834.36,
INV-51288,2026-08-09,C1015,Bull Run Power Systems,A,R. Alvarez,HVA-1003,HVAC Equipment,1,767.04,801.61,802.29,802.29,
INV-51288,2026-08-09,C1015,Bull Run Power Systems,A,R. Alvarez,CON-1034,Conduit & Fittings,26,17.7,22.0,21.96,570.96,
INV-51288,2026-08-09,C1015,Bull Run Power Systems,A,R. Alvarez,HVA-1027,HVAC Equipment,1,2166.2,2378.14,2355.02,2355.02,
INV-51288,2026-08-09,C1015,Bull Run Power Systems,A,R. Alvarez,BRE-1007,Breakers & Panels,15,24.67,31.43,31.49,472.35,
INV-51289,2026-08-14,C1033,Cardinal HVAC Services,B,D. Brooks,WIR-1009,Wire & Cable,2,329.33,431.75,403.95,807.9,
INV-51289,2026-08-14,C1033,Cardinal HVAC Services,B,D. Brooks,WIR-1010,Wire & Cable,17,416.68,509.46,455.52,7743.84,
INV-51289,2026-08-14,C1033,Cardinal HVAC Services,B,D. Brooks,LIG-1012,Lighting,4,28.4,37.85,38.04,152.16,
INV-51290,2026-07-15,C1098,Reston Building Services,C,D. Brooks,LIG-1008,Lighting,3,37.77,53.2,53.15,159.45,
INV-51290,2026-07-15,C1098,Reston Building Services,C,D. Brooks,BRE-1016,Breakers & Panels,2,22.89,32.45,32.43,64.86,
INV-51290,2026-07-15,C1098,Reston Building Services,C,D. Brooks,WIR-1004,Wire & Cable,10,134.3,180.06,163.13,1631.3,
INV-51290,2026-07-15,C1098,Reston Building Services,C,D. Brooks,HVA-1015,HVAC Parts,1,173.58,242.83,241.62,241.62,
INV-51290,2026-07-15,C1098,Reston Building Services,C,D. Brooks,WIR-1028,Wire & Cable,6,76.0,105.43,106.14,636.84,
INV-51291,2026-09-05,C1032,Cardinal Energy Group,B,T. Chen,WIR-1032,Wire & Cable,2,294.58,367.28,365.61,731.22,
INV-51291,2026-09-05,C1032,Cardinal Energy Group,B,T. Chen,HVA-1006,HVAC Parts,7,55.33,75.07,74.39,520.73,
INV-51291,2026-09-05,C1032,Cardinal Energy Group,B,T. Chen,HVA-1022,HVAC Equipment,1,465.16,537.74,542.33,542.33,
INV-51291,2026-09-05,C1032,Cardinal Energy Group,B,T. Chen,CON-1002,Conduit & Fittings,43,2.46,3.56,3.54,152.22,
INV-51292,2026-07-30,C1049,Dulles Heating & Air,B,K. Foster,LIG-1022,Lighting,14,13.9,18.6,18.78,262.92,
INV-51292,2026-07-30,C1049,Dulles Heating & Air,B,K. Foster,CON-1034,Conduit & Fittings,84,17.7,24.2,24.01,2016.84,
INV-51292,2026-07-30,C1049,Dulles Heating & Air,B,K. Foster,WIR-1012,Wire & Cable,1,133.61,163.27,164.22,164.22,
INV-51292,2026-07-30,C1049,Dulles Heating & Air,B,K. Foster,HVA-1025,HVAC Equipment,2,435.7,521.87,520.22,1040.44,
INV-51292,2026-07-30,C1049,Dulles Heating & Air,B,K. Foster,HVA-1006,HVAC Parts,3,55.33,75.07,75.34,226.02,
INV-51293,2026-09-11,C1003,Blue Ridge Electric,A,D. Brooks,HVA-1031,HVAC Parts,2,45.05,55.73,56.01,112.02,
INV-51293,2026-09-11,C1003,Blue Ridge Electric,A,D. Brooks,BRE-1027,Breakers & Panels,6,48.96,58.02,53.24,319.44,
INV-51293,2026-09-11,C1003,Blue Ridge Electric,A,D. Brooks,WIR-1012,Wire & Cable,6,133.61,148.42,136.69,820.14,
INV-51293,2026-09-11,C1003,Blue Ridge Electric,A,D. Brooks,LIG-1018,Lighting,21,40.2,50.38,50.54,1061.34,
INV-51293,2026-09-11,C1003,Blue Ridge Electric,A,D. Brooks,CON-1030,Conduit & Fittings,11,42.26,56.18,56.66,623.26,
INV-51294,2026-08-17,C1020,Burke Energy Group,B,S. Evans,HVA-1000,HVAC Parts,1,6.37,9.06,9.12,9.12,
INV-51294,2026-08-17,C1020,Burke Energy Group,B,S. Evans,HVA-1012,HVAC Equipment,8,922.14,1084.86,1084.34,8674.72,
INV-51295,2026-07-21,C1074,Manassas Electrical Co.,C,M. Dunn,CON-1003,Conduit & Fittings,4,2.25,3.57,3.57,14.28,
INV-51295,2026-07-21,C1074,Manassas Electrical Co.,C,M. Dunn,HVA-1035,HVAC Equipment,3,1183.06,1516.96,1520.19,4560.57,
INV-51295,2026-07-21,C1074,Manassas Electrical Co.,C,M. Dunn,WIR-1032,Wire & Cable,15,294.58,396.49,397.13,5956.95,
INV-51296,2026-07-13,C1034,Cardinal Power Systems,B,K. Foster,WIR-1009,Wire & Cable,5,329.33,431.75,430.8,2154.0,
INV-51296,2026-07-13,C1034,Cardinal Power Systems,B,K. Foster,HVA-1006,HVAC Equipment,1,495.45,601.59,602.66,602.66,
INV-51296,2026-07-13,C1034,Cardinal Power Systems,B,K. Foster,WIR-1026,Wire & Cable,14,42.97,55.34,54.93,769.02,
INV-51296,2026-07-13,C1034,Cardinal Power Systems,B,K. Foster,BRE-1016,Breakers & Panels,8,22.89,30.06,29.84,238.72,
INV-51296,2026-07-13,C1034,Cardinal Power Systems,B,K. Foster,LIG-1029,Lighting,6,98.21,131.64,131.66,789.96,
INV-51296,2026-07-13,C1034,Cardinal Power Systems,B,K. Foster,LIG-1018,Lighting,9,40.2,55.41,55.23,497.07,
INV-51297,2026-08-14,C1047,Dulles Energy Group,B,T. Chen,HVA-1008,HVAC Equipment,1,913.36,1094.51,1101.4,1101.4,
INV-51297,2026-08-14,C1047,Dulles Energy Group,B,T. Chen,CON-1008,Conduit & Fittings,22,3.76,5.12,5.07,111.54,
INV-51297,2026-08-14,C1047,Dulles Energy Group,B,T. Chen,LIG-1032,Lighting,6,22.45,32.7,32.41,194.46,
INV-51298,2026-09-08,C1046,Dulles Electrical Co.,B,K. Foster,HVA-1026,HVAC Equipment,4,478.34,588.01,586.75,2347.0,
INV-51298,2026-09-08,C1046,Dulles Electrical Co.,B,K. Foster,HVA-1022,HVAC Equipment,10,465.16,537.74,538.16,5381.6,
INV-51298,2026-09-08,C1046,Dulles Electrical Co.,B,K. Foster,HVA-1003,HVAC Equipment,1,767.04,881.77,881.5,881.5,
INV-51299,2026-07-24,C1011,Bull Run Electrical Co.,A,D. Brooks,HVA-1031,HVAC Equipment,2,1021.28,1131.8,1142.7,2285.4,
INV-51299,2026-07-24,C1011,Bull Run Electrical Co.,A,D. Brooks,BRE-1012,Breakers & Panels,2,33.82,41.77,42.1,84.2,
INV-51299,2026-07-24,C1011,Bull Run Electrical Co.,A,D. Brooks,WIR-1023,Wire & Cable,4,47.27,54.11,54.5,218.0,
INV-51300,2026-09-14,C1090,Old Dominion Electric,C,K. Foster,WIR-1026,Wire & Cable,6,42.97,59.75,59.89,359.34,
INV-51300,2026-09-14,C1090,Old Dominion Electric,C,K. Foster,HVA-1026,HVAC Equipment,3,478.34,634.78,639.5,1918.5,
INV-51300,2026-09-14,C1090,Old Dominion Electric,C,K. Foster,CON-1019,Conduit & Fittings,71,3.49,5.15,5.17,367.07,
INV-51301,2026-07-20,C1062,Lorton Energy Group,C,T. Chen,LIG-1018,Lighting,18,40.2,59.82,55.97,1007.46,MGR
INV-51301,2026-07-20,C1062,Lorton Energy Group,C,T. Chen,HVA-1031,HVAC Parts,1,45.05,66.18,65.72,65.72,
INV-51301,2026-07-20,C1062,Lorton Energy Group,C,T. Chen,BRE-1000,Breakers & Panels,2,42.31,62.86,63.1,126.2,
INV-51301,2026-07-20,C1062,Lorton Energy Group,C,T. Chen,HVA-1022,HVAC Parts,3,133.45,195.37,195.42,586.26,
INV-51301,2026-07-20,C1062,Lorton Energy Group,C,T. Chen,WIR-1031,Wire & Cable,11,333.43,461.37,465.46,5120.06,
INV-51301,2026-07-20,C1062,Lorton Energy Group,C,T. Chen,HVA-1013,HVAC Equipment,3,1860.42,2392.65,2412.72,7238.16,
INV-51302,2026-07-06,C1006,Blue Ridge Heating & Air,A,M. Dunn,BRE-1026,Breakers & Panels,9,12.67,14.91,15.03,135.27,
INV-51302,2026-07-06,C1006,Blue Ridge Heating & Air,A,M. Dunn,WIR-1009,Wire & Cable,3,329.33,392.5,390.47,1171.41,
INV-51302,2026-07-06,C1006,Blue Ridge Heating & Air,A,M. Dunn,LIG-1010,Lighting,3,87.43,105.7,105.84,317.52,
INV-51303,2026-09-15,C1046,Dulles Electrical Co.,B,K. Foster,BRE-1022,Breakers & Panels,2,51.87,72.05,71.5,143.0,
INV-51303,2026-09-15,C1046,Dulles Electrical Co.,B,K. Foster,BRE-1024,Breakers & Panels,5,23.6,30.28,30.4,152.0,
INV-51303,2026-09-15,C1046,Dulles Electrical Co.,B,K. Foster,LIG-1028,Lighting,10,42.41,58.41,58.68,586.8,
INV-51303,2026-09-15,C1046,Dulles Electrical Co.,B,K. Foster,WIR-1034,Wire & Cable,19,60.49,77.3,77.75,1477.25,
INV-51303,2026-09-15,C1046,Dulles Electrical Co.,B,K. Foster,CON-1002,Conduit & Fittings,24,2.46,3.56,3.56,85.44,
INV-51304,2026-09-16,C1004,Blue Ridge Electrical Co.,A,T. Chen,CON-1027,Conduit & Fittings,15,53.89,70.66,70.37,1055.55,
INV-51304,2026-09-16,C1004,Blue Ridge Electrical Co.,A,T. Chen,CON-1005,Conduit & Fittings,36,4.97,6.45,6.41,230.76,
INV-51304,2026-09-16,C1004,Blue Ridge Electrical Co.,A,T. Chen,HVA-1013,HVAC Equipment,1,1860.42,2014.86,2013.49,2013.49,
INV-51304,2026-09-16,C1004,Blue Ridge Electrical Co.,A,T. Chen,HVA-1029,HVAC Parts,13,7.05,9.1,9.12,118.56,
INV-51304,2026-09-16,C1004,Blue Ridge Electrical Co.,A,T. Chen,CON-1014,Conduit & Fittings,5,6.03,7.99,8.06,40.3,
INV-51304,2026-09-16,C1004,Blue Ridge Electrical Co.,A,T. Chen,LIG-1020,Lighting,4,23.46,28.31,27.17,108.68,MGR
INV-51305,2026-08-26,C1003,Blue Ridge Electric,A,D. Brooks,HVA-1003,HVAC Equipment,1,767.04,801.61,805.55,805.55,
INV-51305,2026-08-26,C1003,Blue Ridge Electric,A,D. Brooks,WIR-1009,Wire & Cable,2,329.33,392.5,368.27,736.54,
INV-51305,2026-08-26,C1003,Blue Ridge Electric,A,D. Brooks,HVA-1014,HVAC Equipment,2,1053.64,1107.8,1106.52,2213.04,
INV-51306,2026-08-22,C1010,Bull Run Electric,A,K. Foster,LIG-1002,Lighting,27,81.88,108.3,108.23,2922.21,
INV-51306,2026-08-22,C1010,Bull Run Electric,A,K. Foster,HVA-1006,HVAC Equipment,1,495.45,546.9,550.38,550.38,
INV-51306,2026-08-22,C1010,Bull Run Electric,A,K. Foster,BRE-1005,Breakers & Panels,28,159.52,192.26,192.3,5384.4,
INV-51306,2026-08-22,C1010,Bull Run Electric,A,K. Foster,LIG-1021,Lighting,18,183.41,239.04,238.14,4286.52,
INV-51307,2026-08-15,C1008,Bull Run Comfort Systems,A,D. Brooks,HVA-1023,HVAC Parts,1,188.12,243.52,243.33,243.33,
INV-51307,2026-08-15,C1008,Bull Run Comfort Systems,A,D. Brooks,WIR-1012,Wire & Cable,4,133.61,148.42,147.99,591.96,
INV-51307,2026-08-15,C1008,Bull Run Comfort Systems,A,D. Brooks,HVA-1026,HVAC Parts,2,7.14,8.42,7.88,15.76,MGR
INV-51307,2026-08-15,C1008,Bull Run Comfort Systems,A,D. Brooks,CON-1034,Conduit & Fittings,41,17.7,22.0,21.81,894.21,
INV-51307,2026-08-15,C1008,Bull Run Comfort Systems,A,D. Brooks,CON-1009,Conduit & Fittings,21,17.71,22.82,23.03,483.63,
INV-51307,2026-08-15,C1008,Bull Run Comfort Systems,A,D. Brooks,HVA-1013,HVAC Parts,21,12.39,14.87,14.98,314.58,
INV-51308,2026-07-23,C1045,Dulles Contracting,B,S. Evans,WIR-1015,Wire & Cable,2,35.17,43.74,40.73,81.46,
INV-51308,2026-07-23,C1045,Dulles Contracting,B,S. Evans,CON-1010,Conduit & Fittings,8,12.81,17.19,17.14,137.12,
INV-51309,2026-07-08,C1001,Blue Ridge Building Services,A,M. Dunn,LIG-1006,Lighting,7,17.96,23.46,22.38,156.66,MGR
INV-51309,2026-07-08,C1001,Blue Ridge Building Services,A,M. Dunn,HVA-1010,HVAC Equipment,2,1378.41,1472.2,1471.3,2942.6,
INV-51309,2026-07-08,C1001,Blue Ridge Building Services,A,M. Dunn,BRE-1025,Breakers & Panels,40,164.87,195.19,196.68,7867.2,
INV-51309,2026-07-08,C1001,Blue Ridge Building Services,A,M. Dunn,LIG-1028,Lighting,3,42.41,53.1,53.1,159.3,
INV-51309,2026-07-08,C1001,Blue Ridge Building Services,A,M. Dunn,HVA-1014,HVAC Parts,22,114.93,141.83,142.29,3130.38,
INV-51310,2026-09-16,C1105,Reston Heating & Air,C,K. Foster,LIG-1002,Lighting,3,81.88,128.61,129.46,388.38,
INV-51310,2026-09-16,C1105,Reston Heating & Air,C,K. Foster,HVA-1024,HVAC Equipment,3,2463.08,3218.36,3242.83,9728.49,
INV-51310,2026-09-16,C1105,Reston Heating & Air,C,K. Foster,HVA-1001,HVAC Parts,4,24.8,34.51,34.45,137.8,
INV-51310,2026-09-16,C1105,Reston Heating & Air,C,K. Foster,WIR-1029,Wire & Cable,2,61.38,82.07,81.73,163.46,
INV-51311,2026-07-31,C1011,Bull Run Electrical Co.,A,D. Brooks,HVA-1014,HVAC Parts,4,114.93,141.83,142.87,571.48,
INV-51311,2026-07-31,C1011,Bull Run Electrical Co.,A,D. Brooks,HVA-1033,HVAC Parts,4,37.29,43.79,43.87,175.48,
INV-51311,2026-07-31,C1011,Bull Run Electrical Co.,A,D. Brooks,CON-1018,Conduit & Fittings,12,4.8,6.39,6.1,73.2,VERBAL
INV-51311,2026-07-31,C1011,Bull Run Electrical Co.,A,D. Brooks,BRE-1004,Breakers & Panels,7,156.83,186.64,186.33,1304.31,
INV-51312,2026-09-20,C1111,Ridgeline HVAC Services,C,M. Dunn,HVA-1030,HVAC Equipment,1,1433.65,1827.66,1813.28,1813.28,
INV-51312,2026-09-20,C1111,Ridgeline HVAC Services,C,M. Dunn,LIG-1032,Lighting,8,22.45,35.3,35.08,280.64,
INV-51312,2026-09-20,C1111,Ridgeline HVAC Services,C,M. Dunn,CON-1001,Conduit & Fittings,7,32.08,50.12,49.71,347.97,
INV-51312,2026-09-20,C1111,Ridgeline HVAC Services,C,M. Dunn,BRE-1019,Breakers & Panels,7,66.96,93.98,93.07,651.49,
INV-51313,2026-09-18,C1047,Dulles Energy Group,B,T. Chen,WIR-1007,Wire & Cable,8,157.76,197.99,186.39,1491.12,MGR
INV-51313,2026-09-18,C1047,Dulles Energy Group,B,T. Chen,BRE-1017,Breakers & Panels,15,33.16,46.23,46.47,697.05,
INV-51313,2026-09-18,C1047,Dulles Energy Group,B,T. Chen,BRE-1009,Breakers & Panels,10,29.59,39.28,39.52,395.2,
INV-51314,2026-08-08,C1006,Blue Ridge Heating & Air,A,M. Dunn,CON-1019,Conduit & Fittings,28,3.49,4.34,4.31,120.68,
INV-51314,2026-08-08,C1006,Blue Ridge Heating & Air,A,M. Dunn,HVA-1026,HVAC Equipment,4,478.34,534.55,531.75,2127.0,
INV-51314,2026-08-08,C1006,Blue Ridge Heating & Air,A,M. Dunn,CON-1018,Conduit & Fittings,105,4.8,6.39,6.43,675.15,
INV-51315,2026-07-24,C1054,Leesburg Building Services,C,R. Alvarez,CON-1019,Conduit & Fittings,8,3.49,5.15,5.14,41.12,
INV-51315,2026-07-24,C1054,Leesburg Building Services,C,R. Alvarez,CON-1019,Conduit & Fittings,43,3.49,5.15,5.15,221.45,
INV-51315,2026-07-24,C1054,Leesburg Building Services,C,R. Alvarez,LIG-1019,Lighting,11,22.4,32.58,32.57,358.27,
INV-51315,2026-07-24,C1054,Leesburg Building Services,C,R. Alvarez,WIR-1020,Wire & Cable,2,212.93,286.06,285.19,570.38,
INV-51315,2026-07-24,C1054,Leesburg Building Services,C,R. Alvarez,WIR-1019,Wire & Cable,16,116.68,163.6,164.63,2634.08,
INV-51315,2026-07-24,C1054,Leesburg Building Services,C,R. Alvarez,LIG-1027,Lighting,14,15.54,23.09,23.13,323.82,
INV-51316,2026-08-06,C1028,Capitol HVAC Services,B,S. Evans,HVA-1025,HVAC Parts,13,66.1,94.27,95.16,1237.08,
INV-51316,2026-08-06,C1028,Capitol HVAC Services,B,S. Evans,BRE-1020,Breakers & Panels,6,33.52,45.36,45.62,273.72,
INV-51316,2026-08-06,C1028,Capitol HVAC Services,B,S. Evans,HVA-1012,HVAC Parts,5,26.33,33.84,33.85,169.25,
INV-51317,2026-07-16,C1044,Dulles Comfort Systems,B,K. Foster,LIG-1006,Lighting,8,17.96,25.81,25.6,204.8,
INV-51317,2026-07-16,C1044,Dulles Comfort Systems,B,K. Foster,HVA-1014,HVAC Parts,7,114.93,156.02,156.78,1097.46,
INV-51317,2026-07-16,C1044,Dulles Comfort Systems,B,K. Foster,BRE-1029,Breakers & Panels,1,100.96,135.16,129.41,129.41,MGR
INV-51317,2026-07-16,C1044,Dulles Comfort Systems,B,K. Foster,HVA-1016,HVAC Equipment,1,1182.28,1364.74,1362.4,1362.4,
INV-51317,2026-07-16,C1044,Dulles Comfort Systems,B,K. Foster,HVA-1006,HVAC Equipment,2,495.45,601.59,598.97,1197.94,
INV-51317,2026-07-16,C1044,Dulles Comfort Systems,B,K. Foster,CON-1004,Conduit & Fittings,10,49.09,67.04,67.57,675.7,
INV-51318,2026-09-07,C1035,Chantilly Contracting,B,S. Evans,WIR-1033,Wire & Cable,8,54.3,70.1,64.12,512.96,VERBAL
INV-51318,2026-09-07,C1035,Chantilly Contracting,B,S. Evans,BRE-1034,Breakers & Panels,1,68.77,93.74,93.19,93.19,
INV-51318,2026-09-07,C1035,Chantilly Contracting,B,S. Evans,LIG-1015,Lighting,10,64.96,91.19,91.82,918.2,
INV-51318,2026-09-07,C1035,Chantilly Contracting,B,S. Evans,CON-1008,Conduit & Fittings,10,3.76,5.12,5.17,51.7,
INV-51319,2026-07-16,C1024,Burke Power Systems,B,D. Brooks,WIR-1028,Wire & Cable,7,76.0,97.66,97.85,684.95,
INV-51319,2026-07-16,C1024,Burke Power Systems,B,D. Brooks,HVA-1033,HVAC Parts,6,37.29,48.17,45.11,270.66,MGR
INV-51320,2026-07-18,C1026,Capitol Comfort Systems,B,R. Alvarez,LIG-1016,Lighting,11,90.5,121.68,122.48,1347.28,
INV-51320,2026-07-18,C1026,Capitol Comfort Systems,B,R. Alvarez,HVA-1030,HVAC Parts,1,7.81,10.81,10.86,10.86,
INV-51321,2026-07-22,C1009,Bull Run Contracting,A,M. Dunn,HVA-1017,HVAC Parts,17,13.44,17.18,17.15,291.55,
INV-51321,2026-07-22,C1009,Bull Run Contracting,A,M. Dunn,LIG-1004,Lighting,10,64.29,78.95,78.19,781.9,
INV-51321,2026-07-22,C1009,Bull Run Contracting,A,M. Dunn,WIR-1003,Wire & Cable,9,52.37,58.81,59.26,533.34,
INV-51322,2026-07-23,C1004,Blue Ridge Electrical Co.,A,T. Chen,WIR-1008,Wire & Cable,21,100.04,117.47,116.54,2447.34,
INV-51322,2026-07-23,C1004,Blue Ridge Electrical Co.,A,T. Chen,BRE-1017,Breakers & Panels,2,33.16,42.02,41.69,83.38,
INV-51322,2026-07-23,C1004,Blue Ridge Electrical Co.,A,T. Chen,HVA-1019,HVAC Equipment,2,1148.15,1237.5,1231.99,2463.98,
INV-51322,2026-07-23,C1004,Blue Ridge Electrical Co.,A,T. Chen,CON-1013,Conduit & Fittings,5,25.39,31.43,31.64,158.2,
INV-51323,2026-08-24,C1110,Ridgeline Energy Group,C,M. Dunn,CON-1031,Conduit & Fittings,107,2.97,4.33,4.29,459.03,
INV-51323,2026-08-24,C1110,Ridgeline Energy Group,C,M. Dunn,LIG-1024,Lighting,6,41.61,60.96,60.45,362.7,
INV-51323,2026-08-24,C1110,Ridgeline Energy Group,C,M. Dunn,LIG-1015,Lighting,7,64.96,98.44,97.58,683.06,
INV-51323,2026-08-24,C1110,Ridgeline Energy Group,C,M. Dunn,HVA-1033,HVAC Parts,5,37.29,52.0,51.67,258.35,
INV-51323,2026-08-24,C1110,Ridgeline Energy Group,C,M. Dunn,HVA-1007,HVAC Parts,18,201.93,283.59,285.4,5137.2,
INV-51323,2026-08-24,C1110,Ridgeline Energy Group,C,M. Dunn,LIG-1007,Lighting,4,114.08,160.95,160.76,643.04,
INV-51324,2026-08-15,C1057,Leesburg Energy Group,C,S. Evans,HVA-1019,HVAC Equipment,3,1148.15,1469.54,1478.04,4434.12,
INV-51324,2026-08-15,C1057,Leesburg Energy Group,C,S. Evans,CON-1001,Conduit & Fittings,16,32.08,50.12,49.68,794.88,
INV-51324,2026-08-15,C1057,Leesburg Energy Group,C,S. Evans,CON-1017,Conduit & Fittings,17,21.97,35.01,35.01,595.17,
INV-51324,2026-08-15,C1057,Leesburg Energy Group,C,S. Evans,LIG-1014,Lighting,10,9.82,14.95,15.01,150.1,
INV-51324,2026-08-15,C1057,Leesburg Energy Group,C,S. Evans,BRE-1026,Breakers & Panels,15,12.67,17.71,16.48,247.2,
INV-51324,2026-08-15,C1057,Leesburg Energy Group,C,S. Evans,CON-1010,Conduit & Fittings,34,12.81,18.55,18.63,633.42,
INV-51325,2026-09-17,C1038,Chantilly Energy Group,B,S. Evans,WIR-1014,Wire & Cable,5,313.51,399.04,400.13,2000.65,
INV-51325,2026-09-17,C1038,Chantilly Energy Group,B,S. Evans,BRE-1009,Breakers & Panels,3,29.59,39.28,39.03,117.09,
INV-51325,2026-09-17,C1038,Chantilly Energy Group,B,S. Evans,HVA-1029,HVAC Parts,8,7.05,10.01,9.98,79.84,
INV-51325,2026-09-17,C1038,Chantilly Energy Group,B,S. Evans,WIR-1014,Wire & Cable,9,313.51,399.04,356.48,3208.32,
INV-51325,2026-09-17,C1038,Chantilly Energy Group,B,S. Evans,WIR-1021,Wire & Cable,8,162.13,206.43,205.48,1643.84,
INV-51325,2026-09-17,C1038,Chantilly Energy Group,B,S. Evans,LIG-1025,Lighting,3,11.2,15.59,15.61,46.83,
INV-51326,2026-08-10,C1090,Old Dominion Electric,C,K. Foster,BRE-1028,Breakers & Panels,5,83.36,115.0,115.28,576.4,
INV-51326,2026-08-10,C1090,Old Dominion Electric,C,K. Foster,BRE-1032,Breakers & Panels,1,49.92,72.65,72.97,72.97,
INV-51326,2026-08-10,C1090,Old Dominion Electric,C,K. Foster,HVA-1007,HVAC Equipment,1,1114.79,1480.0,1482.27,1482.27,
INV-51326,2026-08-10,C1090,Old Dominion Electric,C,K. Foster,BRE-1023,Breakers & Panels,3,34.02,46.74,46.32,138.96,
INV-51327,2026-09-21,C1043,Dulles Building Services,B,T. Chen,WIR-1013,Wire & Cable,1,317.33,399.44,397.29,397.29,
INV-51327,2026-09-21,C1043,Dulles Building Services,B,T. Chen,LIG-1024,Lighting,21,41.61,56.47,56.77,1192.17,
INV-51327,2026-09-21,C1043,Dulles Building Services,B,T. Chen,HVA-1004,HVAC Parts,1,16.08,21.61,21.46,21.46,
INV-51328,2026-07-29,C1001,Blue Ridge Building Services,A,M. Dunn,BRE-1012,Breakers & Panels,5,33.82,41.77,42.18,210.9,
INV-51328,2026-07-29,C1001,Blue Ridge Building Services,A,M. Dunn,HVA-1020,HVAC Parts,13,6.84,8.86,8.84,114.92,
INV-51328,2026-07-29,C1001,Blue Ridge Building Services,A,M. Dunn,LIG-1004,Lighting,1,64.29,78.95,78.78,78.78,
INV-51329,2026-08-17,C1085,Occoquan HVAC Services,C,T. Chen,CON-1028,Conduit & Fittings,18,8.95,14.51,14.52,261.36,
INV-51329,2026-08-17,C1085,Occoquan HVAC Services,C,T. Chen,HVA-1015,HVAC Parts,1,173.58,242.83,240.58,240.58,
INV-51330,2026-07-23,C1022,Burke Heating & Air,B,T. Chen,CON-1006,Conduit & Fittings,9,6.73,9.5,9.44,84.96,
INV-51330,2026-07-23,C1022,Burke Heating & Air,B,T. Chen,HVA-1006,HVAC Equipment,1,495.45,601.59,601.46,601.46,
INV-51330,2026-07-23,C1022,Burke Heating & Air,B,T. Chen,WIR-1020,Wire & Cable,1,212.93,264.99,263.74,263.74,
INV-51330,2026-07-23,C1022,Burke Heating & Air,B,T. Chen,LIG-1009,Lighting,6,103.74,138.8,140.19,841.14,
INV-51331,2026-07-28,C1117,Shenandoah HVAC Services,C,S. Evans,BRE-1025,Breakers & Panels,13,164.87,231.79,229.84,2987.92,
INV-51331,2026-07-28,C1117,Shenandoah HVAC Services,C,S. Evans,LIG-1030,Lighting,13,127.4,188.87,188.83,2454.79,
INV-51331,2026-07-28,C1117,Shenandoah HVAC Services,C,S. Evans,WIR-1002,Wire & Cable,6,152.66,212.41,213.8,1282.8,
INV-51331,2026-07-28,C1117,Shenandoah HVAC Services,C,S. Evans,WIR-1015,Wire & Cable,5,35.17,47.22,47.04,235.2,
INV-51332,2026-07-26,C1010,Bull Run Electric,A,K. Foster,CON-1009,Conduit & Fittings,8,17.71,22.82,22.8,182.4,
INV-51332,2026-07-26,C1010,Bull Run Electric,A,K. Foster,HVA-1032,HVAC Equipment,2,850.39,918.62,921.3,1842.6,
INV-51332,2026-07-26,C1010,Bull Run Electric,A,K. Foster,WIR-1030,Wire & Cable,2,123.15,138.74,139.74,279.48,
INV-51332,2026-07-26,C1010,Bull Run Electric,A,K. Foster,HVA-1021,HVAC Parts,4,221.97,279.02,279.62,1118.48,
INV-51333,2026-09-10,C1006,Blue Ridge Heating & Air,A,M. Dunn,HVA-1007,HVAC Equipment,1,1114.79,1246.31,1251.65,1251.65,
INV-51333,2026-09-10,C1006,Blue Ridge Heating & Air,A,M. Dunn,HVA-1031,HVAC Equipment,2,1021.28,1131.8,1140.72,2281.44,
INV-51333,2026-09-10,C1006,Blue Ridge Heating & Air,A,M. Dunn,BRE-1014,Breakers & Panels,1,162.58,206.71,205.26,205.26,
INV-51333,2026-09-10,C1006,Blue Ridge Heating & Air,A,M. Dunn,HVA-1006,HVAC Equipment,13,495.45,546.9,548.28,7127.64,
INV-51334,2026-09-16,C1006,Blue Ridge Heating & Air,A,M. Dunn,BRE-1028,Breakers & Panels,2,83.36,96.84,96.85,193.7,
INV-51334,2026-09-16,C1006,Blue Ridge Heating & Air,A,M. Dunn,WIR-1021,Wire & Cable,1,162.13,187.66,187.42,187.42,
INV-51334,2026-09-16,C1006,Blue Ridge Heating & Air,A,M. Dunn,LIG-1020,Lighting,2,23.46,28.31,28.5,57.0,
INV-51334,2026-09-16,C1006,Blue Ridge Heating & Air,A,M. Dunn,CON-1031,Conduit & Fittings,62,2.97,3.65,3.47,215.14,MGR
INV-51334,2026-09-16,C1006,Blue Ridge Heating & Air,A,M. Dunn,CON-1010,Conduit & Fittings,3,12.81,15.62,15.62,46.86,
INV-51335,2026-09-16,C1028,Capitol HVAC Services,B,S. Evans,HVA-1024,HVAC Equipment,3,2463.08,2981.22,3004.98,9014.94,
INV-51335,2026-09-16,C1028,Capitol HVAC Services,B,S. Evans,LIG-1021,Lighting,5,183.41,262.94,263.75,1318.75,
INV-51335,2026-09-16,C1028,Capitol HVAC Services,B,S. Evans,HVA-1026,HVAC Parts,11,7.14,9.26,9.22,101.42,
INV-51336,2026-07-07,C1014,Bull Run Heating & Air,A,S. Evans,CON-1009,Conduit & Fittings,13,17.71,22.82,22.74,295.62,
INV-51336,2026-07-07,C1014,Bull Run Heating & Air,A,S. Evans,CON-1020,Conduit & Fittings,8,32.14,41.08,40.68,325.44,
INV-51337,2026-09-23,C1029,Capitol Mechanical,B,M. Dunn,HVA-1015,HVAC Equipment,2,646.24,744.3,744.97,1489.94,
INV-51337,2026-09-23,C1029,Capitol Mechanical,B,M. Dunn,WIR-1031,Wire & Cable,12,333.43,427.37,429.25,5151.0,
INV-51337,2026-09-23,C1029,Capitol Mechanical,B,M. Dunn,LIG-1004,Lighting,4,64.29,86.85,87.61,350.44,
INV-51338,2026-09-01,C1113,Shenandoah Building Services,C,S. Evans,HVA-1011,HVAC Equipment,3,620.35,806.71,803.22,2409.66,
INV-51338,2026-09-01,C1113,Shenandoah Building Services,C,S. Evans,CON-1008,Conduit & Fittings,83,3.76,5.53,5.53,458.99,
INV-51338,2026-09-01,C1113,Shenandoah Building Services,C,S. Evans,HVA-1019,HVAC Parts,11,165.59,243.31,242.97,2672.67,
INV-51339,2026-08-16,C1012,Bull Run Energy Group,A,D. Brooks,CON-1014,Conduit & Fittings,12,6.03,7.99,8.05,96.6,
INV-51339,2026-08-16,C1012,Bull Run Energy Group,A,D. Brooks,WIR-1014,Wire & Cable,8,313.51,362.76,337.38,2699.04,
INV-51339,2026-08-16,C1012,Bull Run Energy Group,A,D. Brooks,WIR-1001,Wire & Cable,30,67.02,73.7,68.87,2066.1,VERBAL
INV-51340,2026-09-12,C1029,Capitol Mechanical,B,M. Dunn,BRE-1019,Breakers & Panels,2,66.96,87.06,86.25,172.5,
INV-51340,2026-09-12,C1029,Capitol Mechanical,B,M. Dunn,BRE-1034,Breakers & Panels,9,68.77,93.74,93.28,839.52,
INV-51340,2026-09-12,C1029,Capitol Mechanical,B,M. Dunn,CON-1007,Conduit & Fittings,16,3.77,5.08,5.04,80.64,
INV-51340,2026-09-12,C1029,Capitol Mechanical,B,M. Dunn,BRE-1019,Breakers & Panels,6,66.96,87.06,86.31,517.86,
INV-51341,2026-07-12,C1062,Lorton Energy Group,C,T. Chen,HVA-1027,HVAC Equipment,4,2166.2,2824.05,2826.89,11307.56,
INV-51341,2026-07-12,C1062,Lorton Energy Group,C,T. Chen,HVA-1002,HVAC Equipment,1,1734.3,2193.65,2178.49,2178.49,
INV-51341,2026-07-12,C1062,Lorton Energy Group,C,T. Chen,LIG-1027,Lighting,17,15.54,23.09,23.15,393.55,
INV-51341,2026-07-12,C1062,Lorton Energy Group,C,T. Chen,BRE-1016,Breakers & Panels,3,22.89,32.45,32.13,96.39,
INV-51341,2026-07-12,C1062,Lorton Energy Group,C,T. Chen,HVA-1028,HVAC Parts,5,6.16,9.12,9.17,45.85,
INV-51341,2026-07-12,C1062,Lorton Energy Group,C,T. Chen,BRE-1023,Breakers & Panels,9,34.02,46.74,46.33,416.97,
INV-51342,2026-07-12,C1031,Cardinal Comfort Systems,B,T. Chen,BRE-1024,Breakers & Panels,2,23.6,30.28,30.18,60.36,
INV-51342,2026-07-12,C1031,Cardinal Comfort Systems,B,T. Chen,HVA-1033,HVAC Parts,8,37.29,48.17,47.92,383.36,
INV-51342,2026-07-12,C1031,Cardinal Comfort Systems,B,T. Chen,HVA-1024,HVAC Equipment,2,2463.08,2981.22,2994.63,5989.26,
INV-51342,2026-07-12,C1031,Cardinal Comfort Systems,B,T. Chen,CON-1006,Conduit & Fittings,15,6.73,9.5,9.48,142.2,
INV-51343,2026-08-02,C1002,Blue Ridge Comfort Systems,A,S. Evans,BRE-1023,Breakers & Panels,7,34.02,39.36,39.02,273.14,
INV-51343,2026-08-02,C1002,Blue Ridge Comfort Systems,A,S. Evans,WIR-1020,Wire & Cable,3,212.93,240.9,228.04,684.12,
INV-51343,2026-08-02,C1002,Blue Ridge Comfort Systems,A,S. Evans,HVA-1028,HVAC Parts,3,6.16,7.68,7.71,23.13,
INV-51343,2026-08-02,C1002,Blue Ridge Comfort Systems,A,S. Evans,BRE-1007,Breakers & Panels,8,24.67,31.43,31.55,252.4,
INV-51344,2026-07-25,C1015,Bull Run Power Systems,A,R. Alvarez,LIG-1026,Lighting,3,15.8,19.67,19.8,59.4,
INV-51344,2026-07-25,C1015,Bull Run Power Systems,A,R. Alvarez,CON-1009,Conduit & Fittings,5,17.71,22.82,22.7,113.5,
INV-51344,2026-07-25,C1015,Bull Run Power Systems,A,R. Alvarez,WIR-1031,Wire & Cable,6,333.43,388.52,391.33,2347.98,
INV-51344,2026-07-25,C1015,Bull Run Power Systems,A,R. Alvarez,WIR-1035,Wire & Cable,10,83.22,97.51,91.01,910.1,MGR
INV-51344,2026-07-25,C1015,Bull Run Power Systems,A,R. Alvarez,WIR-1019,Wire & Cable,3,116.68,137.77,138.68,416.04,
INV-51344,2026-07-25,C1015,Bull Run Power Systems,A,R. Alvarez,LIG-1001,Lighting,6,30.22,36.48,36.62,219.72,
INV-51345,2026-08-20,C1005,Blue Ridge Energy Group,A,M. Dunn,BRE-1031,Breakers & Panels,10,33.11,39.01,38.75,387.5,
INV-51345,2026-08-20,C1005,Blue Ridge Energy Group,A,M. Dunn,HVA-1003,HVAC Equipment,3,767.04,801.61,801.81,2405.43,
INV-51345,2026-08-20,C1005,Blue Ridge Energy Group,A,M. Dunn,LIG-1016,Lighting,9,90.5,110.62,110.51,994.59,
INV-51346,2026-07-27,C1043,Dulles Building Services,B,T. Chen,BRE-1004,Breakers & Panels,3,156.83,205.3,203.39,610.17,
INV-51346,2026-07-27,C1043,Dulles Building Services,B,T. Chen,CON-1013,Conduit & Fittings,17,25.39,34.58,34.57,587.69,
INV-51346,2026-07-27,C1043,Dulles Building Services,B,T. Chen,HVA-1031,HVAC Equipment,1,1021.28,1244.98,1247.18,1247.18,
INV-51346,2026-07-27,C1043,Dulles Building Services,B,T. Chen,WIR-1018,Wire & Cable,10,47.93,62.87,63.17,631.7,
INV-51346,2026-07-27,C1043,Dulles Building Services,B,T. Chen,LIG-1003,Lighting,33,183.14,264.01,265.72,8768.76,
INV-51347,2026-09-23,C1061,Lorton Contracting,C,K. Foster,LIG-1027,Lighting,3,15.54,23.09,22.97,68.91,
INV-51347,2026-09-23,C1061,Lorton Contracting,C,K. Foster,HVA-1012,HVAC Parts,5,26.33,36.54,36.5,182.5,
INV-51347,2026-09-23,C1061,Lorton Contracting,C,K. Foster,HVA-1003,HVAC Parts,4,14.6,21.38,21.39,85.56,
INV-51348,2026-09-06,C1047,Dulles Energy Group,B,T. Chen,WIR-1022,Wire & Cable,24,83.06,108.21,108.9,2613.6,
INV-51348,2026-09-06,C1047,Dulles Energy Group,B,T. Chen,CON-1032,Conduit & Fittings,10,22.74,32.77,32.75,327.5,
INV-51348,2026-09-06,C1047,Dulles Energy Group,B,T. Chen,LIG-1031,Lighting,15,46.98,67.17,67.02,1005.3,
INV-51348,2026-09-06,C1047,Dulles Energy Group,B,T. Chen,LIG-1023,Lighting,11,160.88,230.86,232.94,2562.34,
INV-51349,2026-06-29,C1050,Fairfax Comfort Systems,B,R. Alvarez,HVA-1029,HVAC Equipment,8,706.2,863.89,859.54,6876.32,
INV-51349,2026-06-29,C1050,Fairfax Comfort Systems,B,R. Alvarez,WIR-1004,Wire & Cable,4,134.3,166.8,167.1,668.4,
INV-51349,2026-06-29,C1050,Fairfax Comfort Systems,B,R. Alvarez,HVA-1034,HVAC Equipment,5,1666.74,1994.46,2009.08,10045.4,
INV-51349,2026-06-29,C1050,Fairfax Comfort Systems,B,R. Alvarez,CON-1024,Conduit & Fittings,26,3.43,5.18,5.15,133.9,
INV-51349,2026-06-29,C1050,Fairfax Comfort Systems,B,R. Alvarez,HVA-1001,HVAC Equipment,4,1321.74,1618.86,1608.1,6432.4,
INV-51349,2026-06-29,C1050,Fairfax Comfort Systems,B,R. Alvarez,LIG-1007,Lighting,9,114.08,149.09,150.44,1353.96,
INV-51350,2026-08-15,C1027,Capitol Electrical Co.,B,T. Chen,HVA-1007,HVAC Equipment,2,1114.79,1370.94,1372.02,2744.04,
INV-51350,2026-08-15,C1027,Capitol Electrical Co.,B,T. Chen,WIR-1035,Wire & Cable,3,83.22,107.26,107.72,323.16,
INV-51350,2026-08-15,C1027,Capitol Electrical Co.,B,T. Chen,WIR-1013,Wire & Cable,3,317.33,399.44,399.26,1197.78,
INV-51351,2026-07-13,C1082,Occoquan Building Services,C,D. Brooks,LIG-1016,Lighting,29,90.5,131.36,131.63,3817.27,
INV-51351,2026-07-13,C1082,Occoquan Building Services,C,D. Brooks,WIR-1009,Wire & Cable,2,329.33,466.09,438.56,877.12,
INV-51351,2026-07-13,C1082,Occoquan Building Services,C,D. Brooks,CON-1012,Conduit & Fittings,19,12.67,19.33,19.18,364.42,
INV-51351,2026-07-13,C1082,Occoquan Building Services,C,D. Brooks,WIR-1006,Wire & Cable,23,223.99,291.72,291.7,6709.1,
INV-51352,2026-09-04,C1046,Dulles Electrical Co.,B,K. Foster,HVA-1002,HVAC Equipment,3,1734.3,2032.02,2028.09,6084.27,
INV-51352,2026-09-04,C1046,Dulles Electrical Co.,B,K. Foster,LIG-1010,Lighting,7,87.43,116.27,116.86,818.02,
INV-51352,2026-09-04,C1046,Dulles Electrical Co.,B,K. Foster,BRE-1030,Breakers & Panels,8,12.43,15.91,14.79,118.32,
INV-51352,2026-09-04,C1046,Dulles Electrical Co.,B,K. Foster,HVA-1000,HVAC Equipment,3,402.96,495.6,492.18,1476.54,
INV-51353,2026-08-05,C1115,Shenandoah Electrical Co.,C,K. Foster,HVA-1028,HVAC Parts,10,6.16,9.12,9.1,91.0,
INV-51353,2026-08-05,C1115,Shenandoah Electrical Co.,C,K. Foster,BRE-1031,Breakers & Panels,3,33.11,46.32,46.45,139.35,
INV-51353,2026-08-05,C1115,Shenandoah Electrical Co.,C,K. Foster,WIR-1004,Wire & Cable,9,134.3,180.06,179.42,1614.78,
INV-51353,2026-08-05,C1115,Shenandoah Electrical Co.,C,K. Foster,BRE-1018,Breakers & Panels,4,111.4,152.65,151.73,606.92,
INV-51353,2026-08-05,C1115,Shenandoah Electrical Co.,C,K. Foster,WIR-1035,Wire & Cable,1,83.22,115.8,114.69,114.69,
INV-51354,2026-08-30,C1010,Bull Run Electric,A,K. Foster,CON-1005,Conduit & Fittings,22,4.97,6.45,6.47,142.34,
INV-51354,2026-08-30,C1010,Bull Run Electric,A,K. Foster,LIG-1005,Lighting,16,24.04,30.42,30.59,489.44,
INV-51354,2026-08-30,C1010,Bull Run Electric,A,K. Foster,BRE-1020,Breakers & Panels,3,33.52,41.24,41.45,124.35,
INV-51354,2026-08-30,C1010,Bull Run Electric,A,K. Foster,WIR-1004,Wire & Cable,2,134.3,151.63,151.18,302.36,
INV-51355,2026-07-03,C1038,Chantilly Energy Group,B,S. Evans,LIG-1009,Lighting,60,103.74,138.8,139.17,8350.2,
INV-51355,2026-07-03,C1038,Chantilly Energy Group,B,S. Evans,HVA-1030,HVAC Equipment,2,1433.65,1692.99,1704.38,3408.76,
INV-51355,2026-07-03,C1038,Chantilly Energy Group,B,S. Evans,LIG-1016,Lighting,4,90.5,121.68,121.64,486.56,
INV-51355,2026-07-03,C1038,Chantilly Energy Group,B,S. Evans,WIR-1013,Wire & Cable,3,317.33,399.44,399.14,1197.42,
INV-51356,2026-07-14,C1010,Bull Run Electric,A,K. Foster,HVA-1008,HVAC Equipment,2,913.36,995.01,998.13,1996.26,
INV-51356,2026-07-14,C1010,Bull Run Electric,A,K. Foster,WIR-1006,Wire & Cable,7,223.99,245.66,247.51,1732.57,
INV-51356,2026-07-14,C1010,Bull Run Electric,A,K. Foster,HVA-1018,HVAC Equipment,1,798.66,872.34,877.38,877.38,
INV-51357,2026-07-10,C1009,Bull Run Contracting,A,M. Dunn,WIR-1008,Wire & Cable,3,100.04,117.47,118.05,354.15,
INV-51357,2026-07-10,C1009,Bull Run Contracting,A,M. Dunn,BRE-1035,Breakers & Panels,7,97.51,118.92,118.24,827.68,
INV-51357,2026-07-10,C1009,Bull Run Contracting,A,M. Dunn,LIG-1012,Lighting,19,28.4,34.41,31.82,604.58,VERBAL
INV-51357,2026-07-10,C1009,Bull Run Contracting,A,M. Dunn,BRE-1029,Breakers & Panels,10,100.96,122.87,123.83,1238.3,
INV-51358,2026-09-19,C1023,Burke Mechanical,B,D. Brooks,CON-1018,Conduit & Fittings,18,4.8,7.03,6.72,120.96,
INV-51358,2026-09-19,C1023,Burke Mechanical,B,D. Brooks,WIR-1015,Wire & Cable,3,35.17,43.74,43.71,131.13,
INV-51358,2026-09-19,C1023,Burke Mechanical,B,D. Brooks,CON-1019,Conduit & Fittings,34,3.49,4.77,4.8,163.2,
INV-51359,2026-08-03,C1029,Capitol Mechanical,B,M. Dunn,BRE-1023,Breakers & Panels,2,34.02,43.3,41.27,82.54,MGR
INV-51359,2026-08-03,C1029,Capitol Mechanical,B,M. Dunn,HVA-1021,HVAC Parts,8,221.97,306.92,306.84,2454.72,
INV-51359,2026-08-03,C1029,Capitol Mechanical,B,M. Dunn,HVA-1013,HVAC Equipment,3,1860.42,2216.35,2203.88,6611.64,
INV-51359,2026-08-03,C1029,Capitol Mechanical,B,M. Dunn,LIG-1004,Lighting,3,64.29,86.85,86.13,258.39,
INV-51360,2026-07-19,C1060,Lorton Comfort Systems,C,M. Dunn,WIR-1009,Wire & Cable,9,329.33,466.09,466.87,4201.83,
INV-51360,2026-07-19,C1060,Lorton Comfort Systems,C,M. Dunn,HVA-1014,HVAC Parts,2,114.93,168.43,168.88,337.76,
INV-51361,2026-08-15,C1032,Cardinal Energy Group,B,T. Chen,HVA-1035,HVAC Parts,9,33.23,43.77,43.47,391.23,
INV-51361,2026-08-15,C1032,Cardinal Energy Group,B,T. Chen,HVA-1001,HVAC Parts,1,24.8,31.97,32.04,32.04,
INV-51361,2026-08-15,C1032,Cardinal Energy Group,B,T. Chen,HVA-1011,HVAC Equipment,3,620.35,747.27,750.35,2251.05,
INV-51361,2026-08-15,C1032,Cardinal Energy Group,B,T. Chen,HVA-1020,HVAC Equipment,1,953.96,1097.57,1094.66,1094.66,
INV-51361,2026-08-15,C1032,Cardinal Energy Group,B,T. Chen,BRE-1033,Breakers & Panels,4,20.29,26.53,26.44,105.76,
INV-51361,2026-08-15,C1032,Cardinal Energy Group,B,T. Chen,HVA-1005,HVAC Parts,22,90.38,116.42,117.09,2575.98,
INV-51362,2026-08-07,C1016,Burke Building Services,B,K. Foster,WIR-1010,Wire & Cable,5,416.68,509.46,512.88,2564.4,
INV-51362,2026-08-07,C1016,Burke Building Services,B,K. Foster,BRE-1031,Breakers & Panels,4,33.11,42.91,42.9,171.6,
INV-51363,2026-09-24,C1003,Blue Ridge Electric,A,D. Brooks,WIR-1017,Wire & Cable,13,51.35,59.25,55.62,723.06,
INV-51363,2026-09-24,C1003,Blue Ridge Electric,A,D. Brooks,BRE-1018,Breakers & Panels,13,111.4,128.54,127.31,1655.03,
INV-51363,2026-09-24,C1003,Blue Ridge Electric,A,D. Brooks,WIR-1008,Wire & Cable,17,100.04,117.47,116.68,1983.56,
INV-51364,2026-09-13,C1032,Cardinal Energy Group,B,T. Chen,WIR-1021,Wire & Cable,4,162.13,206.43,206.33,825.32,
INV-51364,2026-09-13,C1032,Cardinal Energy Group,B,T. Chen,CON-1032,Conduit & Fittings,7,22.74,32.77,32.73,229.11,
INV-51364,2026-09-13,C1032,Cardinal Energy Group,B,T. Chen,HVA-1014,HVAC Equipment,2,1053.64,1218.58,1229.0,2458.0,
INV-51364,2026-09-13,C1032,Cardinal Energy Group,B,T. Chen,CON-1007,Conduit & Fittings,43,3.77,5.08,5.12,220.16,
INV-51365,2026-07-12,C1113,Shenandoah Building Services,C,S. Evans,HVA-1024,HVAC Parts,57,167.27,257.43,256.22,14604.54,
INV-51365,2026-07-12,C1113,Shenandoah Building Services,C,S. Evans,WIR-1017,Wire & Cable,1,51.35,70.36,71.0,71.0,
INV-51365,2026-07-12,C1113,Shenandoah Building Services,C,S. Evans,LIG-1016,Lighting,8,90.5,131.36,130.91,1047.28,
INV-51365,2026-07-12,C1113,Shenandoah Building Services,C,S. Evans,HVA-1010,HVAC Equipment,1,1378.41,1748.24,1735.97,1735.97,
INV-51365,2026-07-12,C1113,Shenandoah Building Services,C,S. Evans,WIR-1028,Wire & Cable,5,76.0,105.43,105.95,529.75,
INV-51365,2026-07-12,C1113,Shenandoah Building Services,C,S. Evans,WIR-1002,Wire & Cable,10,152.66,212.41,189.9,1899.0,
INV-51366,2026-09-14,C1012,Bull Run Energy Group,A,D. Brooks,HVA-1005,HVAC Parts,4,90.38,105.84,106.26,425.04,
INV-51366,2026-09-14,C1012,Bull Run Energy Group,A,D. Brooks,CON-1016,Conduit & Fittings,32,2.76,3.6,3.61,115.52,
INV-51366,2026-09-14,C1012,Bull Run Energy Group,A,D. Brooks,BRE-1006,Breakers & Panels,1,18.77,23.06,22.99,22.99,
INV-51366,2026-09-14,C1012,Bull Run Energy Group,A,D. Brooks,CON-1025,Conduit & Fittings,4,8.4,10.74,10.73,42.92,
INV-51367,2026-09-07,C1012,Bull Run Energy Group,A,D. Brooks,HVA-1007,HVAC Equipment,1,1114.79,1246.31,1258.66,1258.66,
INV-51367,2026-09-07,C1012,Bull Run Energy Group,A,D. Brooks,CON-1018,Conduit & Fittings,7,4.8,6.39,6.36,44.52,
INV-51367,2026-09-07,C1012,Bull Run Energy Group,A,D. Brooks,CON-1015,Conduit & Fittings,14,2.29,2.78,2.8,39.2,
INV-51367,2026-09-07,C1012,Bull Run Energy Group,A,D. Brooks,HVA-1002,HVAC Equipment,3,1734.3,1847.29,1850.24,5550.72,
INV-51368,2026-07-25,C1004,Blue Ridge Electrical Co.,A,T. Chen,BRE-1008,Breakers & Panels,3,67.45,78.7,78.43,235.29,
INV-51368,2026-07-25,C1004,Blue Ridge Electrical Co.,A,T. Chen,CON-1010,Conduit & Fittings,19,12.81,15.62,15.56,295.64,
INV-51368,2026-07-25,C1004,Blue Ridge Electrical Co.,A,T. Chen,CON-1013,Conduit & Fittings,49,25.39,31.43,31.6,1548.4,
INV-51368,2026-07-25,C1004,Blue Ridge Electrical Co.,A,T. Chen,HVA-1018,HVAC Equipment,4,798.66,872.34,869.44,3477.76,
INV-51369,2026-09-14,C1103,Reston Energy Group,C,S. Evans,CON-1018,Conduit & Fittings,13,4.8,7.59,7.59,98.67,
INV-51369,2026-09-14,C1103,Reston Energy Group,C,S. Evans,LIG-1013,Lighting,2,9.5,13.96,13.85,27.7,
INV-51369,2026-09-14,C1103,Reston Energy Group,C,S. Evans,LIG-1024,Lighting,8,41.61,60.96,60.85,486.8,
INV-51369,2026-09-14,C1103,Reston Energy Group,C,S. Evans,CON-1008,Conduit & Fittings,53,3.76,5.53,5.55,294.15,
INV-51370,2026-09-17,C1055,Leesburg Contracting,C,D. Brooks,LIG-1027,Lighting,13,15.54,23.09,23.1,300.3,
INV-51370,2026-09-17,C1055,Leesburg Contracting,C,D. Brooks,CON-1024,Conduit & Fittings,26,3.43,5.6,5.17,134.42,MGR
INV-51370,2026-09-17,C1055,Leesburg Contracting,C,D. Brooks,HVA-1032,HVAC Equipment,3,850.39,1090.87,1101.34,3304.02,
INV-51370,2026-09-17,C1055,Leesburg Contracting,C,D. Brooks,HVA-1013,HVAC Equipment,2,1860.42,2392.65,2380.84,4761.68,
INV-51371,2026-08-30,C1027,Capitol Electrical Co.,B,T. Chen,HVA-1009,HVAC Parts,3,7.94,10.38,10.38,31.14,
INV-51371,2026-08-30,C1027,Capitol Electrical Co.,B,T. Chen,WIR-1017,Wire & Cable,2,51.35,65.17,65.67,131.34,
INV-51371,2026-08-30,C1027,Capitol Electrical Co.,B,T. Chen,HVA-1000,HVAC Equipment,1,402.96,495.6,498.43,498.43,
INV-51372,2026-09-16,C1075,Manassas Energy Group,C,K. Foster,BRE-1006,Breakers & Panels,5,18.77,27.38,27.34,136.7,
INV-51372,2026-09-16,C1075,Manassas Energy Group,C,K. Foster,CON-1034,Conduit & Fittings,30,17.7,26.12,26.01,780.3,
INV-51372,2026-09-16,C1075,Manassas Energy Group,C,K. Foster,HVA-1032,HVAC Equipment,1,850.39,1090.87,1089.53,1089.53,
INV-51372,2026-09-16,C1075,Manassas Energy Group,C,K. Foster,HVA-1010,HVAC Parts,1,26.77,37.55,37.89,37.89,
INV-51373,2026-07-11,C1033,Cardinal HVAC Services,B,D. Brooks,HVA-1017,HVAC Parts,4,13.44,18.89,19.07,76.28,
INV-51373,2026-07-11,C1033,Cardinal HVAC Services,B,D. Brooks,HVA-1003,HVAC Parts,9,14.6,19.81,19.74,177.66,
INV-51373,2026-07-11,C1033,Cardinal HVAC Services,B,D. Brooks,HVA-1014,HVAC Parts,26,114.93,156.02,155.2,4035.2,
INV-51373,2026-07-11,C1033,Cardinal HVAC Services,B,D. Brooks,LIG-1016,Lighting,9,90.5,121.68,120.91,1088.19,
INV-51374,2026-07-31,C1007,Bull Run Building Services,A,M. Dunn,HVA-1031,HVAC Equipment,1,1021.28,1131.8,1136.09,1136.09,
INV-51374,2026-07-31,C1007,Bull Run Building Services,A,M. Dunn,CON-1000,Conduit & Fittings,37,23.85,29.44,29.28,1083.36,
INV-51375,2026-08-28,C1014,Bull Run Heating & Air,A,S. Evans,LIG-1018,Lighting,14,40.2,50.38,50.05,700.7,
INV-51375,2026-08-28,C1014,Bull Run Heating & Air,A,S. Evans,HVA-1031,HVAC Parts,1,45.05,55.73,56.0,56.0,
INV-51375,2026-08-28,C1014,Bull Run Heating & Air,A,S. Evans,WIR-1025,Wire & Cable,5,108.67,125.11,125.01,625.05,
INV-51376,2026-09-14,C1038,Chantilly Energy Group,B,S. Evans,BRE-1030,Breakers & Panels,4,12.43,15.91,14.86,59.44,
INV-51376,2026-09-14,C1038,Chantilly Energy Group,B,S. Evans,BRE-1007,Breakers & Panels,8,24.67,34.58,34.68,277.44,
INV-51376,2026-09-14,C1038,Chantilly Energy Group,B,S. Evans,BRE-1004,Breakers & Panels,7,156.83,205.3,189.4,1325.8,
INV-51376,2026-09-14,C1038,Chantilly Energy Group,B,S. Evans,CON-1026,Conduit & Fittings,5,36.79,53.57,53.13,265.65,
INV-51376,2026-09-14,C1038,Chantilly Energy Group,B,S. Evans,WIR-1010,Wire & Cable,5,416.68,509.46,512.12,2560.6,
INV-51377,2026-08-03,C1109,Ridgeline Electric,C,R. Alvarez,HVA-1010,HVAC Equipment,1,1378.41,1748.24,1762.73,1762.73,
INV-51377,2026-08-03,C1109,Ridgeline Electric,C,R. Alvarez,HVA-1030,HVAC Parts,1,7.81,11.67,11.58,11.58,
INV-51378,2026-07-11,C1104,Reston HVAC Services,C,D. Brooks,WIR-1008,Wire & Cable,22,100.04,139.5,138.19,3040.18,
INV-51378,2026-07-11,C1104,Reston HVAC Services,C,D. Brooks,BRE-1032,Breakers & Panels,3,49.92,72.65,67.4,202.2,
INV-51378,2026-07-11,C1104,Reston HVAC Services,C,D. Brooks,LIG-1028,Lighting,5,42.41,63.05,63.46,317.3,
INV-51378,2026-07-11,C1104,Reston HVAC Services,C,D. Brooks,BRE-1006,Breakers & Panels,20,18.77,27.38,25.67,513.4,
INV-51378,2026-07-11,C1104,Reston HVAC Services,C,D. Brooks,HVA-1009,HVAC Parts,4,7.94,11.21,11.29,45.16,
INV-51379,2026-09-16,C1083,Occoquan Electric,C,M. Dunn,BRE-1006,Breakers & Panels,24,18.77,27.38,27.46,659.04,
INV-51379,2026-09-16,C1083,Occoquan Electric,C,M. Dunn,HVA-1027,HVAC Parts,7,66.45,94.87,94.94,664.58,
INV-51379,2026-09-16,C1083,Occoquan Electric,C,M. Dunn,BRE-1000,Breakers & Panels,6,42.31,62.86,63.27,379.62,
INV-51379,2026-09-16,C1083,Occoquan Electric,C,M. Dunn,BRE-1028,Breakers & Panels,1,83.36,115.0,114.98,114.98,
INV-51379,2026-09-16,C1083,Occoquan Electric,C,M. Dunn,HVA-1030,HVAC Equipment,1,1433.65,1827.66,1842.12,1842.12,
INV-51379,2026-09-16,C1083,Occoquan Electric,C,M. Dunn,LIG-1011,Lighting,1,19.03,29.38,29.14,29.14,
INV-51380,2026-08-02,C1042,Chantilly Power Systems,B,T. Chen,LIG-1034,Lighting,4,44.13,58.4,58.92,235.68,
INV-51380,2026-08-02,C1042,Chantilly Power Systems,B,T. Chen,HVA-1022,HVAC Parts,5,133.45,180.97,179.55,897.75,
INV-51380,2026-08-02,C1042,Chantilly Power Systems,B,T. Chen,WIR-1017,Wire & Cable,4,51.35,65.17,65.69,262.76,
INV-51380,2026-08-02,C1042,Chantilly Power Systems,B,T. Chen,BRE-1021,Breakers & Panels,11,42.96,58.97,58.72,645.92,
INV-51380,2026-08-02,C1042,Chantilly Power Systems,B,T. Chen,BRE-1011,Breakers & Panels,6,108.7,147.58,147.95,887.7,
INV-51380,2026-08-02,C1042,Chantilly Power Systems,B,T. Chen,LIG-1017,Lighting,13,36.9,48.51,48.29,627.77,
INV-51381,2026-09-26,C1027,Capitol Electrical Co.,B,T. Chen,WIR-1005,Wire & Cable,13,392.51,480.62,479.6,6234.8,
INV-51381,2026-09-26,C1027,Capitol Electrical Co.,B,T. Chen,HVA-1016,HVAC Equipment,1,1182.28,1364.74,1351.99,1351.99,
INV-51381,2026-09-26,C1027,Capitol Electrical Co.,B,T. Chen,LIG-1025,Lighting,6,11.2,15.59,15.46,92.76,
INV-51382,2026-07-08,C1038,Chantilly Energy Group,B,S. Evans,HVA-1008,HVAC Equipment,1,913.36,1094.51,1100.56,1100.56,
INV-51382,2026-07-08,C1038,Chantilly Energy Group,B,S. Evans,LIG-1033,Lighting,40,27.69,38.57,38.59,1543.6,
INV-51382,2026-07-08,C1038,Chantilly Energy Group,B,S. Evans,HVA-1003,HVAC Equipment,1,767.04,881.77,879.42,879.42,
INV-51382,2026-07-08,C1038,Chantilly Energy Group,B,S. Evans,HVA-1034,HVAC Parts,10,21.98,29.88,29.67,296.7,
INV-51382,2026-07-08,C1038,Chantilly Energy Group,B,S. Evans,BRE-1031,Breakers & Panels,4,33.11,42.91,39.81,159.24,
INV-51382,2026-07-08,C1038,Chantilly Energy Group,B,S. Evans,HVA-1020,HVAC Equipment,1,953.96,1097.57,1099.02,1099.02,
INV-51383,2026-09-09,C1003,Blue Ridge Electric,A,D. Brooks,LIG-1032,Lighting,17,22.45,29.73,29.56,502.52,
INV-51383,2026-09-09,C1003,Blue Ridge Electric,A,D. Brooks,WIR-1001,Wire & Cable,3,67.02,73.7,74.01,222.03,
INV-51383,2026-09-09,C1003,Blue Ridge Electric,A,D. Brooks,HVA-1028,HVAC Parts,4,6.16,7.68,7.61,30.44,
INV-51383,2026-09-09,C1003,Blue Ridge Electric,A,D. Brooks,LIG-1020,Lighting,12,23.46,28.31,28.46,341.52,
INV-51383,2026-09-09,C1003,Blue Ridge Electric,A,D. Brooks,BRE-1016,Breakers & Panels,4,22.89,27.33,24.85,99.4,
INV-51383,2026-09-09,C1003,Blue Ridge Electric,A,D. Brooks,WIR-1031,Wire & Cable,18,333.43,388.52,388.29,6989.22,
INV-51384,2026-09-02,C1011,Bull Run Electrical Co.,A,D. Brooks,LIG-1021,Lighting,9,183.41,239.04,239.92,2159.28,
INV-51384,2026-09-02,C1011,Bull Run Electrical Co.,A,D. Brooks,HVA-1013,HVAC Parts,3,12.39,14.87,14.85,44.55,
INV-51385,2026-08-07,C1003,Blue Ridge Electric,A,D. Brooks,HVA-1009,HVAC Equipment,2,1188.73,1325.22,1315.25,2630.5,
INV-51385,2026-08-07,C1003,Blue Ridge Electric,A,D. Brooks,BRE-1004,Breakers & Panels,3,156.83,186.64,186.12,558.36,
INV-51385,2026-08-07,C1003,Blue Ridge Electric,A,D. Brooks,LIG-1010,Lighting,11,87.43,105.7,105.36,1158.96,
INV-51385,2026-08-07,C1003,Blue Ridge Electric,A,D. Brooks,HVA-1031,HVAC Equipment,1,1021.28,1131.8,1130.16,1130.16,
INV-51386,2026-07-18,C1003,Blue Ridge Electric,A,D. Brooks,CON-1027,Conduit & Fittings,8,53.89,70.66,70.38,563.04,
INV-51386,2026-07-18,C1003,Blue Ridge Electric,A,D. Brooks,LIG-1015,Lighting,4,64.96,82.9,82.12,328.48,
INV-51386,2026-07-18,C1003,Blue Ridge Electric,A,D. Brooks,LIG-1035,Lighting,21,45.87,60.61,60.09,1261.89,
INV-51386,2026-07-18,C1003,Blue Ridge Electric,A,D. Brooks,HVA-1002,HVAC Equipment,1,1734.3,1847.29,1865.28,1865.28,
INV-51387,2026-08-19,C1015,Bull Run Power Systems,A,R. Alvarez,HVA-1012,HVAC Parts,6,26.33,30.77,30.77,184.62,
INV-51387,2026-08-19,C1015,Bull Run Power Systems,A,R. Alvarez,WIR-1021,Wire & Cable,6,162.13,187.66,188.06,1128.36,
INV-51388,2026-09-03,C1081,Mason Power Systems,C,M. Dunn,LIG-1022,Lighting,25,13.9,20.08,20.09,502.25,
INV-51388,2026-09-03,C1081,Mason Power Systems,C,M. Dunn,LIG-1015,Lighting,8,64.96,98.44,98.68,789.44,
INV-51388,2026-09-03,C1081,Mason Power Systems,C,M. Dunn,HVA-1008,HVAC Parts,3,23.36,33.13,33.18,99.54,
INV-51389,2026-09-22,C1024,Burke Power Systems,B,D. Brooks,CON-1010,Conduit & Fittings,10,12.81,17.19,17.17,171.7,
INV-51389,2026-09-22,C1024,Burke Power Systems,B,D. Brooks,HVA-1023,HVAC Equipment,1,1062.71,1242.37,1231.95,1231.95,
INV-51389,2026-09-22,C1024,Burke Power Systems,B,D. Brooks,HVA-1009,HVAC Parts,5,7.94,10.38,10.45,52.25,
INV-51389,2026-09-22,C1024,Burke Power Systems,B,D. Brooks,CON-1021,Conduit & Fittings,32,8.73,12.92,12.97,415.04,
INV-51390,2026-09-23,C1098,Reston Building Services,C,D. Brooks,HVA-1002,HVAC Equipment,7,1734.3,2193.65,2207.46,15452.22,
INV-51390,2026-09-23,C1098,Reston Building Services,C,D. Brooks,HVA-1018,HVAC Parts,3,116.07,170.79,170.3,510.9,
INV-51390,2026-09-23,C1098,Reston Building Services,C,D. Brooks,CON-1004,Conduit & Fittings,19,49.09,72.37,72.65,1380.35,
INV-51390,2026-09-23,C1098,Reston Building Services,C,D. Brooks,WIR-1017,Wire & Cable,1,51.35,70.36,70.76,70.76,
INV-51391,2026-09-01,C1072,Manassas Contracting,C,M. Dunn,HVA-1023,HVAC Equipment,1,1062.71,1341.19,1339.11,1339.11,
INV-51391,2026-09-01,C1072,Manassas Contracting,C,M. Dunn,BRE-1010,Breakers & Panels,11,41.23,56.56,56.17,617.87,
INV-51391,2026-09-01,C1072,Manassas Contracting,C,M. Dunn,LIG-1035,Lighting,37,45.87,71.97,71.96,2662.52,
INV-51392,2026-08-23,C1028,Capitol HVAC Services,B,S. Evans,LIG-1014,Lighting,24,9.82,13.85,13.86,332.64,
INV-51392,2026-08-23,C1028,Capitol HVAC Services,B,S. Evans,HVA-1005,HVAC Equipment,2,1913.09,2273.14,2260.08,4520.16,
INV-51392,2026-08-23,C1028,Capitol HVAC Services,B,S. Evans,CON-1011,Conduit & Fittings,72,4.24,5.92,5.89,424.08,
INV-51392,2026-08-23,C1028,Capitol HVAC Services,B,S. Evans,WIR-1031,Wire & Cable,1,333.43,427.37,426.99,426.99,
INV-51393,2026-09-20,C1053,Fairfax Power Systems,C,M. Dunn,BRE-1004,Breakers & Panels,7,156.83,221.63,220.17,1541.19,
INV-51393,2026-09-20,C1053,Fairfax Power Systems,C,M. Dunn,WIR-1006,Wire & Cable,2,223.99,291.72,294.55,589.1,
INV-51394,2026-08-10,C1036,Chantilly Electric,B,R. Alvarez,HVA-1023,HVAC Equipment,4,1062.71,1242.37,1230.61,4922.44,
INV-51394,2026-08-10,C1036,Chantilly Electric,B,R. Alvarez,WIR-1021,Wire & Cable,1,162.13,206.43,206.88,206.88,
INV-51395,2026-09-08,C1009,Bull Run Contracting,A,M. Dunn,CON-1006,Conduit & Fittings,103,6.73,8.64,8.56,881.68,
INV-51395,2026-09-08,C1009,Bull Run Contracting,A,M. Dunn,HVA-1009,HVAC Parts,5,7.94,9.44,9.42,47.1,
INV-51395,2026-09-08,C1009,Bull Run Contracting,A,M. Dunn,HVA-1011,HVAC Equipment,1,620.35,679.34,683.0,683.0,
INV-51395,2026-09-08,C1009,Bull Run Contracting,A,M. Dunn,LIG-1016,Lighting,9,90.5,110.62,110.74,996.66,
INV-51395,2026-09-08,C1009,Bull Run Contracting,A,M. Dunn,CON-1026,Conduit & Fittings,16,36.79,48.7,48.46,775.36,
INV-51396,2026-09-18,C1067,Loudoun Energy Group,C,D. Brooks,LIG-1024,Lighting,18,41.61,60.96,61.28,1103.04,
INV-51396,2026-09-18,C1067,Loudoun Energy Group,C,D. Brooks,LIG-1004,Lighting,5,64.29,93.76,94.57,472.85,
INV-51396,2026-09-18,C1067,Loudoun Energy Group,C,D. Brooks,CON-1029,Conduit & Fittings,26,15.74,22.97,23.1,600.6,
INV-51397,2026-07-11,C1013,Bull Run HVAC Services,A,D. Brooks,HVA-1001,HVAC Equipment,2,1321.74,1471.69,1475.83,2951.66,
INV-51397,2026-07-11,C1013,Bull Run HVAC Services,A,D. Brooks,CON-1017,Conduit & Fittings,7,21.97,29.48,29.55,206.85,
INV-51397,2026-07-11,C1013,Bull Run HVAC Services,A,D. Brooks,LIG-1028,Lighting,13,42.41,53.1,52.75,685.75,
INV-51397,2026-07-11,C1013,Bull Run HVAC Services,A,D. Brooks,HVA-1012,HVAC Parts,6,26.33,30.77,30.87,185.22,
INV-51397,2026-07-11,C1013,Bull Run HVAC Services,A,D. Brooks,HVA-1019,HVAC Equipment,3,1148.15,1237.5,1229.21,3687.63,
INV-51398,2026-08-26,C1004,Blue Ridge Electrical Co.,A,T. Chen,BRE-1008,Breakers & Panels,5,67.45,78.7,78.07,390.35,
INV-51398,2026-08-26,C1004,Blue Ridge Electrical Co.,A,T. Chen,HVA-1009,HVAC Parts,5,7.94,9.44,9.43,47.15,
INV-51398,2026-08-26,C1004,Blue Ridge Electrical Co.,A,T. Chen,HVA-1013,HVAC Equipment,1,1860.42,2014.86,2011.0,2011.0,
INV-51398,2026-08-26,C1004,Blue Ridge Electrical Co.,A,T. Chen,HVA-1020,HVAC Parts,5,6.84,8.86,8.9,44.5,
INV-51399,2026-09-22,C1042,Chantilly Power Systems,B,T. Chen,BRE-1011,Breakers & Panels,4,108.7,147.58,148.63,594.52,
INV-51399,2026-09-22,C1042,Chantilly Power Systems,B,T. Chen,HVA-1000,HVAC Equipment,4,402.96,495.6,498.85,1995.4,
INV-51400,2026-09-07,C1021,Burke HVAC Services,B,M. Dunn,HVA-1015,HVAC Parts,1,173.58,224.94,222.91,222.91,
INV-51400,2026-09-07,C1021,Burke HVAC Services,B,M. Dunn,WIR-1029,Wire & Cable,6,61.38,76.02,76.49,458.94,
INV-51400,2026-09-07,C1021,Burke HVAC Services,B,M. Dunn,WIR-1000,Wire & Cable,1,216.1,267.85,267.59,267.59,
INV-51400,2026-09-07,C1021,Burke HVAC Services,B,M. Dunn,HVA-1019,HVAC Parts,2,165.59,225.39,224.57,449.14,
INV-51401,2026-08-30,C1048,Dulles HVAC Services,B,R. Alvarez,BRE-1034,Breakers & Panels,2,68.77,93.74,93.78,187.56,
INV-51401,2026-08-30,C1048,Dulles HVAC Services,B,R. Alvarez,HVA-1034,HVAC Equipment,1,1666.74,1994.46,1978.18,1978.18,
INV-51401,2026-08-30,C1048,Dulles HVAC Services,B,R. Alvarez,LIG-1013,Lighting,4,9.5,12.94,12.98,51.92,
INV-51401,2026-08-30,C1048,Dulles HVAC Services,B,R. Alvarez,CON-1010,Conduit & Fittings,65,12.81,17.19,17.03,1106.95,
INV-51401,2026-08-30,C1048,Dulles HVAC Services,B,R. Alvarez,HVA-1006,HVAC Parts,4,55.33,75.07,75.72,302.88,
INV-51402,2026-08-04,C1099,Reston Comfort Systems,C,K. Foster,WIR-1032,Wire & Cable,4,294.58,396.49,396.41,1585.64,
INV-51402,2026-08-04,C1099,Reston Comfort Systems,C,K. Foster,HVA-1021,HVAC Equipment,1,2137.62,2675.49,2652.95,2652.95,
INV-51402,2026-08-04,C1099,Reston Comfort Systems,C,K. Foster,LIG-1004,Lighting,12,64.29,93.76,93.19,1118.28,
INV-51403,2026-09-18,C1053,Fairfax Power Systems,C,M. Dunn,BRE-1018,Breakers & Panels,1,111.4,152.65,152.48,152.48,
INV-51403,2026-09-18,C1053,Fairfax Power Systems,C,M. Dunn,HVA-1019,HVAC Equipment,1,1148.15,1469.54,1457.53,1457.53,
INV-51404,2026-09-20,C1024,Burke Power Systems,B,D. Brooks,HVA-1027,HVAC Parts,10,66.45,87.88,87.3,873.0,
INV-51404,2026-09-20,C1024,Burke Power Systems,B,D. Brooks,LIG-1010,Lighting,18,87.43,116.27,117.33,2111.94,
INV-51405,2026-08-20,C1005,Blue Ridge Energy Group,A,M. Dunn,WIR-1033,Wire & Cable,13,54.3,63.73,63.42,824.46,
INV-51405,2026-08-20,C1005,Blue Ridge Energy Group,A,M. Dunn,CON-1026,Conduit & Fittings,15,36.79,48.7,48.41,726.15,
INV-51405,2026-08-20,C1005,Blue Ridge Energy Group,A,M. Dunn,HVA-1011,HVAC Parts,1,8.86,11.51,11.56,11.56,
INV-51405,2026-08-20,C1005,Blue Ridge Energy Group,A,M. Dunn,LIG-1027,Lighting,53,15.54,19.44,19.56,1036.68,
INV-51405,2026-08-20,C1005,Blue Ridge Energy Group,A,M. Dunn,BRE-1016,Breakers & Panels,16,22.89,27.33,27.2,435.2,
INV-51406,2026-07-18,C1004,Blue Ridge Electrical Co.,A,T. Chen,HVA-1009,HVAC Parts,9,7.94,9.44,9.46,85.14,
INV-51406,2026-07-18,C1004,Blue Ridge Electrical Co.,A,T. Chen,CON-1027,Conduit & Fittings,3,53.89,70.66,71.05,213.15,
INV-51406,2026-07-18,C1004,Blue Ridge Electrical Co.,A,T. Chen,WIR-1002,Wire & Cable,4,152.66,178.87,179.9,719.6,
INV-51406,2026-07-18,C1004,Blue Ridge Electrical Co.,A,T. Chen,LIG-1020,Lighting,5,23.46,28.31,28.13,140.65,
INV-51407,2026-08-11,C1108,Ridgeline Comfort Systems,C,S. Evans,WIR-1035,Wire & Cable,9,83.22,115.8,116.85,1051.65,
INV-51407,2026-08-11,C1108,Ridgeline Comfort Systems,C,S. Evans,WIR-1022,Wire & Cable,4,83.06,116.82,117.91,471.64,
INV-51407,2026-08-11,C1108,Ridgeline Comfort Systems,C,S. Evans,CON-1006,Conduit & Fittings,12,6.73,10.26,10.22,122.64,
INV-51407,2026-08-11,C1108,Ridgeline Comfort Systems,C,S. Evans,CON-1006,Conduit & Fittings,37,6.73,10.26,10.32,381.84,
INV-51408,2026-08-02,C1003,Blue Ridge Electric,A,D. Brooks,LIG-1000,Lighting,8,11.27,13.74,12.85,102.8,MGR
INV-51408,2026-08-02,C1003,Blue Ridge Electric,A,D. Brooks,CON-1029,Conduit & Fittings,33,15.74,19.34,19.33,637.89,
INV-51408,2026-08-02,C1003,Blue Ridge Electric,A,D. Brooks,HVA-1033,HVAC Equipment,1,1194.8,1286.12,1279.56,1279.56,
INV-51408,2026-08-02,C1003,Blue Ridge Electric,A,D. Brooks,WIR-1024,Wire & Cable,2,274.36,318.57,321.5,643.0,
INV-51408,2026-08-02,C1003,Blue Ridge Electric,A,D. Brooks,BRE-1029,Breakers & Panels,8,100.96,122.87,123.82,990.56,
INV-51408,2026-08-02,C1003,Blue Ridge Electric,A,D. Brooks,CON-1007,Conduit & Fittings,6,3.77,4.62,4.65,27.9,
INV-51409,2026-07-17,C1016,Burke Building Services,B,K. Foster,LIG-1019,Lighting,9,22.4,30.18,30.07,270.63,
INV-51409,2026-07-17,C1016,Burke Building Services,B,K. Foster,HVA-1021,HVAC Equipment,1,2137.62,2478.35,2492.89,2492.89,
INV-51410,2026-08-22,C1076,Manassas HVAC Services,C,S. Evans,BRE-1002,Breakers & Panels,10,117.95,172.57,173.22,1732.2,
INV-51410,2026-08-22,C1076,Manassas HVAC Services,C,S. Evans,HVA-1022,HVAC Equipment,2,465.16,580.52,576.89,1153.78,
INV-51410,2026-08-22,C1076,Manassas HVAC Services,C,S. Evans,CON-1032,Conduit & Fittings,33,22.74,35.38,35.7,1178.1,
INV-51410,2026-08-22,C1076,Manassas HVAC Services,C,S. Evans,CON-1019,Conduit & Fittings,9,3.49,5.15,5.19,46.71,
INV-51410,2026-08-22,C1076,Manassas HVAC Services,C,S. Evans,BRE-1034,Breakers & Panels,3,68.77,101.19,95.02,285.06,
INV-51411,2026-07-18,C1075,Manassas Energy Group,C,K. Foster,HVA-1014,HVAC Parts,5,114.93,168.43,170.02,850.1,
INV-51411,2026-07-18,C1075,Manassas Energy Group,C,K. Foster,WIR-1017,Wire & Cable,2,51.35,70.36,70.97,141.94,
INV-51411,2026-07-18,C1075,Manassas Energy Group,C,K. Foster,BRE-1035,Breakers & Panels,3,97.51,141.22,140.36,421.08,
INV-51411,2026-07-18,C1075,Manassas Energy Group,C,K. Foster,WIR-1006,Wire & Cable,2,223.99,291.72,291.87,583.74,
INV-51412,2026-09-21,C1023,Burke Mechanical,B,D. Brooks,HVA-1014,HVAC Parts,3,114.93,156.02,156.75,470.25,
INV-51412,2026-09-21,C1023,Burke Mechanical,B,D. Brooks,CON-1033,Conduit & Fittings,28,3.42,4.66,4.68,131.04,
INV-51412,2026-09-21,C1023,Burke Mechanical,B,D. Brooks,BRE-1006,Breakers & Panels,5,18.77,25.36,23.97,119.85,
INV-51412,2026-09-21,C1023,Burke Mechanical,B,D. Brooks,BRE-1007,Breakers & Panels,6,24.67,34.58,34.52,207.12,
INV-51412,2026-09-21,C1023,Burke Mechanical,B,D. Brooks,CON-1026,Conduit & Fittings,71,36.79,53.57,53.07,3767.97,
INV-51413,2026-09-11,C1025,Capitol Building Services,B,R. Alvarez,LIG-1031,Lighting,1,46.98,67.17,66.73,66.73,
INV-51413,2026-09-11,C1025,Capitol Building Services,B,R. Alvarez,BRE-1000,Breakers & Panels,8,42.31,58.23,57.65,461.2,
INV-51413,2026-09-11,C1025,Capitol Building Services,B,R. Alvarez,BRE-1010,Breakers & Panels,9,41.23,52.4,52.02,468.18,
INV-51413,2026-09-11,C1025,Capitol Building Services,B,R. Alvarez,HVA-1008,HVAC Equipment,1,913.36,1094.51,1084.42,1084.42,
INV-51414,2026-07-02,C1047,Dulles Energy Group,B,T. Chen,LIG-1023,Lighting,10,160.88,230.86,229.66,2296.6,
INV-51414,2026-07-02,C1047,Dulles Energy Group,B,T. Chen,WIR-1004,Wire & Cable,13,134.3,166.8,167.76,2180.88,
INV-51414,2026-07-02,C1047,Dulles Energy Group,B,T. Chen,CON-1031,Conduit & Fittings,22,2.97,4.01,4.04,88.88,
INV-51414,2026-07-02,C1047,Dulles Energy Group,B,T. Chen,WIR-1030,Wire & Cable,6,123.15,152.62,153.47,920.82,
INV-51415,2026-09-15,C1001,Blue Ridge Building Services,A,M. Dunn,LIG-1014,Lighting,8,9.82,12.59,12.64,101.12,
INV-51415,2026-09-15,C1001,Blue Ridge Building Services,A,M. Dunn,HVA-1027,HVAC Equipment,1,2166.2,2378.14,2354.63,2354.63,
INV-51415,2026-09-15,C1001,Blue Ridge Building Services,A,M. Dunn,WIR-1010,Wire & Cable,9,416.68,463.14,459.61,4136.49,
INV-51415,2026-09-15,C1001,Blue Ridge Building Services,A,M. Dunn,CON-1023,Conduit & Fittings,28,53.8,67.06,67.64,1893.92,
INV-51415,2026-09-15,C1001,Blue Ridge Building Services,A,M. Dunn,CON-1011,Conduit & Fittings,28,4.24,5.38,5.42,151.76,
INV-51416,2026-07-28,C1030,Capitol Power Systems,B,M. Dunn,LIG-1025,Lighting,21,11.2,15.59,15.48,325.08,
INV-51416,2026-07-28,C1030,Capitol Power Systems,B,M. Dunn,WIR-1002,Wire & Cable,6,152.66,196.76,196.24,1177.44,
INV-51416,2026-07-28,C1030,Capitol Power Systems,B,M. Dunn,WIR-1021,Wire & Cable,1,162.13,206.43,204.72,204.72,
INV-51417,2026-07-04,C1049,Dulles Heating & Air,B,K. Foster,HVA-1003,HVAC Parts,3,14.6,19.81,19.68,59.04,
INV-51417,2026-07-04,C1049,Dulles Heating & Air,B,K. Foster,CON-1007,Conduit & Fittings,22,3.77,5.08,5.08,111.76,
INV-51417,2026-07-04,C1049,Dulles Heating & Air,B,K. Foster,CON-1014,Conduit & Fittings,27,6.03,8.79,8.77,236.79,
INV-51417,2026-07-04,C1049,Dulles Heating & Air,B,K. Foster,LIG-1016,Lighting,27,90.5,121.68,120.98,3266.46,
INV-51418,2026-07-12,C1005,Blue Ridge Energy Group,A,M. Dunn,HVA-1025,HVAC Parts,4,66.1,85.7,85.39,341.56,
INV-51418,2026-07-12,C1005,Blue Ridge Energy Group,A,M. Dunn,BRE-1032,Breakers & Panels,5,49.92,61.18,60.76,303.8,
INV-51418,2026-07-12,C1005,Blue Ridge Energy Group,A,M. Dunn,LIG-1004,Lighting,2,64.29,78.95,79.03,158.06,
INV-51419,2026-09-20,C1016,Burke Building Services,B,K. Foster,CON-1022,Conduit & Fittings,14,3.57,4.9,4.92,68.88,
INV-51419,2026-09-20,C1016,Burke Building Services,B,K. Foster,CON-1027,Conduit & Fittings,15,53.89,77.72,77.46,1161.9,
INV-51419,2026-09-20,C1016,Burke Building Services,B,K. Foster,BRE-1021,Breakers & Panels,1,42.96,58.97,59.25,59.25,
INV-51419,2026-09-20,C1016,Burke Building Services,B,K. Foster,BRE-1035,Breakers & Panels,11,97.51,130.81,131.71,1448.81,
INV-51420,2026-09-04,C1002,Blue Ridge Comfort Systems,A,S. Evans,CON-1032,Conduit & Fittings,6,22.74,29.79,29.7,178.2,
INV-51420,2026-09-04,C1002,Blue Ridge Comfort Systems,A,S. Evans,HVA-1001,HVAC Equipment,2,1321.74,1471.69,1468.58,2937.16,
INV-51421,2026-08-21,C1072,Manassas Contracting,C,M. Dunn,HVA-1028,HVAC Parts,4,6.16,9.12,9.06,36.24,
INV-51421,2026-08-21,C1072,Manassas Contracting,C,M. Dunn,LIG-1012,Lighting,6,28.4,40.86,40.78,244.68,
INV-51421,2026-08-21,C1072,Manassas Contracting,C,M. Dunn,LIG-1033,Lighting,20,27.69,41.64,42.0,840.0,
INV-51421,2026-08-21,C1072,Manassas Contracting,C,M. Dunn,LIG-1011,Lighting,6,19.03,29.38,29.36,176.16,
INV-51422,2026-08-22,C1056,Leesburg Electric,C,K. Foster,BRE-1012,Breakers & Panels,8,33.82,49.6,49.84,398.72,
INV-51422,2026-08-22,C1056,Leesburg Electric,C,K. Foster,CON-1033,Conduit & Fittings,32,3.42,5.03,5.06,161.92,
INV-51423,2026-08-29,C1029,Capitol Mechanical,B,M. Dunn,LIG-1019,Lighting,11,22.4,30.18,30.31,333.41,
INV-51423,2026-08-29,C1029,Capitol Mechanical,B,M. Dunn,HVA-1025,HVAC Equipment,1,435.7,521.87,521.24,521.24,
INV-51423,2026-08-29,C1029,Capitol Mechanical,B,M. Dunn,BRE-1034,Breakers & Panels,5,68.77,93.74,93.18,465.9,
INV-51423,2026-08-29,C1029,Capitol Mechanical,B,M. Dunn,HVA-1015,HVAC Equipment,2,646.24,744.3,706.46,1412.92,VERBAL
INV-51424,2026-09-12,C1021,Burke HVAC Services,B,M. Dunn,CON-1033,Conduit & Fittings,12,3.42,4.66,4.63,55.56,
INV-51424,2026-09-12,C1021,Burke HVAC Services,B,M. Dunn,CON-1003,Conduit & Fittings,6,2.25,3.31,3.3,19.8,
INV-51424,2026-09-12,C1021,Burke HVAC Services,B,M. Dunn,CON-1035,Conduit & Fittings,111,50.27,75.84,76.31,8470.41,
INV-51425,2026-07-12,C1118,Shenandoah Heating & Air,C,R. Alvarez,BRE-1035,Breakers & Panels,3,97.51,141.22,141.23,423.69,
INV-51425,2026-07-12,C1118,Shenandoah Heating & Air,C,R. Alvarez,BRE-1006,Breakers & Panels,4,18.77,27.38,27.47,109.88,
INV-51425,2026-07-12,C1118,Shenandoah Heating & Air,C,R. Alvarez,HVA-1013,HVAC Equipment,1,1860.42,2392.65,2373.75,2373.75,
INV-51426,2026-09-13,C1037,Chantilly Electrical Co.,B,D. Brooks,HVA-1008,HVAC Parts,6,23.36,30.69,30.81,184.86,
INV-51426,2026-09-13,C1037,Chantilly Electrical Co.,B,D. Brooks,CON-1026,Conduit & Fittings,7,36.79,53.57,53.64,375.48,
INV-51426,2026-09-13,C1037,Chantilly Electrical Co.,B,D. Brooks,HVA-1003,HVAC Equipment,1,767.04,881.77,883.49,883.49,
INV-51426,2026-09-13,C1037,Chantilly Electrical Co.,B,D. Brooks,BRE-1027,Breakers & Panels,3,48.96,63.82,64.11,192.33,
INV-51427,2026-07-09,C1007,Bull Run Building Services,A,M. Dunn,BRE-1018,Breakers & Panels,1,111.4,128.54,127.72,127.72,
INV-51427,2026-07-09,C1007,Bull Run Building Services,A,M. Dunn,BRE-1027,Breakers & Panels,2,48.96,58.02,57.98,115.96,
INV-51427,2026-07-09,C1007,Bull Run Building Services,A,M. Dunn,HVA-1024,HVAC Parts,5,167.27,216.78,217.31,1086.55,
INV-51428,2026-09-13,C1045,Dulles Contracting,B,S. Evans,WIR-1029,Wire & Cable,10,61.38,76.02,70.89,708.9,
INV-51428,2026-09-13,C1045,Dulles Contracting,B,S. Evans,BRE-1032,Breakers & Panels,6,49.92,67.29,67.03,402.18,
INV-51428,2026-09-13,C1045,Dulles Contracting,B,S. Evans,BRE-1034,Breakers & Panels,3,68.77,93.74,86.06,258.18,
INV-51428,2026-09-13,C1045,Dulles Contracting,B,S. Evans,BRE-1027,Breakers & Panels,5,48.96,63.82,64.31,321.55,
INV-51428,2026-09-13,C1045,Dulles Contracting,B,S. Evans,HVA-1016,HVAC Equipment,7,1182.28,1364.74,1375.46,9628.22,
INV-51428,2026-09-13,C1045,Dulles Contracting,B,S. Evans,HVA-1025,HVAC Equipment,1,435.7,521.87,524.7,524.7,
INV-51429,2026-09-13,C1060,Lorton Comfort Systems,C,M. Dunn,HVA-1003,HVAC Parts,9,14.6,21.38,21.5,193.5,
INV-51429,2026-09-13,C1060,Lorton Comfort Systems,C,M. Dunn,HVA-1004,HVAC Equipment,1,1034.98,1365.81,1358.32,1358.32,
INV-51429,2026-09-13,C1060,Lorton Comfort Systems,C,M. Dunn,WIR-1015,Wire & Cable,1,35.17,47.22,47.52,47.52,
INV-51430,2026-07-26,C1026,Capitol Comfort Systems,B,R. Alvarez,HVA-1020,HVAC Parts,3,6.84,9.74,9.79,29.37,
INV-51430,2026-07-26,C1026,Capitol Comfort Systems,B,R. Alvarez,LIG-1010,Lighting,5,87.43,116.27,115.74,578.7,
INV-51430,2026-07-26,C1026,Capitol Comfort Systems,B,R. Alvarez,BRE-1033,Breakers & Panels,1,20.29,26.53,26.45,26.45,
INV-51430,2026-07-26,C1026,Capitol Comfort Systems,B,R. Alvarez,BRE-1010,Breakers & Panels,10,41.23,52.4,52.52,525.2,
INV-51431,2026-09-24,C1097,Potomac HVAC Services,C,T. Chen,LIG-1019,Lighting,13,22.4,32.58,30.21,392.73,MGR
INV-51431,2026-09-24,C1097,Potomac HVAC Services,C,T. Chen,WIR-1029,Wire & Cable,8,61.38,82.07,82.67,661.36,
INV-51431,2026-09-24,C1097,Potomac HVAC Services,C,T. Chen,LIG-1020,Lighting,13,23.46,33.62,33.9,440.7,
INV-51431,2026-09-24,C1097,Potomac HVAC Services,C,T. Chen,LIG-1011,Lighting,3,19.03,29.38,29.42,88.26,
INV-51431,2026-09-24,C1097,Potomac HVAC Services,C,T. Chen,WIR-1028,Wire & Cable,6,76.0,105.43,104.92,629.52,
INV-51432,2026-09-23,C1013,Bull Run HVAC Services,A,D. Brooks,HVA-1028,HVAC Equipment,1,685.83,739.92,738.22,738.22,
INV-51432,2026-09-23,C1013,Bull Run HVAC Services,A,D. Brooks,HVA-1020,HVAC Parts,9,6.84,8.86,8.82,79.38,
INV-51432,2026-09-23,C1013,Bull Run HVAC Services,A,D. Brooks,BRE-1003,Breakers & Panels,4,17.77,21.03,20.84,83.36,
INV-51433,2026-06-30,C1041,Chantilly Mechanical,B,S. Evans,WIR-1010,Wire & Cable,5,416.68,509.46,507.53,2537.65,
INV-51433,2026-06-30,C1041,Chantilly Mechanical,B,S. Evans,HVA-1015,HVAC Equipment,3,646.24,744.3,747.1,2241.3,
INV-51433,2026-06-30,C1041,Chantilly Mechanical,B,S. Evans,BRE-1015,Breakers & Panels,8,93.54,125.32,117.53,940.24,
INV-51433,2026-06-30,C1041,Chantilly Mechanical,B,S. Evans,WIR-1023,Wire & Cable,4,47.27,59.52,59.0,236.0,
INV-51433,2026-06-30,C1041,Chantilly Mechanical,B,S. Evans,BRE-1032,Breakers & Panels,12,49.92,67.29,66.65,799.8,
INV-51433,2026-06-30,C1041,Chantilly Mechanical,B,S. Evans,WIR-1028,Wire & Cable,8,76.0,97.66,98.57,788.56,
INV-51434,2026-09-16,C1106,Reston Mechanical,C,S. Evans,WIR-1030,Wire & Cable,19,123.15,164.76,163.44,3105.36,
INV-51434,2026-09-16,C1106,Reston Mechanical,C,S. Evans,HVA-1029,HVAC Equipment,2,706.2,932.61,934.49,1868.98,
INV-51434,2026-09-16,C1106,Reston Mechanical,C,S. Evans,BRE-1030,Breakers & Panels,4,12.43,17.18,15.78,63.12,
INV-51434,2026-09-16,C1106,Reston Mechanical,C,S. Evans,BRE-1031,Breakers & Panels,3,33.11,46.32,41.35,124.05,VERBAL
INV-51434,2026-09-16,C1106,Reston Mechanical,C,S. Evans,CON-1034,Conduit & Fittings,77,17.7,26.12,25.95,1998.15,
INV-51434,2026-09-16,C1106,Reston Mechanical,C,S. Evans,CON-1008,Conduit & Fittings,19,3.76,5.53,5.49,104.31,
INV-51435,2026-09-02,C1011,Bull Run Electrical Co.,A,D. Brooks,CON-1008,Conduit & Fittings,39,3.76,4.66,4.7,183.3,
INV-51435,2026-09-02,C1011,Bull Run Electrical Co.,A,D. Brooks,HVA-1011,HVAC Parts,9,8.86,11.51,11.48,103.32,
INV-51436,2026-08-10,C1096,Potomac Energy Group,C,K. Foster,BRE-1027,Breakers & Panels,5,48.96,68.89,68.69,343.45,
INV-51436,2026-08-10,C1096,Potomac Energy Group,C,K. Foster,LIG-1030,Lighting,30,127.4,188.87,187.4,5622.0,
INV-51436,2026-08-10,C1096,Potomac Energy Group,C,K. Foster,LIG-1002,Lighting,8,81.88,128.61,128.96,1031.68,
INV-51437,2026-08-27,C1029,Capitol Mechanical,B,M. Dunn,BRE-1035,Breakers & Panels,12,97.51,130.81,130.19,1562.28,
INV-51437,2026-08-27,C1029,Capitol Mechanical,B,M. Dunn,HVA-1035,HVAC Equipment,1,1183.06,1405.18,1391.38,1391.38,
INV-51438,2026-08-20,C1113,Shenandoah Building Services,C,S. Evans,WIR-1028,Wire & Cable,10,76.0,105.43,105.23,1052.3,
INV-51438,2026-08-20,C1113,Shenandoah Building Services,C,S. Evans,BRE-1031,Breakers & Panels,3,33.11,46.32,45.86,137.58,
INV-51438,2026-08-20,C1113,Shenandoah Building Services,C,S. Evans,CON-1016,Conduit & Fittings,54,2.76,4.27,4.3,232.2,
INV-51438,2026-08-20,C1113,Shenandoah Building Services,C,S. Evans,HVA-1001,HVAC Equipment,5,1321.74,1747.63,1740.57,8702.85,
INV-51439,2026-07-30,C1012,Bull Run Energy Group,A,D. Brooks,HVA-1004,HVAC Parts,14,16.08,19.65,19.72,276.08,
INV-51439,2026-07-30,C1012,Bull Run Energy Group,A,D. Brooks,LIG-1003,Lighting,2,183.14,240.01,239.71,479.42,
INV-51439,2026-07-30,C1012,Bull Run Energy Group,A,D. Brooks,HVA-1025,HVAC Equipment,1,435.7,474.42,475.73,475.73,
INV-51439,2026-07-30,C1012,Bull Run Energy Group,A,D. Brooks,LIG-1003,Lighting,3,183.14,240.01,238.87,716.61,
INV-51440,2026-08-25,C1025,Capitol Building Services,B,R. Alvarez,HVA-1034,HVAC Parts,9,21.98,29.88,29.74,267.66,
INV-51440,2026-08-25,C1025,Capitol Building Services,B,R. Alvarez,WIR-1009,Wire & Cable,1,329.33,431.75,428.03,428.03,
INV-51440,2026-08-25,C1025,Capitol Building Services,B,R. Alvarez,BRE-1014,Breakers & Panels,12,162.58,227.38,227.54,2730.48,
INV-51440,2026-08-25,C1025,Capitol Building Services,B,R. Alvarez,HVA-1008,HVAC Parts,23,23.36,30.69,30.68,705.64,
INV-51441,2026-08-25,C1012,Bull Run Energy Group,A,D. Brooks,WIR-1016,Wire & Cable,8,87.34,97.45,97.76,782.08,
INV-51441,2026-08-25,C1012,Bull Run Energy Group,A,D. Brooks,BRE-1027,Breakers & Panels,3,48.96,58.02,58.57,175.71,
INV-51441,2026-08-25,C1012,Bull Run Energy Group,A,D. Brooks,WIR-1028,Wire & Cable,4,76.0,88.78,80.92,323.68,
INV-51441,2026-08-25,C1012,Bull Run Energy Group,A,D. Brooks,CON-1021,Conduit & Fittings,51,8.73,11.74,11.77,600.27,
INV-51442,2026-07-31,C1012,Bull Run Energy Group,A,D. Brooks,CON-1014,Conduit & Fittings,15,6.03,7.99,7.98,119.7,
INV-51442,2026-07-31,C1012,Bull Run Energy Group,A,D. Brooks,HVA-1019,HVAC Equipment,1,1148.15,1237.5,1240.64,1240.64,
INV-51443,2026-09-20,C1046,Dulles Electrical Co.,B,K. Foster,HVA-1021,HVAC Parts,3,221.97,306.92,309.28,927.84,
INV-51443,2026-09-20,C1046,Dulles Electrical Co.,B,K. Foster,HVA-1025,HVAC Equipment,1,435.7,521.87,517.48,517.48,
INV-51443,2026-09-20,C1046,Dulles Electrical Co.,B,K. Foster,LIG-1012,Lighting,15,28.4,37.85,37.54,563.1,
INV-51443,2026-09-20,C1046,Dulles Electrical Co.,B,K. Foster,HVA-1017,HVAC Parts,3,13.44,18.89,18.85,56.55,
INV-51444,2026-08-10,C1049,Dulles Heating & Air,B,K. Foster,WIR-1030,Wire & Cable,8,123.15,152.62,153.18,1225.44,
INV-51444,2026-08-10,C1049,Dulles Heating & Air,B,K. Foster,LIG-1035,Lighting,7,45.87,66.67,67.19,470.33,
INV-51444,2026-08-10,C1049,Dulles Heating & Air,B,K. Foster,HVA-1025,HVAC Equipment,1,435.7,521.87,519.58,519.58,
INV-51444,2026-08-10,C1049,Dulles Heating & Air,B,K. Foster,BRE-1010,Breakers & Panels,22,41.23,52.4,52.73,1160.06,
INV-51444,2026-08-10,C1049,Dulles Heating & Air,B,K. Foster,WIR-1025,Wire & Cable,1,108.67,137.62,136.76,136.76,
INV-51445,2026-09-24,C1037,Chantilly Electrical Co.,B,D. Brooks,CON-1018,Conduit & Fittings,29,4.8,7.03,6.97,202.13,
INV-51445,2026-09-24,C1037,Chantilly Electrical Co.,B,D. Brooks,BRE-1014,Breakers & Panels,2,162.58,227.38,203.8,407.6,
INV-51445,2026-09-24,C1037,Chantilly Electrical Co.,B,D. Brooks,HVA-1011,HVAC Parts,7,8.86,12.66,12.62,88.34,
INV-51445,2026-09-24,C1037,Chantilly Electrical Co.,B,D. Brooks,WIR-1027,Wire & Cable,8,43.54,54.71,54.7,437.6,
INV-51446,2026-08-10,C1006,Blue Ridge Heating & Air,A,M. Dunn,HVA-1003,HVAC Parts,1,14.6,18.01,18.17,18.17,
INV-51446,2026-08-10,C1006,Blue Ridge Heating & Air,A,M. Dunn,WIR-1024,Wire & Cable,6,274.36,318.57,320.22,1921.32,
INV-51446,2026-08-10,C1006,Blue Ridge Heating & Air,A,M. Dunn,WIR-1030,Wire & Cable,7,123.15,138.74,138.8,971.6,
INV-51446,2026-08-10,C1006,Blue Ridge Heating & Air,A,M. Dunn,BRE-1021,Breakers & Panels,8,42.96,53.61,54.13,433.04,
INV-51446,2026-08-10,C1006,Blue Ridge Heating & Air,A,M. Dunn,LIG-1007,Lighting,15,114.08,135.54,134.51,2017.65,
INV-51446,2026-08-10,C1006,Blue Ridge Heating & Air,A,M. Dunn,HVA-1023,HVAC Parts,4,188.12,243.52,245.04,980.16,
INV-51447,2026-07-02,C1013,Bull Run HVAC Services,A,D. Brooks,WIR-1021,Wire & Cable,7,162.13,187.66,185.81,1300.67,
INV-51447,2026-07-02,C1013,Bull Run HVAC Services,A,D. Brooks,HVA-1006,HVAC Equipment,1,495.45,546.9,545.86,545.86,
INV-51447,2026-07-02,C1013,Bull Run HVAC Services,A,D. Brooks,LIG-1033,Lighting,5,27.69,35.06,35.23,176.15,
INV-51447,2026-07-02,C1013,Bull Run HVAC Services,A,D. Brooks,BRE-1013,Breakers & Panels,8,205.1,259.53,243.04,1944.32,VERBAL
INV-51447,2026-07-02,C1013,Bull Run HVAC Services,A,D. Brooks,WIR-1013,Wire & Cable,2,317.33,363.13,331.29,662.58,
INV-51447,2026-07-02,C1013,Bull Run HVAC Services,A,D. Brooks,CON-1008,Conduit & Fittings,17,3.76,4.66,4.67,79.39,
INV-51448,2026-07-20,C1035,Chantilly Contracting,B,S. Evans,HVA-1005,HVAC Equipment,2,1913.09,2273.14,2270.6,4541.2,
INV-51448,2026-07-20,C1035,Chantilly Contracting,B,S. Evans,HVA-1009,HVAC Parts,1,7.94,10.38,10.28,10.28,
INV-51449,2026-08-10,C1050,Fairfax Comfort Systems,B,R. Alvarez,HVA-1008,HVAC Equipment,1,913.36,1094.51,1103.03,1103.03,
INV-51449,2026-08-10,C1050,Fairfax Comfort Systems,B,R. Alvarez,LIG-1028,Lighting,6,42.41,58.41,58.41,350.46,
INV-51449,2026-08-10,C1050,Fairfax Comfort Systems,B,R. Alvarez,HVA-1010,HVAC Parts,8,26.77,34.79,34.87,278.96,
INV-51449,2026-08-10,C1050,Fairfax Comfort Systems,B,R. Alvarez,BRE-1026,Breakers & Panels,9,12.67,16.4,15.12,136.08,MGR
INV-51450,2026-09-01,C1034,Cardinal Power Systems,B,K. Foster,BRE-1016,Breakers & Panels,23,22.89,30.06,30.33,697.59,
INV-51450,2026-09-01,C1034,Cardinal Power Systems,B,K. Foster,BRE-1009,Breakers & Panels,2,29.59,39.28,39.09,78.18,
INV-51450,2026-09-01,C1034,Cardinal Power Systems,B,K. Foster,HVA-1023,HVAC Parts,1,188.12,267.87,269.4,269.4,
INV-51450,2026-09-01,C1034,Cardinal Power Systems,B,K. Foster,HVA-1029,HVAC Equipment,2,706.2,863.89,866.89,1733.78,
INV-51450,2026-09-01,C1034,Cardinal Power Systems,B,K. Foster,LIG-1014,Lighting,19,9.82,13.85,13.85,263.15,
INV-51451,2026-06-29,C1017,Burke Contracting,B,K. Foster,BRE-1007,Breakers & Panels,9,24.67,34.58,34.65,311.85,
INV-51451,2026-06-29,C1017,Burke Contracting,B,K. Foster,HVA-1000,HVAC Parts,6,6.37,9.06,9.01,54.06,
INV-51452,2026-09-13,C1041,Chantilly Mechanical,B,S. Evans,HVA-1029,HVAC Equipment,4,706.2,863.89,865.68,3462.72,
INV-51452,2026-09-13,C1041,Chantilly Mechanical,B,S. Evans,HVA-1025,HVAC Parts,10,66.1,94.27,94.92,949.2,
INV-51452,2026-09-13,C1041,Chantilly Mechanical,B,S. Evans,HVA-1007,HVAC Parts,1,201.93,262.7,261.97,261.97,
INV-51453,2026-07-25,C1072,Manassas Contracting,C,M. Dunn,HVA-1029,HVAC Equipment,3,706.2,932.61,936.31,2808.93,
INV-51453,2026-07-25,C1072,Manassas Contracting,C,M. Dunn,WIR-1031,Wire & Cable,27,333.43,461.37,464.87,12551.49,
INV-51453,2026-07-25,C1072,Manassas Contracting,C,M. Dunn,LIG-1011,Lighting,25,19.03,29.38,29.64,741.0,
INV-51453,2026-07-25,C1072,Manassas Contracting,C,M. Dunn,CON-1027,Conduit & Fittings,73,53.89,83.9,83.06,6063.38,
INV-51454,2026-09-02,C1041,Chantilly Mechanical,B,S. Evans,CON-1000,Conduit & Fittings,10,23.85,32.38,32.48,324.8,
INV-51454,2026-09-02,C1041,Chantilly Mechanical,B,S. Evans,WIR-1003,Wire & Cable,2,52.37,64.69,65.08,130.16,
INV-51455,2026-08-08,C1002,Blue Ridge Comfort Systems,A,S. Evans,HVA-1020,HVAC Parts,4,6.84,8.86,8.87,35.48,
INV-51455,2026-08-08,C1002,Blue Ridge Comfort Systems,A,S. Evans,BRE-1033,Breakers & Panels,2,20.29,24.12,23.99,47.98,
INV-51455,2026-08-08,C1002,Blue Ridge Comfort Systems,A,S. Evans,CON-1023,Conduit & Fittings,7,53.8,67.06,67.18,470.26,
INV-51455,2026-08-08,C1002,Blue Ridge Comfort Systems,A,S. Evans,BRE-1001,Breakers & Panels,5,38.81,45.42,42.86,214.3,
INV-51456,2026-07-07,C1118,Shenandoah Heating & Air,C,R. Alvarez,LIG-1012,Lighting,17,28.4,40.86,40.97,696.49,
INV-51456,2026-07-07,C1118,Shenandoah Heating & Air,C,R. Alvarez,CON-1009,Conduit & Fittings,4,17.71,27.1,27.28,109.12,
INV-51456,2026-07-07,C1118,Shenandoah Heating & Air,C,R. Alvarez,BRE-1035,Breakers & Panels,1,97.51,141.22,139.81,139.81,
INV-51456,2026-07-07,C1118,Shenandoah Heating & Air,C,R. Alvarez,HVA-1024,HVAC Equipment,1,2463.08,3218.36,3249.59,3249.59,
INV-51456,2026-07-07,C1118,Shenandoah Heating & Air,C,R. Alvarez,LIG-1002,Lighting,13,81.88,128.61,127.72,1660.36,
INV-51456,2026-07-07,C1118,Shenandoah Heating & Air,C,R. Alvarez,BRE-1025,Breakers & Panels,27,164.87,231.79,231.67,6255.09,
INV-51457,2026-07-25,C1050,Fairfax Comfort Systems,B,R. Alvarez,BRE-1014,Breakers & Panels,7,162.58,227.38,229.46,1606.22,
INV-51457,2026-07-25,C1050,Fairfax Comfort Systems,B,R. Alvarez,CON-1011,Conduit & Fittings,23,4.24,5.92,5.96,137.08,
INV-51457,2026-07-25,C1050,Fairfax Comfort Systems,B,R. Alvarez,WIR-1013,Wire & Cable,3,317.33,399.44,402.13,1206.39,
INV-51457,2026-07-25,C1050,Fairfax Comfort Systems,B,R. Alvarez,HVA-1028,HVAC Parts,3,6.16,8.45,8.51,25.53,
INV-51457,2026-07-25,C1050,Fairfax Comfort Systems,B,R. Alvarez,HVA-1032,HVAC Parts,1,40.36,54.88,54.86,54.86,
INV-51457,2026-07-25,C1050,Fairfax Comfort Systems,B,R. Alvarez,HVA-1012,HVAC Parts,3,26.33,33.84,34.04,102.12,
INV-51458,2026-09-07,C1008,Bull Run Comfort Systems,A,D. Brooks,LIG-1007,Lighting,3,114.08,135.54,129.52,388.56,
INV-51458,2026-09-07,C1008,Bull Run Comfort Systems,A,D. Brooks,HVA-1010,HVAC Equipment,3,1378.41,1472.2,1475.8,4427.4,
INV-51458,2026-09-07,C1008,Bull Run Comfort Systems,A,D. Brooks,CON-1015,Conduit & Fittings,41,2.29,2.78,2.79,114.39,
INV-51459,2026-08-28,C1012,Bull Run Energy Group,A,D. Brooks,WIR-1021,Wire & Cable,17,162.13,187.66,185.79,3158.43,
INV-51459,2026-08-28,C1012,Bull Run Energy Group,A,D. Brooks,WIR-1028,Wire & Cable,48,76.0,88.78,84.22,4042.56,
INV-51459,2026-08-28,C1012,Bull Run Energy Group,A,D. Brooks,WIR-1003,Wire & Cable,1,52.37,58.81,55.78,55.78,
INV-51460,2026-07-31,C1004,Blue Ridge Electrical Co.,A,T. Chen,HVA-1016,HVAC Equipment,1,1182.28,1240.67,1245.97,1245.97,
INV-51460,2026-07-31,C1004,Blue Ridge Electrical Co.,A,T. Chen,WIR-1023,Wire & Cable,2,47.27,54.11,54.07,108.14,
INV-51460,2026-07-31,C1004,Blue Ridge Electrical Co.,A,T. Chen,BRE-1008,Breakers & Panels,2,67.45,78.7,78.11,156.22,
INV-51460,2026-07-31,C1004,Blue Ridge Electrical Co.,A,T. Chen,CON-1026,Conduit & Fittings,22,36.79,48.7,48.79,1073.38,
INV-51460,2026-07-31,C1004,Blue Ridge Electrical Co.,A,T. Chen,CON-1009,Conduit & Fittings,36,17.71,22.82,22.82,821.52,
INV-51460,2026-07-31,C1004,Blue Ridge Electrical Co.,A,T. Chen,CON-1001,Conduit & Fittings,36,32.08,42.21,42.14,1517.04,
INV-51461,2026-08-15,C1049,Dulles Heating & Air,B,K. Foster,WIR-1029,Wire & Cable,5,61.38,76.02,75.74,378.7,
INV-51461,2026-08-15,C1049,Dulles Heating & Air,B,K. Foster,BRE-1015,Breakers & Panels,3,93.54,125.32,124.71,374.13,
INV-51462,2026-07-23,C1021,Burke HVAC Services,B,M. Dunn,BRE-1005,Breakers & Panels,13,159.52,211.48,212.18,2758.34,
INV-51462,2026-07-23,C1021,Burke HVAC Services,B,M. Dunn,CON-1020,Conduit & Fittings,33,32.14,45.19,44.83,1479.39,
INV-51462,2026-07-23,C1021,Burke HVAC Services,B,M. Dunn,CON-1007,Conduit & Fittings,35,3.77,5.08,5.09,178.15,
INV-51462,2026-07-23,C1021,Burke HVAC Services,B,M. Dunn,CON-1031,Conduit & Fittings,41,2.97,4.01,4.03,165.23,
INV-51463,2026-09-03,C1039,Chantilly HVAC Services,B,R. Alvarez,HVA-1016,HVAC Equipment,5,1182.28,1364.74,1359.4,6797.0,
INV-51463,2026-09-03,C1039,Chantilly HVAC Services,B,R. Alvarez,LIG-1011,Lighting,13,19.03,27.22,27.2,353.6,
INV-51463,2026-09-03,C1039,Chantilly HVAC Services,B,R. Alvarez,CON-1001,Conduit & Fittings,10,32.08,46.43,46.27,462.7,
INV-51463,2026-09-03,C1039,Chantilly HVAC Services,B,R. Alvarez,LIG-1010,Lighting,13,87.43,116.27,116.82,1518.66,
INV-51463,2026-09-03,C1039,Chantilly HVAC Services,B,R. Alvarez,HVA-1000,HVAC Parts,4,6.37,9.06,9.14,36.56,
INV-51464,2026-07-29,C1006,Blue Ridge Heating & Air,A,M. Dunn,BRE-1023,Breakers & Panels,32,34.02,39.36,39.12,1251.84,
INV-51464,2026-07-29,C1006,Blue Ridge Heating & Air,A,M. Dunn,BRE-1006,Breakers & Panels,1,18.77,23.06,23.16,23.16,
INV-51464,2026-07-29,C1006,Blue Ridge Heating & Air,A,M. Dunn,WIR-1030,Wire & Cable,8,123.15,138.74,138.26,1106.08,
INV-51465,2026-09-21,C1043,Dulles Building Services,B,T. Chen,LIG-1006,Lighting,2,17.96,25.81,25.69,51.38,
INV-51465,2026-09-21,C1043,Dulles Building Services,B,T. Chen,HVA-1003,HVAC Equipment,1,767.04,881.77,877.79,877.79,
INV-51466,2026-08-07,C1083,Occoquan Electric,C,M. Dunn,BRE-1003,Breakers & Panels,1,17.77,24.98,24.83,24.83,
INV-51466,2026-08-07,C1083,Occoquan Electric,C,M. Dunn,HVA-1028,HVAC Equipment,1,685.83,878.65,885.87,885.87,
INV-51466,2026-08-07,C1083,Occoquan Electric,C,M. Dunn,WIR-1023,Wire & Cable,4,47.27,64.26,63.76,255.04,
INV-51466,2026-08-07,C1083,Occoquan Electric,C,M. Dunn,LIG-1013,Lighting,14,9.5,13.96,13.86,194.04,
INV-51467,2026-08-30,C1011,Bull Run Electrical Co.,A,D. Brooks,CON-1009,Conduit & Fittings,6,17.71,22.82,22.7,136.2,
INV-51467,2026-08-30,C1011,Bull Run Electrical Co.,A,D. Brooks,HVA-1033,HVAC Parts,19,37.29,43.79,44.22,840.18,
INV-51467,2026-08-30,C1011,Bull Run Electrical Co.,A,D. Brooks,BRE-1024,Breakers & Panels,8,23.6,27.53,25.32,202.56,
INV-51467,2026-08-30,C1011,Bull Run Electrical Co.,A,D. Brooks,LIG-1014,Lighting,5,9.82,12.59,12.58,62.9,
INV-51468,2026-07-19,C1008,Bull Run Comfort Systems,A,D. Brooks,HVA-1033,HVAC Parts,6,37.29,43.79,43.41,260.46,
INV-51468,2026-07-19,C1008,Bull Run Comfort Systems,A,D. Brooks,LIG-1016,Lighting,33,90.5,110.62,110.57,3648.81,
INV-51468,2026-07-19,C1008,Bull Run Comfort Systems,A,D. Brooks,HVA-1016,HVAC Parts,3,11.14,14.34,14.42,43.26,
INV-51468,2026-07-19,C1008,Bull Run Comfort Systems,A,D. Brooks,BRE-1022,Breakers & Panels,10,51.87,65.5,60.24,602.4,
INV-51469,2026-08-11,C1052,Fairfax Mechanical,C,D. Brooks,LIG-1026,Lighting,3,15.8,23.36,23.27,69.81,
INV-51469,2026-08-11,C1052,Fairfax Mechanical,C,D. Brooks,WIR-1028,Wire & Cable,1,76.0,105.43,98.8,98.8,
INV-51469,2026-08-11,C1052,Fairfax Mechanical,C,D. Brooks,HVA-1005,HVAC Parts,3,90.38,125.69,125.48,376.44,
INV-51469,2026-08-11,C1052,Fairfax Mechanical,C,D. Brooks,CON-1003,Conduit & Fittings,11,2.25,3.57,3.54,38.94,
INV-51470,2026-07-02,C1040,Chantilly Heating & Air,B,K. Foster,WIR-1006,Wire & Cable,9,223.99,270.22,269.91,2429.19,
INV-51470,2026-07-02,C1040,Chantilly Heating & Air,B,K. Foster,BRE-1008,Breakers & Panels,1,67.45,86.57,85.93,85.93,
INV-51471,2026-09-02,C1010,Bull Run Electric,A,K. Foster,LIG-1026,Lighting,26,15.8,19.67,19.81,515.06,
INV-51471,2026-09-02,C1010,Bull Run Electric,A,K. Foster,WIR-1019,Wire & Cable,7,116.68,137.77,138.34,968.38,
INV-51472,2026-08-02,C1078,Mason Electric,C,D. Brooks,HVA-1009,HVAC Parts,13,7.94,11.21,11.19,145.47,
INV-51472,2026-08-02,C1078,Mason Electric,C,D. Brooks,BRE-1010,Breakers & Panels,8,41.23,56.56,56.44,451.52,
INV-51472,2026-08-02,C1078,Mason Electric,C,D. Brooks,WIR-1002,Wire & Cable,22,152.66,212.41,214.36,4715.92,
INV-51472,2026-08-02,C1078,Mason Electric,C,D. Brooks,CON-1015,Conduit & Fittings,32,2.29,3.31,3.32,106.24,
INV-51472,2026-08-02,C1078,Mason Electric,C,D. Brooks,HVA-1000,HVAC Equipment,1,402.96,535.02,536.75,536.75,
INV-51472,2026-08-02,C1078,Mason Electric,C,D. Brooks,HVA-1026,HVAC Equipment,1,478.34,634.78,632.42,632.42,
INV-51473,2026-07-23,C1003,Blue Ridge Electric,A,D. Brooks,LIG-1017,Lighting,7,36.9,44.1,44.03,308.21,
INV-51473,2026-07-23,C1003,Blue Ridge Electric,A,D. Brooks,HVA-1019,HVAC Parts,6,165.59,204.9,205.21,1231.26,
INV-51473,2026-07-23,C1003,Blue Ridge Electric,A,D. Brooks,HVA-1031,HVAC Equipment,3,1021.28,1131.8,1142.75,3428.25,
INV-51474,2026-07-24,C1100,Reston Contracting,C,K. Foster,CON-1022,Conduit & Fittings,5,3.57,5.29,5.34,26.7,
INV-51474,2026-07-24,C1100,Reston Contracting,C,K. Foster,HVA-1024,HVAC Equipment,1,2463.08,3218.36,3218.99,3218.99,
INV-51474,2026-07-24,C1100,Reston Contracting,C,K. Foster,LIG-1015,Lighting,14,64.96,98.44,98.28,1375.92,
INV-51474,2026-07-24,C1100,Reston Contracting,C,K. Foster,BRE-1003,Breakers & Panels,8,17.77,24.98,24.93,199.44,
INV-51474,2026-07-24,C1100,Reston Contracting,C,K. Foster,WIR-1015,Wire & Cable,9,35.17,47.22,47.64,428.76,
INV-51475,2026-09-01,C1110,Ridgeline Energy Group,C,M. Dunn,BRE-1027,Breakers & Panels,2,48.96,68.89,68.71,137.42,
INV-51475,2026-09-01,C1110,Ridgeline Energy Group,C,M. Dunn,WIR-1004,Wire & Cable,1,134.3,180.06,178.67,178.67,
INV-51476,2026-08-26,C1022,Burke Heating & Air,B,T. Chen,BRE-1031,Breakers & Panels,3,33.11,42.91,42.7,128.1,
INV-51476,2026-08-26,C1022,Burke Heating & Air,B,T. Chen,BRE-1031,Breakers & Panels,3,33.11,42.91,43.22,129.66,
INV-51476,2026-08-26,C1022,Burke Heating & Air,B,T. Chen,HVA-1014,HVAC Parts,13,114.93,156.02,156.87,2039.31,
INV-51477,2026-08-16,C1019,Burke Electrical Co.,B,K. Foster,LIG-1035,Lighting,2,45.87,66.67,67.07,134.14,
INV-51477,2026-08-16,C1019,Burke Electrical Co.,B,K. Foster,CON-1003,Conduit & Fittings,15,2.25,3.31,3.32,49.8,
INV-51478,2026-07-24,C1029,Capitol Mechanical,B,M. Dunn,LIG-1030,Lighting,2,127.4,174.95,175.27,350.54,
INV-51478,2026-07-24,C1029,Capitol Mechanical,B,M. Dunn,WIR-1035,Wire & Cable,5,83.22,107.26,106.72,533.6,
INV-51478,2026-07-24,C1029,Capitol Mechanical,B,M. Dunn,WIR-1023,Wire & Cable,7,47.27,59.52,59.52,416.64,
INV-51479,2026-08-28,C1012,Bull Run Energy Group,A,D. Brooks,HVA-1017,HVAC Parts,3,13.44,17.18,17.3,51.9,
INV-51479,2026-08-28,C1012,Bull Run Energy Group,A,D. Brooks,HVA-1025,HVAC Equipment,1,435.7,474.42,474.22,474.22,
INV-51479,2026-08-28,C1012,Bull Run Energy Group,A,D. Brooks,HVA-1011,HVAC Parts,7,8.86,11.51,11.46,80.22,
INV-51480,2026-09-04,C1023,Burke Mechanical,B,D. Brooks,HVA-1027,HVAC Equipment,2,2166.2,2615.96,2639.64,5279.28,
INV-51480,2026-09-04,C1023,Burke Mechanical,B,D. Brooks,BRE-1006,Breakers & Panels,7,18.77,25.36,23.18,162.26,
INV-51480,2026-09-04,C1023,Burke Mechanical,B,D. Brooks,BRE-1000,Breakers & Panels,4,42.31,58.23,58.17,232.68,
INV-51481,2026-09-26,C1006,Blue Ridge Heating & Air,A,M. Dunn,HVA-1011,HVAC Parts,2,8.86,11.51,11.49,22.98,
INV-51481,2026-09-26,C1006,Blue Ridge Heating & Air,A,M. Dunn,WIR-1016,Wire & Cable,2,87.34,97.45,96.71,193.42,
INV-51481,2026-09-26,C1006,Blue Ridge Heating & Air,A,M. Dunn,HVA-1011,HVAC Equipment,7,620.35,679.34,676.07,4732.49,
INV-51481,2026-09-26,C1006,Blue Ridge Heating & Air,A,M. Dunn,WIR-1020,Wire & Cable,15,212.93,240.9,238.89,3583.35,
INV-51481,2026-09-26,C1006,Blue Ridge Heating & Air,A,M. Dunn,BRE-1011,Breakers & Panels,1,108.7,134.17,133.8,133.8,
INV-51482,2026-09-06,C1007,Bull Run Building Services,A,M. Dunn,HVA-1017,HVAC Parts,1,13.44,17.18,17.16,17.16,
INV-51482,2026-09-06,C1007,Bull Run Building Services,A,M. Dunn,LIG-1002,Lighting,12,81.88,108.3,108.79,1305.48,
INV-51482,2026-09-06,C1007,Bull Run Building Services,A,M. Dunn,HVA-1008,HVAC Parts,21,23.36,27.9,27.69,581.49,
INV-51483,2026-07-03,C1033,Cardinal HVAC Services,B,D. Brooks,BRE-1021,Breakers & Panels,8,42.96,58.97,58.54,468.32,
INV-51483,2026-07-03,C1033,Cardinal HVAC Services,B,D. Brooks,HVA-1021,HVAC Parts,3,221.97,306.92,309.44,928.32,
INV-51483,2026-07-03,C1033,Cardinal HVAC Services,B,D. Brooks,LIG-1031,Lighting,3,46.98,67.17,67.72,203.16,
INV-51483,2026-07-03,C1033,Cardinal HVAC Services,B,D. Brooks,HVA-1008,HVAC Equipment,1,913.36,1094.51,1095.64,1095.64,
INV-51483,2026-07-03,C1033,Cardinal HVAC Services,B,D. Brooks,WIR-1027,Wire & Cable,13,43.54,54.71,49.95,649.35,
INV-51484,2026-09-12,C1023,Burke Mechanical,B,D. Brooks,LIG-1019,Lighting,21,22.4,30.18,30.1,632.1,
INV-51484,2026-09-12,C1023,Burke Mechanical,B,D. Brooks,WIR-1032,Wire & Cable,5,294.58,367.28,367.48,1837.4,
INV-51484,2026-09-12,C1023,Burke Mechanical,B,D. Brooks,CON-1014,Conduit & Fittings,3,6.03,8.79,8.8,26.4,
INV-51485,2026-07-28,C1017,Burke Contracting,B,K. Foster,WIR-1010,Wire & Cable,15,416.68,509.46,504.37,7565.55,
INV-51485,2026-07-28,C1017,Burke Contracting,B,K. Foster,LIG-1004,Lighting,5,64.29,86.85,86.62,433.1,
INV-51485,2026-07-28,C1017,Burke Contracting,B,K. Foster,HVA-1034,HVAC Equipment,1,1666.74,1994.46,1995.27,1995.27,
INV-51485,2026-07-28,C1017,Burke Contracting,B,K. Foster,HVA-1034,HVAC Equipment,2,1666.74,1994.46,1998.81,3997.62,
INV-51486,2026-07-05,C1038,Chantilly Energy Group,B,S. Evans,BRE-1001,Breakers & Panels,2,38.81,49.97,49.54,99.08,
INV-51486,2026-07-05,C1038,Chantilly Energy Group,B,S. Evans,CON-1005,Conduit & Fittings,31,4.97,7.09,7.06,218.86,
INV-51486,2026-07-05,C1038,Chantilly Energy Group,B,S. Evans,WIR-1011,Wire & Cable,4,126.22,154.44,153.59,614.36,
INV-51487,2026-07-01,C1100,Reston Contracting,C,K. Foster,LIG-1019,Lighting,13,22.4,32.58,32.88,427.44,
INV-51487,2026-07-01,C1100,Reston Contracting,C,K. Foster,LIG-1019,Lighting,7,22.4,32.58,32.43,227.01,
INV-51487,2026-07-01,C1100,Reston Contracting,C,K. Foster,BRE-1035,Breakers & Panels,9,97.51,141.22,142.16,1279.44,
INV-51487,2026-07-01,C1100,Reston Contracting,C,K. Foster,HVA-1000,HVAC Equipment,1,402.96,535.02,535.17,535.17,
INV-51487,2026-07-01,C1100,Reston Contracting,C,K. Foster,BRE-1009,Breakers & Panels,4,29.59,42.41,42.63,170.52,
INV-51487,2026-07-01,C1100,Reston Contracting,C,K. Foster,LIG-1012,Lighting,6,28.4,40.86,40.97,245.82,
INV-51488,2026-09-08,C1005,Blue Ridge Energy Group,A,M. Dunn,WIR-1008,Wire & Cable,9,100.04,117.47,117.7,1059.3,
INV-51488,2026-09-08,C1005,Blue Ridge Energy Group,A,M. Dunn,BRE-1009,Breakers & Panels,5,29.59,35.71,35.44,177.2,
INV-51488,2026-09-08,C1005,Blue Ridge Energy Group,A,M. Dunn,CON-1001,Conduit & Fittings,10,32.08,42.21,42.5,425.0,
INV-51489,2026-09-24,C1101,Reston Electric,C,R. Alvarez,BRE-1030,Breakers & Panels,16,12.43,17.18,17.05,272.8,
INV-51489,2026-09-24,C1101,Reston Electric,C,R. Alvarez,HVA-1034,HVAC Parts,7,21.98,32.25,32.11,224.77,
INV-51489,2026-09-24,C1101,Reston Electric,C,R. Alvarez,HVA-1009,HVAC Equipment,2,1188.73,1573.7,1584.35,3168.7,
INV-51490,2026-07-01,C1012,Bull Run Energy Group,A,D. Brooks,BRE-1008,Breakers & Panels,10,67.45,78.7,73.21,732.1,VERBAL
INV-51490,2026-07-01,C1012,Bull Run Energy Group,A,D. Brooks,HVA-1011,HVAC Equipment,2,620.35,679.34,673.13,1346.26,
INV-51490,2026-07-01,C1012,Bull Run Energy Group,A,D. Brooks,CON-1007,Conduit & Fittings,15,3.77,4.62,4.65,69.75,
INV-51490,2026-07-01,C1012,Bull Run Energy Group,A,D. Brooks,CON-1029,Conduit & Fittings,15,15.74,19.34,19.15,287.25,
INV-51490,2026-07-01,C1012,Bull Run Energy Group,A,D. Brooks,LIG-1029,Lighting,6,98.21,119.67,118.51,711.06,
INV-51490,2026-07-01,C1012,Bull Run Energy Group,A,D. Brooks,HVA-1000,HVAC Equipment,3,402.96,450.54,446.89,1340.67,
INV-51491,2026-07-13,C1001,Blue Ridge Building Services,A,M. Dunn,CON-1028,Conduit & Fittings,12,8.95,12.22,12.21,146.52,
INV-51491,2026-07-13,C1001,Blue Ridge Building Services,A,M. Dunn,BRE-1016,Breakers & Panels,1,22.89,27.33,27.51,27.51,
INV-51491,2026-07-13,C1001,Blue Ridge Building Services,A,M. Dunn,CON-1018,Conduit & Fittings,8,4.8,6.39,6.43,51.44,
INV-51491,2026-07-13,C1001,Blue Ridge Building Services,A,M. Dunn,WIR-1024,Wire & Cable,2,274.36,318.57,317.19,634.38,
INV-51491,2026-07-13,C1001,Blue Ridge Building Services,A,M. Dunn,WIR-1013,Wire & Cable,7,317.33,363.13,362.05,2534.35,
INV-51491,2026-07-13,C1001,Blue Ridge Building Services,A,M. Dunn,CON-1034,Conduit & Fittings,3,17.7,22.0,22.02,66.06,
INV-51492,2026-08-31,C1035,Chantilly Contracting,B,S. Evans,LIG-1007,Lighting,6,114.08,149.09,148.75,892.5,
INV-51492,2026-08-31,C1035,Chantilly Contracting,B,S. Evans,WIR-1035,Wire & Cable,2,83.22,107.26,100.85,201.7,
INV-51492,2026-08-31,C1035,Chantilly Contracting,B,S. Evans,BRE-1022,Breakers & Panels,4,51.87,72.05,65.43,261.72,
INV-51492,2026-08-31,C1035,Chantilly Contracting,B,S. Evans,WIR-1016,Wire & Cable,3,87.34,107.19,99.09,297.27,
INV-51492,2026-08-31,C1035,Chantilly Contracting,B,S. Evans,LIG-1018,Lighting,14,40.2,55.41,55.32,774.48,
INV-51492,2026-08-31,C1035,Chantilly Contracting,B,S. Evans,CON-1026,Conduit & Fittings,3,36.79,53.57,53.32,159.96,
INV-51493,2026-08-28,C1028,Capitol HVAC Services,B,S. Evans,HVA-1034,HVAC Parts,4,21.98,29.88,29.63,118.52,
INV-51493,2026-08-28,C1028,Capitol HVAC Services,B,S. Evans,CON-1021,Conduit & Fittings,6,8.73,12.92,12.82,76.92,
INV-51494,2026-08-23,C1002,Blue Ridge Comfort Systems,A,S. Evans,HVA-1002,HVAC Equipment,1,1734.3,1847.29,1835.71,1835.71,
INV-51494,2026-08-23,C1002,Blue Ridge Comfort Systems,A,S. Evans,HVA-1006,HVAC Equipment,1,495.45,546.9,551.32,551.32,
INV-51494,2026-08-23,C1002,Blue Ridge Comfort Systems,A,S. Evans,CON-1029,Conduit & Fittings,8,15.74,19.34,19.28,154.24,
INV-51494,2026-08-23,C1002,Blue Ridge Comfort Systems,A,S. Evans,LIG-1015,Lighting,24,64.96,82.9,82.71,1985.04,
INV-51494,2026-08-23,C1002,Blue Ridge Comfort Systems,A,S. Evans,LIG-1030,Lighting,35,127.4,159.05,159.19,5571.65,
INV-51494,2026-08-23,C1002,Blue Ridge Comfort Systems,A,S. Evans,LIG-1008,Lighting,1,37.77,44.8,45.08,45.08,
INV-51495,2026-07-12,C1048,Dulles HVAC Services,B,R. Alvarez,CON-1026,Conduit & Fittings,15,36.79,53.57,53.52,802.8,
INV-51495,2026-07-12,C1048,Dulles HVAC Services,B,R. Alvarez,BRE-1021,Breakers & Panels,3,42.96,58.97,59.11,177.33,
INV-51495,2026-07-12,C1048,Dulles HVAC Services,B,R. Alvarez,LIG-1012,Lighting,2,28.4,37.85,37.89,75.78,
INV-51496,2026-07-06,C1004,Blue Ridge Electrical Co.,A,T. Chen,HVA-1002,HVAC Parts,13,33.4,39.58,39.84,517.92,
INV-51496,2026-07-06,C1004,Blue Ridge Electrical Co.,A,T. Chen,HVA-1005,HVAC Equipment,1,1913.09,2066.49,2064.55,2064.55,
INV-51496,2026-07-06,C1004,Blue Ridge Electrical Co.,A,T. Chen,CON-1019,Conduit & Fittings,17,3.49,4.34,4.34,73.78,
INV-51497,2026-08-10,C1078,Mason Electric,C,D. Brooks,HVA-1032,HVAC Parts,5,40.36,59.24,58.86,294.3,
INV-51497,2026-08-10,C1078,Mason Electric,C,D. Brooks,CON-1000,Conduit & Fittings,11,23.85,34.96,34.8,382.8,
INV-51497,2026-08-10,C1078,Mason Electric,C,D. Brooks,LIG-1004,Lighting,15,64.29,93.76,93.62,1404.3,
INV-51498,2026-07-03,C1016,Burke Building Services,B,K. Foster,BRE-1017,Breakers & Panels,6,33.16,46.23,46.36,278.16,
INV-51498,2026-07-03,C1016,Burke Building Services,B,K. Foster,HVA-1029,HVAC Parts,26,7.05,10.01,9.96,258.96,
INV-51498,2026-07-03,C1016,Burke Building Services,B,K. Foster,HVA-1026,HVAC Parts,2,7.14,9.26,9.27,18.54,
INV-51498,2026-07-03,C1016,Burke Building Services,B,K. Foster,LIG-1007,Lighting,13,114.08,149.09,149.01,1937.13,
INV-51498,2026-07-03,C1016,Burke Building Services,B,K. Foster,CON-1008,Conduit & Fittings,7,3.76,5.12,5.15,36.05,
INV-51498,2026-07-03,C1016,Burke Building Services,B,K. Foster,LIG-1031,Lighting,11,46.98,67.17,66.61,732.71,
INV-51499,2026-09-02,C1071,Manassas Comfort Systems,C,K. Foster,LIG-1034,Lighting,3,44.13,63.04,62.9,188.7,
INV-51499,2026-09-02,C1071,Manassas Comfort Systems,C,K. Foster,HVA-1035,HVAC Parts,7,33.23,47.25,47.33,331.31,
INV-51499,2026-09-02,C1071,Manassas Comfort Systems,C,K. Foster,HVA-1034,HVAC Equipment,1,1666.74,2153.11,2142.66,2142.66,
INV-51499,2026-09-02,C1071,Manassas Comfort Systems,C,K. Foster,CON-1014,Conduit & Fittings,35,6.03,9.49,9.51,332.85,
INV-51500,2026-09-06,C1047,Dulles Energy Group,B,T. Chen,HVA-1001,HVAC Equipment,2,1321.74,1618.86,1615.1,3230.2,
INV-51500,2026-09-06,C1047,Dulles Energy Group,B,T. Chen,WIR-1016,Wire & Cable,2,87.34,107.19,106.75,213.5,
INV-51500,2026-09-06,C1047,Dulles Energy Group,B,T. Chen,BRE-1015,Breakers & Panels,7,93.54,125.32,121.2,848.4,
INV-51500,2026-09-06,C1047,Dulles Energy Group,B,T. Chen,LIG-1010,Lighting,9,87.43,116.27,116.26,1046.34,
